CodigoProduto,Ano,Mes,MetaQuantidade,MetaValor
P001,2024,1,78,784.85
P001,2024,2,78,938.56
P001,2024,3,5,876.61
P001,2024,4,79,1853.84
P001,2024,5,32,1324.73
P001,2024,6,39,240.81
P001,2024,7,42,1549.17
P001,2024,8,33,53.19
P001,2024,9,46,1725.79
P001,2024,10,55,1357.02
P001,2024,11,55,313.51
P001,2024,12,20,555.67
P002,2024,1,50,516.51
P002,2024,2,59,227.08
P002,2024,3,9,518.0
P002,2024,4,68,553.31
P002,2024,5,92,467.94
P002,2024,6,69,1044.77
P002,2024,7,4,671.85
P002,2024,8,77,1918.7
P002,2024,9,87,626.2
P002,2024,10,25,1617.3
P002,2024,11,66,208.38
P002,2024,12,45,258.03
P003,2024,1,66,701.6
P003,2024,2,48,1737.75
P003,2024,3,62,415.22
P003,2024,4,99,513.67
P003,2024,5,71,958.12
P003,2024,6,8,785.85
P003,2024,7,50,1134.74
P003,2024,8,65,1736.63
P003,2024,9,38,1595.27
P003,2024,10,92,563.54
P003,2024,11,36,1429.43
P003,2024,12,62,440.14
P004,2024,1,88,1068.28
P004,2024,2,63,640.35
P004,2024,3,90,1302.78
P004,2024,4,28,515.59
P004,2024,5,54,745.9
P004,2024,6,96,1216.69
P004,2024,7,33,1420.78
P004,2024,8,63,270.19
P004,2024,9,97,83.06
P004,2024,10,8,706.06
P004,2024,11,4,1688.19
P004,2024,12,55,1952.08
P005,2024,1,46,68.43
P005,2024,2,51,1429.06
P005,2024,3,14,740.01
P005,2024,4,96,1245.1
P005,2024,5,91,921.99
P005,2024,6,96,1588.22
P005,2024,7,40,1149.72
P005,2024,8,84,1107.62
P005,2024,9,4,1230.06
P005,2024,10,60,1812.24
P005,2024,11,28,1352.25
P005,2024,12,90,122.76
P006,2024,1,5,698.93
P006,2024,2,42,778.9
P006,2024,3,80,71.86
P006,2024,4,28,156.17
P006,2024,5,54,728.96
P006,2024,6,96,1124.74
P006,2024,7,63,588.69
P006,2024,8,83,86.71
P006,2024,9,43,389.51
P006,2024,10,24,974.31
P006,2024,11,10,1585.75
P006,2024,12,68,1861.09
P007,2024,1,80,1274.94
P007,2024,2,38,807.62
P007,2024,3,82,105.94
P007,2024,4,7,733.46
P007,2024,5,62,937.13
P007,2024,6,94,56.43
P007,2024,7,72,1627.25
P007,2024,8,1,1390.78
P007,2024,9,100,1888.99
P007,2024,10,22,1497.87
P007,2024,11,16,840.03
P007,2024,12,3,1547.67
P008,2024,1,34,1222.14
P008,2024,2,55,256.58
P008,2024,3,41,345.28
P008,2024,4,75,1071.92
P008,2024,5,35,38.26
P008,2024,6,37,1572.06
P008,2024,7,12,1894.56
P008,2024,8,66,879.85
P008,2024,9,9,181.09
P008,2024,10,97,1007.6
P008,2024,11,89,732.37
P008,2024,12,77,1222.67
P009,2024,1,2,1963.89
P009,2024,2,16,403.36
P009,2024,3,87,1878.43
P009,2024,4,6,1804.95
P009,2024,5,68,1543.64
P009,2024,6,7,589.11
P009,2024,7,42,564.37
P009,2024,8,32,363.68
P009,2024,9,13,1116.52
P009,2024,10,51,314.38
P009,2024,11,19,1867.33
P009,2024,12,74,507.36
P010,2024,1,25,1962.66
P010,2024,2,79,1877.14
P010,2024,3,10,1862.16
P010,2024,4,98,1928.55
P010,2024,5,41,934.64
P010,2024,6,88,1216.94
P010,2024,7,19,457.4
P010,2024,8,6,1104.53
P010,2024,9,47,480.31
P010,2024,10,28,1480.58
P010,2024,11,69,1899.29
P010,2024,12,58,1654.54
P011,2024,1,70,1718.54
P011,2024,2,40,1203.68
P011,2024,3,38,1604.33
P011,2024,4,99,1705.25
P011,2024,5,55,1380.92
P011,2024,6,13,1060.41
P011,2024,7,64,1214.67
P011,2024,8,88,188.25
P011,2024,9,75,359.07
P011,2024,10,67,187.91
P011,2024,11,14,1427.46
P011,2024,12,28,300.54
P012,2024,1,38,1471.57
P012,2024,2,84,1499.52
P012,2024,3,34,1711.53
P012,2024,4,58,569.13
P012,2024,5,97,533.61
P012,2024,6,66,1100.13
P012,2024,7,83,425.97
P012,2024,8,84,1616.25
P012,2024,9,21,279.15
P012,2024,10,18,1355.27
P012,2024,11,79,1805.85
P012,2024,12,34,731.51
P013,2024,1,51,968.5
P013,2024,2,60,881.55
P013,2024,3,58,1190.02
P013,2024,4,49,1372.35
P013,2024,5,1,1789.55
P013,2024,6,87,38.09
P013,2024,7,2,1372.94
P013,2024,8,13,1763.76
P013,2024,9,19,1543.3
P013,2024,10,75,274.98
P013,2024,11,57,1844.48
P013,2024,12,94,88.0
P014,2024,1,80,1346.85
P014,2024,2,23,360.04
P014,2024,3,77,240.84
P014,2024,4,24,1303.02
P014,2024,5,52,1727.19
P014,2024,6,36,117.13
P014,2024,7,87,1620.08
P014,2024,8,48,1595.16
P014,2024,9,60,1408.15
P014,2024,10,69,1716.7
P014,2024,11,9,950.07
P014,2024,12,74,1131.93
P015,2024,1,60,909.15
P015,2024,2,15,1999.36
P015,2024,3,43,425.21
P015,2024,4,40,561.29
P015,2024,5,7,1800.04
P015,2024,6,8,1932.66
P015,2024,7,92,609.01
P015,2024,8,52,1525.11
P015,2024,9,6,752.74
P015,2024,10,82,1517.16
P015,2024,11,29,1943.56
P015,2024,12,66,894.53
P016,2024,1,16,315.59
P016,2024,2,73,1413.87
P016,2024,3,78,1121.45
P016,2024,4,61,524.97
P016,2024,5,12,1405.98
P016,2024,6,79,472.72
P016,2024,7,82,1953.37
P016,2024,8,91,732.56
P016,2024,9,89,1920.04
P016,2024,10,92,993.71
P016,2024,11,40,808.02
P016,2024,12,35,1578.95
P017,2024,1,68,885.66
P017,2024,2,60,973.68
P017,2024,3,88,1737.93
P017,2024,4,18,1054.01
P017,2024,5,91,1283.97
P017,2024,6,29,1398.81
P017,2024,7,30,1351.36
P017,2024,8,32,807.12
P017,2024,9,73,1679.41
P017,2024,10,37,653.9
P017,2024,11,31,1216.09
P017,2024,12,12,272.81
P018,2024,1,8,1949.88
P018,2024,2,71,738.66
P018,2024,3,100,1577.16
P018,2024,4,32,341.76
P018,2024,5,56,85.61
P018,2024,6,65,154.79
P018,2024,7,65,368.86
P018,2024,8,43,372.33
P018,2024,9,24,675.29
P018,2024,10,48,530.86
P018,2024,11,56,1183.25
P018,2024,12,90,1184.49
P019,2024,1,41,465.07
P019,2024,2,52,169.5
P019,2024,3,11,807.25
P019,2024,4,33,1107.69
P019,2024,5,18,690.64
P019,2024,6,31,526.21
P019,2024,7,96,252.14
P019,2024,8,22,210.66
P019,2024,9,97,873.25
P019,2024,10,11,39.18
P019,2024,11,92,740.02
P019,2024,12,35,204.2
P020,2024,1,98,1939.38
P020,2024,2,19,1444.91
P020,2024,3,61,1021.9
P020,2024,4,20,1504.4
P020,2024,5,52,1064.6
P020,2024,6,96,501.96
P020,2024,7,47,497.16
P020,2024,8,2,670.54
P020,2024,9,70,1760.32
P020,2024,10,81,391.12
P020,2024,11,61,1758.9
P020,2024,12,54,1891.46
P021,2024,1,11,1765.18
P021,2024,2,99,1460.02
P021,2024,3,86,1065.76
P021,2024,4,73,1791.05
P021,2024,5,17,255.93
P021,2024,6,78,998.75
P021,2024,7,84,1251.78
P021,2024,8,43,1302.31
P021,2024,9,35,161.49
P021,2024,10,17,841.85
P021,2024,11,71,1996.87
P021,2024,12,34,1682.81
P022,2024,1,9,627.12
P022,2024,2,42,1277.48
P022,2024,3,65,1074.66
P022,2024,4,61,149.57
P022,2024,5,71,1721.79
P022,2024,6,80,144.56
P022,2024,7,41,634.48
P022,2024,8,10,973.92
P022,2024,9,30,1794.88
P022,2024,10,49,358.1
P022,2024,11,17,1234.04
P022,2024,12,37,469.76
P023,2024,1,7,464.02
P023,2024,2,63,620.31
P023,2024,3,12,549.87
P023,2024,4,32,334.86
P023,2024,5,63,339.52
P023,2024,6,27,582.44
P023,2024,7,63,592.15
P023,2024,8,3,562.16
P023,2024,9,98,1596.91
P023,2024,10,20,1415.91
P023,2024,11,49,740.72
P023,2024,12,82,1703.93
P024,2024,1,72,911.17
P024,2024,2,80,1065.8
P024,2024,3,91,1913.88
P024,2024,4,55,1378.58
P024,2024,5,63,59.05
P024,2024,6,83,1246.63
P024,2024,7,83,1505.25
P024,2024,8,25,444.59
P024,2024,9,87,1280.64
P024,2024,10,96,1121.1
P024,2024,11,51,607.55
P024,2024,12,38,318.56
P025,2024,1,18,1778.43
P025,2024,2,49,1054.47
P025,2024,3,10,1534.06
P025,2024,4,35,1100.98
P025,2024,5,29,1871.75
P025,2024,6,15,345.58
P025,2024,7,20,1572.03
P025,2024,8,46,1906.4
P025,2024,9,31,1296.01
P025,2024,10,6,1180.43
P025,2024,11,20,1542.46
P025,2024,12,44,211.0
P026,2024,1,76,1847.43
P026,2024,2,81,1939.71
P026,2024,3,77,1065.25
P026,2024,4,73,726.89
P026,2024,5,67,1363.19
P026,2024,6,66,1294.39
P026,2024,7,4,1913.63
P026,2024,8,59,1098.87
P026,2024,9,39,1836.14
P026,2024,10,56,1559.15
P026,2024,11,20,1983.21
P026,2024,12,38,1027.59
P027,2024,1,57,1794.92
P027,2024,2,73,1271.62
P027,2024,3,36,999.78
P027,2024,4,37,487.9
P027,2024,5,46,628.24
P027,2024,6,9,209.61
P027,2024,7,37,1757.59
P027,2024,8,45,714.73
P027,2024,9,85,1239.87
P027,2024,10,78,1057.47
P027,2024,11,92,346.72
P027,2024,12,35,660.25
P028,2024,1,9,1854.03
P028,2024,2,44,1511.04
P028,2024,3,89,100.24
P028,2024,4,74,1800.27
P028,2024,5,96,745.68
P028,2024,6,57,1819.37
P028,2024,7,80,1405.7
P028,2024,8,25,362.36
P028,2024,9,56,276.04
P028,2024,10,71,1679.84
P028,2024,11,83,1411.56
P028,2024,12,95,1650.67
P029,2024,1,67,765.82
P029,2024,2,57,1746.8
P029,2024,3,10,151.4
P029,2024,4,17,291.22
P029,2024,5,56,496.09
P029,2024,6,39,1116.88
P029,2024,7,67,278.3
P029,2024,8,48,1726.07
P029,2024,9,25,436.76
P029,2024,10,48,880.19
P029,2024,11,82,643.06
P029,2024,12,58,444.79
P030,2024,1,12,1784.16
P030,2024,2,71,110.58
P030,2024,3,80,1291.79
P030,2024,4,42,830.11
P030,2024,5,20,990.36
P030,2024,6,58,268.56
P030,2024,7,35,1823.81
P030,2024,8,63,1556.42
P030,2024,9,13,1107.94
P030,2024,10,73,633.5
P030,2024,11,87,300.55
P030,2024,12,36,1354.49
P031,2024,1,99,1746.41
P031,2024,2,35,151.94
P031,2024,3,67,147.1
P031,2024,4,59,156.59
P031,2024,5,39,783.58
P031,2024,6,32,562.95
P031,2024,7,47,1443.72
P031,2024,8,93,1924.77
P031,2024,9,99,1013.67
P031,2024,10,59,526.11
P031,2024,11,49,1956.52
P031,2024,12,98,171.78
P032,2024,1,92,993.69
P032,2024,2,57,1048.65
P032,2024,3,72,575.7
P032,2024,4,80,1594.73
P032,2024,5,68,1362.9
P032,2024,6,66,920.27
P032,2024,7,15,1180.44
P032,2024,8,63,1458.62
P032,2024,9,1,219.76
P032,2024,10,43,764.06
P032,2024,11,12,822.4
P032,2024,12,60,405.96
P033,2024,1,38,984.13
P033,2024,2,29,682.21
P033,2024,3,23,1407.72
P033,2024,4,1,1997.37
P033,2024,5,60,630.6
P033,2024,6,40,1381.82
P033,2024,7,9,105.27
P033,2024,8,78,529.9
P033,2024,9,76,1185.88
P033,2024,10,31,1060.74
P033,2024,11,24,163.01
P033,2024,12,43,1013.78
P034,2024,1,37,678.03
P034,2024,2,33,1096.82
P034,2024,3,94,475.74
P034,2024,4,23,1859.09
P034,2024,5,35,1999.15
P034,2024,6,4,825.67
P034,2024,7,7,222.92
P034,2024,8,41,921.29
P034,2024,9,65,1001.53
P034,2024,10,66,1875.09
P034,2024,11,47,904.36
P034,2024,12,93,499.35
P035,2024,1,51,886.2
P035,2024,2,16,448.91
P035,2024,3,28,1393.27
P035,2024,4,20,1305.0
P035,2024,5,77,832.99
P035,2024,6,24,1773.28
P035,2024,7,13,1089.14
P035,2024,8,52,1225.75
P035,2024,9,67,606.54
P035,2024,10,78,1195.59
P035,2024,11,29,1727.16
P035,2024,12,88,799.01
P036,2024,1,95,810.43
P036,2024,2,95,59.92
P036,2024,3,54,1690.05
P036,2024,4,39,1170.09
P036,2024,5,91,1985.22
P036,2024,6,82,427.14
P036,2024,7,4,1455.55
P036,2024,8,31,1930.42
P036,2024,9,18,926.31
P036,2024,10,6,1626.76
P036,2024,11,77,41.61
P036,2024,12,29,251.94
P037,2024,1,37,1284.19
P037,2024,2,12,1846.7
P037,2024,3,70,324.87
P037,2024,4,80,74.25
P037,2024,5,80,1142.21
P037,2024,6,35,793.28
P037,2024,7,47,1837.19
P037,2024,8,40,1226.18
P037,2024,9,86,1851.57
P037,2024,10,80,1969.73
P037,2024,11,91,440.79
P037,2024,12,11,840.84
P038,2024,1,21,958.82
P038,2024,2,49,44.46
P038,2024,3,56,135.15
P038,2024,4,61,231.31
P038,2024,5,14,1160.23
P038,2024,6,32,1429.05
P038,2024,7,52,1166.5
P038,2024,8,25,1723.14
P038,2024,9,20,207.53
P038,2024,10,26,806.84
P038,2024,11,15,1103.79
P038,2024,12,26,588.3
P039,2024,1,92,939.81
P039,2024,2,31,483.93
P039,2024,3,44,204.02
P039,2024,4,72,679.38
P039,2024,5,70,512.08
P039,2024,6,71,781.87
P039,2024,7,55,394.03
P039,2024,8,53,1674.66
P039,2024,9,64,438.11
P039,2024,10,45,430.34
P039,2024,11,87,433.45
P039,2024,12,71,1666.08
P040,2024,1,41,1200.13
P040,2024,2,8,387.03
P040,2024,3,81,1816.77
P040,2024,4,57,846.42
P040,2024,5,79,401.35
P040,2024,6,7,1698.85
P040,2024,7,38,708.44
P040,2024,8,89,1441.71
P040,2024,9,7,428.15
P040,2024,10,26,1917.72
P040,2024,11,51,773.12
P040,2024,12,7,1274.3
P041,2024,1,4,895.26
P041,2024,2,26,685.03
P041,2024,3,88,883.26
P041,2024,4,3,1139.37
P041,2024,5,65,326.52
P041,2024,6,7,1250.78
P041,2024,7,81,320.34
P041,2024,8,80,1927.06
P041,2024,9,96,1445.68
P041,2024,10,9,1871.4
P041,2024,11,75,785.69
P041,2024,12,41,1508.65
P042,2024,1,53,1256.51
P042,2024,2,93,1728.86
P042,2024,3,47,78.18
P042,2024,4,72,1149.81
P042,2024,5,46,876.61
P042,2024,6,75,107.87
P042,2024,7,55,1823.13
P042,2024,8,10,892.49
P042,2024,9,26,1256.11
P042,2024,10,49,1327.08
P042,2024,11,76,1461.16
P042,2024,12,68,1409.3
P043,2024,1,50,1892.41
P043,2024,2,15,1723.94
P043,2024,3,35,758.22
P043,2024,4,59,1699.26
P043,2024,5,8,1328.41
P043,2024,6,38,195.44
P043,2024,7,58,1888.13
P043,2024,8,89,1954.07
P043,2024,9,46,1185.58
P043,2024,10,48,1448.89
P043,2024,11,89,504.47
P043,2024,12,67,1740.29
P044,2024,1,62,741.89
P044,2024,2,27,816.47
P044,2024,3,84,1294.82
P044,2024,4,6,1708.73
P044,2024,5,66,1026.78
P044,2024,6,10,1441.69
P044,2024,7,27,791.19
P044,2024,8,38,1144.88
P044,2024,9,47,1998.27
P044,2024,10,37,69.9
P044,2024,11,10,1555.97
P044,2024,12,6,1715.08
P045,2024,1,80,1599.32
P045,2024,2,2,72.6
P045,2024,3,46,1979.58
P045,2024,4,40,621.83
P045,2024,5,80,1557.7
P045,2024,6,31,976.97
P045,2024,7,13,1936.25
P045,2024,8,24,1007.58
P045,2024,9,15,198.74
P045,2024,10,31,1131.22
P045,2024,11,17,652.45
P045,2024,12,82,198.57
P046,2024,1,73,877.93
P046,2024,2,6,947.01
P046,2024,3,46,34.57
P046,2024,4,79,979.89
P046,2024,5,75,1978.23
P046,2024,6,48,1733.74
P046,2024,7,21,1775.12
P046,2024,8,90,332.92
P046,2024,9,41,56.3
P046,2024,10,48,811.91
P046,2024,11,44,734.62
P046,2024,12,3,1400.31
P047,2024,1,25,1235.51
P047,2024,2,50,1951.2
P047,2024,3,23,116.93
P047,2024,4,85,1314.48
P047,2024,5,3,1736.06
P047,2024,6,61,439.57
P047,2024,7,87,1978.46
P047,2024,8,69,101.07
P047,2024,9,21,810.14
P047,2024,10,50,1486.22
P047,2024,11,86,1686.7
P047,2024,12,82,1189.29
P048,2024,1,1,1373.29
P048,2024,2,68,1878.57
P048,2024,3,44,1720.75
P048,2024,4,38,1927.65
P048,2024,5,58,1164.29
P048,2024,6,65,1382.33
P048,2024,7,58,1783.72
P048,2024,8,29,36.42
P048,2024,9,97,1381.56
P048,2024,10,20,1767.07
P048,2024,11,80,1926.8
P048,2024,12,40,1981.81
P049,2024,1,60,640.46
P049,2024,2,85,1761.02
P049,2024,3,42,1142.96
P049,2024,4,59,1821.06
P049,2024,5,1,757.66
P049,2024,6,24,1087.45
P049,2024,7,28,472.65
P049,2024,8,3,536.56
P049,2024,9,20,1499.42
P049,2024,10,75,1313.82
P049,2024,11,70,1776.18
P049,2024,12,64,1686.44
P050,2024,1,73,1591.78
P050,2024,2,36,723.23
P050,2024,3,10,130.7
P050,2024,4,5,1198.95
P050,2024,5,44,1078.85
P050,2024,6,50,1613.68
P050,2024,7,78,1314.3
P050,2024,8,2,818.08
P050,2024,9,46,1019.75
P050,2024,10,50,1695.11
P050,2024,11,39,455.71
P050,2024,12,52,642.5
P051,2024,1,11,1399.48
P051,2024,2,66,1278.25
P051,2024,3,73,600.17
P051,2024,4,36,310.32
P051,2024,5,57,1767.89
P051,2024,6,29,135.19
P051,2024,7,66,1839.6
P051,2024,8,61,541.48
P051,2024,9,17,319.36
P051,2024,10,12,651.72
P051,2024,11,35,1923.71
P051,2024,12,92,1844.66
P052,2024,1,36,520.99
P052,2024,2,82,1699.61
P052,2024,3,65,655.74
P052,2024,4,63,1451.25
P052,2024,5,16,448.62
P052,2024,6,50,1047.78
P052,2024,7,3,1134.14
P052,2024,8,55,987.16
P052,2024,9,4,727.24
P052,2024,10,3,1975.47
P052,2024,11,32,182.4
P052,2024,12,35,719.25
P053,2024,1,29,1782.21
P053,2024,2,81,1975.47
P053,2024,3,53,350.34
P053,2024,4,98,1818.05
P053,2024,5,47,1572.22
P053,2024,6,8,1656.89
P053,2024,7,57,1393.5
P053,2024,8,52,1766.37
P053,2024,9,46,1907.17
P053,2024,10,53,706.31
P053,2024,11,26,783.75
P053,2024,12,13,73.98
P054,2024,1,3,1356.68
P054,2024,2,62,1717.11
P054,2024,3,49,1885.04
P054,2024,4,68,808.68
P054,2024,5,14,1005.67
P054,2024,6,1,1632.15
P054,2024,7,73,376.08
P054,2024,8,37,1982.45
P054,2024,9,40,651.28
P054,2024,10,22,973.09
P054,2024,11,73,1479.77
P054,2024,12,29,897.38
P055,2024,1,54,1211.12
P055,2024,2,46,1268.53
P055,2024,3,98,1866.51
P055,2024,4,42,757.77
P055,2024,5,76,328.57
P055,2024,6,86,1421.46
P055,2024,7,28,1387.52
P055,2024,8,9,1087.85
P055,2024,9,13,947.09
P055,2024,10,76,282.32
P055,2024,11,67,558.67
P055,2024,12,64,931.77
P056,2024,1,49,562.44
P056,2024,2,35,1674.38
P056,2024,3,53,264.19
P056,2024,4,95,1861.53
P056,2024,5,100,150.37
P056,2024,6,67,1358.9
P056,2024,7,48,1472.87
P056,2024,8,17,426.69
P056,2024,9,60,638.28
P056,2024,10,64,1905.52
P056,2024,11,53,240.37
P056,2024,12,58,1063.42
P057,2024,1,1,1054.09
P057,2024,2,27,1216.88
P057,2024,3,15,406.72
P057,2024,4,6,992.46
P057,2024,5,59,727.77
P057,2024,6,82,1145.43
P057,2024,7,92,1667.26
P057,2024,8,76,1971.74
P057,2024,9,26,1700.37
P057,2024,10,7,825.45
P057,2024,11,73,1252.72
P057,2024,12,14,1109.2
P058,2024,1,57,1443.04
P058,2024,2,71,651.94
P058,2024,3,74,671.66
P058,2024,4,56,1402.8
P058,2024,5,93,1882.49
P058,2024,6,57,1055.47
P058,2024,7,18,870.4
P058,2024,8,98,264.16
P058,2024,9,66,520.7
P058,2024,10,8,1093.17
P058,2024,11,47,261.46
P058,2024,12,40,600.78
P059,2024,1,38,63.49
P059,2024,2,100,796.49
P059,2024,3,83,521.45
P059,2024,4,46,1005.23
P059,2024,5,57,1169.64
P059,2024,6,97,1448.95
P059,2024,7,31,1767.49
P059,2024,8,45,714.8
P059,2024,9,100,1835.4
P059,2024,10,14,523.57
P059,2024,11,26,146.27
P059,2024,12,65,1927.21
P060,2024,1,24,1553.84
P060,2024,2,82,373.6
P060,2024,3,3,1666.27
P060,2024,4,58,223.83
P060,2024,5,86,958.69
P060,2024,6,20,311.35
P060,2024,7,95,1814.28
P060,2024,8,81,1138.11
P060,2024,9,58,111.87
P060,2024,10,17,1867.85
P060,2024,11,65,750.53
P060,2024,12,14,1676.05
P061,2024,1,66,1654.06
P061,2024,2,10,342.31
P061,2024,3,68,1230.88
P061,2024,4,67,168.46
P061,2024,5,16,380.18
P061,2024,6,35,1350.8
P061,2024,7,35,342.55
P061,2024,8,14,135.82
P061,2024,9,21,1731.13
P061,2024,10,70,330.4
P061,2024,11,14,498.71
P061,2024,12,14,713.8
P062,2024,1,65,174.7
P062,2024,2,74,1465.29
P062,2024,3,27,698.15
P062,2024,4,91,978.07
P062,2024,5,80,362.17
P062,2024,6,78,1504.98
P062,2024,7,23,844.21
P062,2024,8,62,306.97
P062,2024,9,85,364.57
P062,2024,10,37,728.1
P062,2024,11,86,658.75
P062,2024,12,52,882.12
P063,2024,1,96,1835.95
P063,2024,2,10,1133.93
P063,2024,3,40,611.36
P063,2024,4,10,1822.44
P063,2024,5,14,635.73
P063,2024,6,55,1590.52
P063,2024,7,74,638.27
P063,2024,8,68,974.07
P063,2024,9,39,956.57
P063,2024,10,84,1240.36
P063,2024,11,57,1645.6
P063,2024,12,24,1179.43
P064,2024,1,15,1983.8
P064,2024,2,41,479.24
P064,2024,3,34,511.21
P064,2024,4,35,1682.63
P064,2024,5,41,1615.0
P064,2024,6,49,573.74
P064,2024,7,55,318.88
P064,2024,8,42,628.67
P064,2024,9,7,1732.82
P064,2024,10,2,478.09
P064,2024,11,93,1018.28
P064,2024,12,44,122.72
P065,2024,1,51,1744.6
P065,2024,2,26,318.11
P065,2024,3,66,1158.67
P065,2024,4,95,1236.4
P065,2024,5,5,1892.82
P065,2024,6,1,683.9
P065,2024,7,15,114.22
P065,2024,8,4,491.76
P065,2024,9,79,505.79
P065,2024,10,24,613.34
P065,2024,11,41,456.74
P065,2024,12,87,1989.46
P066,2024,1,99,1557.52
P066,2024,2,35,1264.39
P066,2024,3,62,847.78
P066,2024,4,7,1677.67
P066,2024,5,29,812.41
P066,2024,6,87,637.59
P066,2024,7,90,216.67
P066,2024,8,54,535.55
P066,2024,9,20,1270.87
P066,2024,10,97,702.84
P066,2024,11,60,273.27
P066,2024,12,31,887.02
P067,2024,1,5,644.68
P067,2024,2,8,368.95
P067,2024,3,15,704.19
P067,2024,4,49,978.3
P067,2024,5,95,1881.55
P067,2024,6,51,1595.1
P067,2024,7,21,1111.33
P067,2024,8,88,1591.02
P067,2024,9,66,1042.84
P067,2024,10,85,260.13
P067,2024,11,98,636.9
P067,2024,12,79,1685.47
P068,2024,1,37,1111.42
P068,2024,2,42,356.23
P068,2024,3,46,961.97
P068,2024,4,92,460.15
P068,2024,5,65,965.37
P068,2024,6,34,109.99
P068,2024,7,21,418.59
P068,2024,8,45,1412.27
P068,2024,9,87,631.59
P068,2024,10,62,1934.83
P068,2024,11,57,848.63
P068,2024,12,83,121.64
P069,2024,1,69,531.14
P069,2024,2,39,1904.08
P069,2024,3,76,1289.07
P069,2024,4,90,1751.91
P069,2024,5,26,488.99
P069,2024,6,79,326.98
P069,2024,7,27,575.22
P069,2024,8,85,1836.74
P069,2024,9,66,1914.61
P069,2024,10,17,1530.69
P069,2024,11,72,1582.42
P069,2024,12,64,1578.79
P070,2024,1,91,198.86
P070,2024,2,83,1049.95
P070,2024,3,45,990.41
P070,2024,4,16,1972.32
P070,2024,5,97,401.37
P070,2024,6,88,446.11
P070,2024,7,19,1849.63
P070,2024,8,88,1395.15
P070,2024,9,43,1742.49
P070,2024,10,59,393.65
P070,2024,11,64,1417.31
P070,2024,12,20,136.14
P071,2024,1,66,1619.93
P071,2024,2,28,71.92
P071,2024,3,38,504.31
P071,2024,4,48,168.57
P071,2024,5,46,837.11
P071,2024,6,40,300.7
P071,2024,7,83,1594.26
P071,2024,8,91,1073.26
P071,2024,9,68,528.4
P071,2024,10,47,243.49
P071,2024,11,83,289.05
P071,2024,12,7,958.01
P072,2024,1,63,42.51
P072,2024,2,3,418.45
P072,2024,3,51,569.51
P072,2024,4,70,1764.15
P072,2024,5,47,1126.96
P072,2024,6,9,1566.51
P072,2024,7,3,576.89
P072,2024,8,82,1009.63
P072,2024,9,16,1984.79
P072,2024,10,11,1878.95
P072,2024,11,30,1007.91
P072,2024,12,59,1911.36
P073,2024,1,45,70.58
P073,2024,2,65,1255.55
P073,2024,3,76,296.01
P073,2024,4,67,1995.71
P073,2024,5,72,77.71
P073,2024,6,37,1267.7
P073,2024,7,90,969.85
P073,2024,8,53,839.17
P073,2024,9,77,775.96
P073,2024,10,90,792.63
P073,2024,11,69,687.61
P073,2024,12,9,437.4
P074,2024,1,4,1485.9
P074,2024,2,89,277.18
P074,2024,3,19,616.44
P074,2024,4,51,950.48
P074,2024,5,10,793.94
P074,2024,6,89,326.97
P074,2024,7,3,716.97
P074,2024,8,16,1736.31
P074,2024,9,72,1836.1
P074,2024,10,8,1134.66
P074,2024,11,4,1783.87
P074,2024,12,25,519.01
P075,2024,1,25,1220.45
P075,2024,2,27,609.03
P075,2024,3,12,766.07
P075,2024,4,11,1460.72
P075,2024,5,74,734.06
P075,2024,6,38,585.61
P075,2024,7,73,773.86
P075,2024,8,75,1951.13
P075,2024,9,55,89.9
P075,2024,10,11,1490.12
P075,2024,11,50,1468.64
P075,2024,12,21,936.3
P076,2024,1,44,440.07
P076,2024,2,99,941.65
P076,2024,3,57,428.84
P076,2024,4,36,862.52
P076,2024,5,1,1654.12
P076,2024,6,66,239.38
P076,2024,7,24,305.98
P076,2024,8,56,794.26
P076,2024,9,78,801.35
P076,2024,10,98,1962.64
P076,2024,11,29,899.95
P076,2024,12,25,826.28
P077,2024,1,13,1896.14
P077,2024,2,70,1723.41
P077,2024,3,41,1912.38
P077,2024,4,51,1674.34
P077,2024,5,64,993.12
P077,2024,6,64,1066.14
P077,2024,7,21,739.81
P077,2024,8,49,427.22
P077,2024,9,31,992.52
P077,2024,10,100,224.24
P077,2024,11,55,908.76
P077,2024,12,29,283.04
P078,2024,1,66,1585.94
P078,2024,2,16,531.76
P078,2024,3,97,944.15
P078,2024,4,68,172.88
P078,2024,5,43,220.08
P078,2024,6,26,531.98
P078,2024,7,30,1923.81
P078,2024,8,72,470.75
P078,2024,9,54,1566.0
P078,2024,10,46,965.38
P078,2024,11,89,914.09
P078,2024,12,67,1893.27
P079,2024,1,64,203.35
P079,2024,2,31,726.0
P079,2024,3,69,1321.53
P079,2024,4,69,1282.38
P079,2024,5,8,951.31
P079,2024,6,51,1289.24
P079,2024,7,77,1395.38
P079,2024,8,23,1660.64
P079,2024,9,15,960.67
P079,2024,10,90,308.75
P079,2024,11,48,641.24
P079,2024,12,72,1414.39
P080,2024,1,19,158.54
P080,2024,2,57,944.98
P080,2024,3,56,1600.41
P080,2024,4,98,1543.08
P080,2024,5,3,1275.67
P080,2024,6,48,1492.46
P080,2024,7,75,587.42
P080,2024,8,7,940.3
P080,2024,9,23,333.06
P080,2024,10,24,460.85
P080,2024,11,22,712.28
P080,2024,12,63,206.97
P081,2024,1,46,1190.09
P081,2024,2,4,687.16
P081,2024,3,84,167.0
P081,2024,4,72,1850.27
P081,2024,5,37,1037.29
P081,2024,6,30,326.08
P081,2024,7,20,611.18
P081,2024,8,93,113.62
P081,2024,9,95,1524.06
P081,2024,10,53,450.88
P081,2024,11,33,64.63
P081,2024,12,93,424.05
P082,2024,1,17,1779.4
P082,2024,2,60,81.27
P082,2024,3,45,1160.07
P082,2024,4,2,1535.85
P082,2024,5,4,1570.49
P082,2024,6,53,990.33
P082,2024,7,98,1592.1
P082,2024,8,75,271.58
P082,2024,9,33,1640.47
P082,2024,10,91,863.06
P082,2024,11,93,337.71
P082,2024,12,14,655.85
P083,2024,1,85,1898.19
P083,2024,2,60,1227.34
P083,2024,3,34,1372.93
P083,2024,4,12,81.31
P083,2024,5,15,1708.58
P083,2024,6,58,964.16
P083,2024,7,89,1390.01
P083,2024,8,76,1906.13
P083,2024,9,45,1876.54
P083,2024,10,87,536.83
P083,2024,11,11,194.94
P083,2024,12,35,1278.14
P084,2024,1,80,901.64
P084,2024,2,87,565.64
P084,2024,3,67,800.98
P084,2024,4,21,759.25
P084,2024,5,78,1350.93
P084,2024,6,54,1983.86
P084,2024,7,24,113.17
P084,2024,8,10,600.13
P084,2024,9,53,830.13
P084,2024,10,55,528.9
P084,2024,11,48,576.38
P084,2024,12,83,657.04
P085,2024,1,24,416.81
P085,2024,2,26,300.04
P085,2024,3,26,1462.1
P085,2024,4,76,1863.32
P085,2024,5,60,1365.49
P085,2024,6,90,1923.99
P085,2024,7,51,642.96
P085,2024,8,3,130.33
P085,2024,9,49,1755.64
P085,2024,10,57,1457.7
P085,2024,11,48,1415.7
P085,2024,12,79,338.24
P086,2024,1,92,252.13
P086,2024,2,29,927.02
P086,2024,3,55,1285.01
P086,2024,4,60,1807.06
P086,2024,5,59,303.06
P086,2024,6,59,658.75
P086,2024,7,27,151.56
P086,2024,8,64,1715.12
P086,2024,9,5,1133.95
P086,2024,10,60,526.3
P086,2024,11,43,1618.38
P086,2024,12,43,1277.28
P087,2024,1,79,400.55
P087,2024,2,1,1485.83
P087,2024,3,39,175.32
P087,2024,4,61,708.94
P087,2024,5,99,1275.05
P087,2024,6,27,423.25
P087,2024,7,63,1697.87
P087,2024,8,22,459.23
P087,2024,9,39,1803.53
P087,2024,10,57,1635.92
P087,2024,11,35,1838.6
P087,2024,12,19,1875.27
P088,2024,1,45,1562.43
P088,2024,2,85,1522.06
P088,2024,3,86,749.25
P088,2024,4,3,971.03
P088,2024,5,72,1692.31
P088,2024,6,45,252.68
P088,2024,7,56,153.24
P088,2024,8,50,489.27
P088,2024,9,72,1928.51
P088,2024,10,71,485.95
P088,2024,11,64,427.88
P088,2024,12,17,1331.06
P089,2024,1,75,617.19
P089,2024,2,93,1192.6
P089,2024,3,50,1652.64
P089,2024,4,42,659.48
P089,2024,5,71,1614.3
P089,2024,6,70,1287.5
P089,2024,7,56,1756.41
P089,2024,8,61,506.36
P089,2024,9,4,1143.35
P089,2024,10,37,744.62
P089,2024,11,100,43.26
P089,2024,12,9,1601.58
P090,2024,1,50,218.36
P090,2024,2,98,1421.74
P090,2024,3,12,1918.74
P090,2024,4,45,434.05
P090,2024,5,88,1710.92
P090,2024,6,22,1179.19
P090,2024,7,37,876.6
P090,2024,8,18,162.4
P090,2024,9,64,476.51
P090,2024,10,39,354.63
P090,2024,11,96,1678.48
P090,2024,12,86,1547.11
P091,2024,1,28,266.8
P091,2024,2,22,1180.34
P091,2024,3,76,765.99
P091,2024,4,47,347.04
P091,2024,5,4,192.9
P091,2024,6,27,847.03
P091,2024,7,72,1545.55
P091,2024,8,58,1604.31
P091,2024,9,60,1899.46
P091,2024,10,88,869.58
P091,2024,11,88,1509.19
P091,2024,12,5,1968.75
P092,2024,1,38,110.49
P092,2024,2,40,394.8
P092,2024,3,58,1270.67
P092,2024,4,22,119.02
P092,2024,5,91,166.04
P092,2024,6,48,1763.63
P092,2024,7,1,252.2
P092,2024,8,33,33.2
P092,2024,9,45,1656.89
P092,2024,10,26,366.46
P092,2024,11,20,1750.09
P092,2024,12,89,805.07
P093,2024,1,83,1429.37
P093,2024,2,24,1954.95
P093,2024,3,69,860.19
P093,2024,4,24,972.14
P093,2024,5,43,861.67
P093,2024,6,78,1418.62
P093,2024,7,49,1760.41
P093,2024,8,14,997.23
P093,2024,9,36,883.47
P093,2024,10,5,1235.11
P093,2024,11,50,213.25
P093,2024,12,10,1471.75
P094,2024,1,27,848.86
P094,2024,2,72,1573.83
P094,2024,3,45,1109.63
P094,2024,4,58,1231.08
P094,2024,5,97,368.44
P094,2024,6,51,1008.75
P094,2024,7,8,761.08
P094,2024,8,48,207.8
P094,2024,9,44,1713.73
P094,2024,10,60,486.46
P094,2024,11,20,471.72
P094,2024,12,1,928.23
P095,2024,1,87,370.59
P095,2024,2,89,1576.98
P095,2024,3,68,500.45
P095,2024,4,31,550.37
P095,2024,5,79,1588.36
P095,2024,6,45,1745.09
P095,2024,7,93,1617.06
P095,2024,8,51,391.55
P095,2024,9,97,1950.94
P095,2024,10,35,1387.52
P095,2024,11,20,154.52
P095,2024,12,87,1801.16
P096,2024,1,74,1432.01
P096,2024,2,83,1737.73
P096,2024,3,2,1029.65
P096,2024,4,20,418.43
P096,2024,5,33,1053.02
P096,2024,6,55,1254.34
P096,2024,7,5,1530.48
P096,2024,8,20,1735.05
P096,2024,9,11,1881.78
P096,2024,10,77,442.85
P096,2024,11,59,248.45
P096,2024,12,72,406.36
P097,2024,1,27,142.32
P097,2024,2,78,1768.81
P097,2024,3,5,805.88
P097,2024,4,7,1135.89
P097,2024,5,23,976.91
P097,2024,6,98,769.55
P097,2024,7,45,500.91
P097,2024,8,15,640.16
P097,2024,9,8,235.14
P097,2024,10,3,1899.75
P097,2024,11,78,1341.04
P097,2024,12,80,1119.76
P098,2024,1,3,694.05
P098,2024,2,14,365.56
P098,2024,3,6,711.27
P098,2024,4,79,69.1
P098,2024,5,52,652.58
P098,2024,6,48,1095.43
P098,2024,7,36,1392.85
P098,2024,8,70,1375.86
P098,2024,9,71,1545.07
P098,2024,10,77,1553.77
P098,2024,11,61,986.49
P098,2024,12,33,327.92
P099,2024,1,54,1721.8
P099,2024,2,86,1853.44
P099,2024,3,78,1937.37
P099,2024,4,47,1782.21
P099,2024,5,57,1256.46
P099,2024,6,49,1818.52
P099,2024,7,100,241.46
P099,2024,8,29,1224.3
P099,2024,9,16,628.37
P099,2024,10,99,1727.43
P099,2024,11,68,715.55
P099,2024,12,91,523.75
P100,2024,1,19,1161.5
P100,2024,2,19,1661.23
P100,2024,3,31,252.37
P100,2024,4,59,1404.86
P100,2024,5,65,1286.49
P100,2024,6,44,1515.53
P100,2024,7,62,1742.91
P100,2024,8,7,420.19
P100,2024,9,2,1718.98
P100,2024,10,90,1577.89
P100,2024,11,94,737.81
P100,2024,12,80,711.44
P101,2024,1,14,87.51
P101,2024,2,19,1028.46
P101,2024,3,35,1119.92
P101,2024,4,35,1469.14
P101,2024,5,54,769.91
P101,2024,6,42,193.49
P101,2024,7,31,254.71
P101,2024,8,54,1786.19
P101,2024,9,11,36.94
P101,2024,10,26,1752.84
P101,2024,11,65,1702.29
P101,2024,12,28,547.49
P102,2024,1,73,1860.72
P102,2024,2,67,451.53
P102,2024,3,12,217.82
P102,2024,4,26,1896.24
P102,2024,5,50,1056.29
P102,2024,6,58,908.34
P102,2024,7,72,523.74
P102,2024,8,92,390.03
P102,2024,9,79,579.11
P102,2024,10,47,680.25
P102,2024,11,12,605.05
P102,2024,12,39,117.7
P103,2024,1,52,1740.07
P103,2024,2,67,1194.76
P103,2024,3,5,910.42
P103,2024,4,42,641.85
P103,2024,5,52,1868.5
P103,2024,6,9,1423.33
P103,2024,7,16,811.89
P103,2024,8,97,851.79
P103,2024,9,10,713.76
P103,2024,10,28,407.08
P103,2024,11,30,1506.01
P103,2024,12,6,497.47
P104,2024,1,82,920.31
P104,2024,2,78,1793.28
P104,2024,3,30,458.78
P104,2024,4,51,1503.45
P104,2024,5,49,1213.41
P104,2024,6,50,995.86
P104,2024,7,59,269.74
P104,2024,8,70,865.67
P104,2024,9,45,840.17
P104,2024,10,24,1804.15
P104,2024,11,23,1431.99
P104,2024,12,68,1242.79
P105,2024,1,95,534.29
P105,2024,2,40,581.42
P105,2024,3,69,1104.03
P105,2024,4,5,1757.44
P105,2024,5,55,37.27
P105,2024,6,46,465.55
P105,2024,7,78,685.43
P105,2024,8,46,1050.58
P105,2024,9,59,219.06
P105,2024,10,45,1586.97
P105,2024,11,34,1383.14
P105,2024,12,84,1203.33
P106,2024,1,61,1107.74
P106,2024,2,5,1348.86
P106,2024,3,50,998.04
P106,2024,4,22,774.61
P106,2024,5,71,1716.53
P106,2024,6,90,1860.29
P106,2024,7,79,1167.92
P106,2024,8,73,798.92
P106,2024,9,65,1438.25
P106,2024,10,77,770.64
P106,2024,11,73,206.48
P106,2024,12,49,1861.55
P107,2024,1,60,313.12
P107,2024,2,41,604.34
P107,2024,3,27,1254.45
P107,2024,4,29,317.87
P107,2024,5,71,907.3
P107,2024,6,39,1311.67
P107,2024,7,13,573.47
P107,2024,8,59,437.68
P107,2024,9,68,1795.92
P107,2024,10,89,444.0
P107,2024,11,97,1589.43
P107,2024,12,39,751.77
P108,2024,1,32,1826.9
P108,2024,2,77,366.99
P108,2024,3,12,312.76
P108,2024,4,35,944.06
P108,2024,5,17,475.96
P108,2024,6,44,239.65
P108,2024,7,92,1119.98
P108,2024,8,60,239.73
P108,2024,9,11,517.35
P108,2024,10,40,436.55
P108,2024,11,88,1515.62
P108,2024,12,43,1123.26
P109,2024,1,100,447.27
P109,2024,2,13,1915.83
P109,2024,3,9,843.58
P109,2024,4,52,958.46
P109,2024,5,73,1819.07
P109,2024,6,97,264.75
P109,2024,7,96,1021.15
P109,2024,8,63,300.09
P109,2024,9,70,1687.24
P109,2024,10,15,1149.17
P109,2024,11,85,825.2
P109,2024,12,53,1031.94
P110,2024,1,64,1296.6
P110,2024,2,31,1230.67
P110,2024,3,61,1628.36
P110,2024,4,80,1214.65
P110,2024,5,48,1696.71
P110,2024,6,87,1973.68
P110,2024,7,28,1393.25
P110,2024,8,65,1986.0
P110,2024,9,89,1770.94
P110,2024,10,67,688.37
P110,2024,11,54,1900.01
P110,2024,12,91,527.25
P111,2024,1,78,678.73
P111,2024,2,54,1342.92
P111,2024,3,74,1611.28
P111,2024,4,65,664.26
P111,2024,5,50,1934.04
P111,2024,6,68,1500.31
P111,2024,7,5,1808.53
P111,2024,8,3,1980.95
P111,2024,9,72,925.53
P111,2024,10,19,672.48
P111,2024,11,5,1277.99
P111,2024,12,47,797.4
P112,2024,1,72,916.6
P112,2024,2,40,959.09
P112,2024,3,96,109.55
P112,2024,4,96,1218.03
P112,2024,5,9,1532.71
P112,2024,6,44,294.74
P112,2024,7,76,686.63
P112,2024,8,12,1633.16
P112,2024,9,96,1766.87
P112,2024,10,23,1828.23
P112,2024,11,11,201.8
P112,2024,12,92,1061.42
P113,2024,1,98,1404.22
P113,2024,2,56,169.62
P113,2024,3,37,1923.56
P113,2024,4,4,1691.61
P113,2024,5,74,1183.24
P113,2024,6,10,1097.5
P113,2024,7,44,737.84
P113,2024,8,13,1755.03
P113,2024,9,68,421.49
P113,2024,10,79,1979.33
P113,2024,11,55,178.15
P113,2024,12,69,891.8
P114,2024,1,65,1203.2
P114,2024,2,24,1829.8
P114,2024,3,75,416.32
P114,2024,4,46,1311.2
P114,2024,5,97,453.58
P114,2024,6,26,983.42
P114,2024,7,52,263.94
P114,2024,8,95,836.68
P114,2024,9,60,993.81
P114,2024,10,40,1453.23
P114,2024,11,99,1387.91
P114,2024,12,48,1876.56
P115,2024,1,20,395.87
P115,2024,2,14,1017.7
P115,2024,3,50,289.28
P115,2024,4,38,1418.4
P115,2024,5,42,1000.38
P115,2024,6,95,877.09
P115,2024,7,83,472.39
P115,2024,8,44,295.78
P115,2024,9,89,1617.64
P115,2024,10,52,503.91
P115,2024,11,45,1657.88
P115,2024,12,2,934.87
P116,2024,1,45,877.49
P116,2024,2,88,1231.14
P116,2024,3,34,268.59
P116,2024,4,78,1727.82
P116,2024,5,27,456.29
P116,2024,6,40,1167.93
P116,2024,7,99,501.9
P116,2024,8,94,1906.76
P116,2024,9,36,590.23
P116,2024,10,23,870.56
P116,2024,11,31,982.66
P116,2024,12,41,542.17
P117,2024,1,6,1714.61
P117,2024,2,13,1617.65
P117,2024,3,57,630.92
P117,2024,4,35,58.53
P117,2024,5,46,1041.23
P117,2024,6,69,249.47
P117,2024,7,73,1952.0
P117,2024,8,36,1647.22
P117,2024,9,35,1605.97
P117,2024,10,65,1430.72
P117,2024,11,54,1335.78
P117,2024,12,48,337.59
P118,2024,1,32,1648.42
P118,2024,2,97,1053.4
P118,2024,3,88,1506.33
P118,2024,4,6,1219.17
P118,2024,5,5,169.24
P118,2024,6,51,857.79
P118,2024,7,17,1988.64
P118,2024,8,28,1466.66
P118,2024,9,75,1233.39
P118,2024,10,82,1120.99
P118,2024,11,64,1734.2
P118,2024,12,61,1541.94
P119,2024,1,65,680.76
P119,2024,2,13,513.84
P119,2024,3,65,711.32
P119,2024,4,56,1738.93
P119,2024,5,20,1812.39
P119,2024,6,24,465.41
P119,2024,7,88,369.39
P119,2024,8,52,1562.76
P119,2024,9,64,356.75
P119,2024,10,66,1412.49
P119,2024,11,98,1027.27
P119,2024,12,30,754.76
P120,2024,1,10,1373.31
P120,2024,2,70,1724.52
P120,2024,3,12,910.03
P120,2024,4,16,1352.62
P120,2024,5,54,1283.71
P120,2024,6,29,838.35
P120,2024,7,95,1931.04
P120,2024,8,51,1462.0
P120,2024,9,5,633.62
P120,2024,10,25,1039.13
P120,2024,11,18,1994.74
P120,2024,12,52,350.79
P121,2024,1,66,888.84
P121,2024,2,99,1831.1
P121,2024,3,98,1301.59
P121,2024,4,58,318.31
P121,2024,5,32,428.23
P121,2024,6,76,1324.09
P121,2024,7,65,153.89
P121,2024,8,20,1251.56
P121,2024,9,40,192.6
P121,2024,10,50,1592.46
P121,2024,11,64,1136.36
P121,2024,12,54,1182.09
P122,2024,1,9,623.07
P122,2024,2,65,1499.85
P122,2024,3,58,368.81
P122,2024,4,33,747.65
P122,2024,5,43,453.37
P122,2024,6,42,399.76
P122,2024,7,78,1571.24
P122,2024,8,17,50.51
P122,2024,9,73,739.67
P122,2024,10,59,1430.05
P122,2024,11,86,1782.62
P122,2024,12,43,1772.12
P123,2024,1,85,1502.02
P123,2024,2,84,736.66
P123,2024,3,16,394.79
P123,2024,4,91,1344.25
P123,2024,5,85,1434.91
P123,2024,6,68,1432.16
P123,2024,7,56,542.31
P123,2024,8,69,907.03
P123,2024,9,4,487.88
P123,2024,10,58,535.95
P123,2024,11,26,798.08
P123,2024,12,79,1348.6
P124,2024,1,96,1041.62
P124,2024,2,40,111.7
P124,2024,3,35,463.36
P124,2024,4,3,391.09
P124,2024,5,85,841.69
P124,2024,6,22,557.46
P124,2024,7,68,538.28
P124,2024,8,44,1472.61
P124,2024,9,100,1995.28
P124,2024,10,65,1317.17
P124,2024,11,78,1973.65
P124,2024,12,30,837.59
P125,2024,1,73,1205.99
P125,2024,2,47,1136.63
P125,2024,3,81,910.97
P125,2024,4,83,1878.29
P125,2024,5,83,1890.48
P125,2024,6,26,1542.19
P125,2024,7,40,1579.8
P125,2024,8,63,1277.0
P125,2024,9,74,1328.76
P125,2024,10,2,578.11
P125,2024,11,44,202.12
P125,2024,12,96,765.94
P126,2024,1,12,1591.59
P126,2024,2,42,769.54
P126,2024,3,82,1199.46
P126,2024,4,41,1288.0
P126,2024,5,63,1058.42
P126,2024,6,79,1163.99
P126,2024,7,43,976.14
P126,2024,8,59,118.5
P126,2024,9,54,866.66
P126,2024,10,90,587.34
P126,2024,11,72,749.48
P126,2024,12,34,203.09
P127,2024,1,22,41.36
P127,2024,2,77,148.16
P127,2024,3,32,1736.69
P127,2024,4,70,1288.34
P127,2024,5,72,1403.13
P127,2024,6,69,1783.61
P127,2024,7,25,240.05
P127,2024,8,74,730.91
P127,2024,9,5,1013.51
P127,2024,10,4,271.52
P127,2024,11,44,1844.58
P127,2024,12,5,1632.28
P128,2024,1,1,1864.38
P128,2024,2,10,1338.03
P128,2024,3,56,1319.87
P128,2024,4,23,126.77
P128,2024,5,68,1191.6
P128,2024,6,36,757.87
P128,2024,7,58,1839.08
P128,2024,8,64,1640.95
P128,2024,9,37,181.02
P128,2024,10,9,178.01
P128,2024,11,31,1141.55
P128,2024,12,75,1215.54
P129,2024,1,17,1477.12
P129,2024,2,7,1695.94
P129,2024,3,11,1668.53
P129,2024,4,86,208.65
P129,2024,5,44,963.11
P129,2024,6,80,765.71
P129,2024,7,31,796.32
P129,2024,8,74,1795.5
P129,2024,9,75,1020.6
P129,2024,10,75,278.15
P129,2024,11,100,1619.09
P129,2024,12,42,64.19
P130,2024,1,70,1619.9
P130,2024,2,59,1116.84
P130,2024,3,3,1083.39
P130,2024,4,98,124.8
P130,2024,5,86,418.3
P130,2024,6,93,1206.06
P130,2024,7,19,1511.87
P130,2024,8,72,1500.98
P130,2024,9,15,578.45
P130,2024,10,47,1118.7
P130,2024,11,81,351.88
P130,2024,12,16,364.17
P131,2024,1,67,517.48
P131,2024,2,32,1359.17
P131,2024,3,14,58.05
P131,2024,4,18,1156.53
P131,2024,5,63,590.54
P131,2024,6,67,1638.0
P131,2024,7,31,984.63
P131,2024,8,58,125.12
P131,2024,9,82,1731.07
P131,2024,10,80,735.11
P131,2024,11,48,139.14
P131,2024,12,37,1839.9
P132,2024,1,91,625.51
P132,2024,2,4,995.15
P132,2024,3,87,1982.06
P132,2024,4,63,978.02
P132,2024,5,89,721.9
P132,2024,6,35,508.73
P132,2024,7,29,627.95
P132,2024,8,15,105.4
P132,2024,9,19,822.14
P132,2024,10,73,67.73
P132,2024,11,83,1824.43
P132,2024,12,1,342.98
P133,2024,1,65,1055.42
P133,2024,2,40,1001.38
P133,2024,3,97,1252.34
P133,2024,4,30,1801.38
P133,2024,5,32,792.99
P133,2024,6,42,1753.76
P133,2024,7,53,41.44
P133,2024,8,37,911.89
P133,2024,9,18,813.28
P133,2024,10,100,200.06
P133,2024,11,28,194.41
P133,2024,12,45,318.64
P134,2024,1,76,1404.29
P134,2024,2,92,871.98
P134,2024,3,5,1872.72
P134,2024,4,33,40.97
P134,2024,5,60,1394.77
P134,2024,6,44,428.86
P134,2024,7,69,1824.14
P134,2024,8,28,198.96
P134,2024,9,73,1931.72
P134,2024,10,29,1005.38
P134,2024,11,77,1998.87
P134,2024,12,15,393.47
P135,2024,1,44,1252.64
P135,2024,2,81,288.65
P135,2024,3,4,629.57
P135,2024,4,17,1175.84
P135,2024,5,4,1314.49
P135,2024,6,56,984.03
P135,2024,7,19,777.51
P135,2024,8,53,1957.33
P135,2024,9,91,661.31
P135,2024,10,77,622.4
P135,2024,11,93,1249.21
P135,2024,12,13,1150.46
P136,2024,1,7,309.51
P136,2024,2,82,187.99
P136,2024,3,98,115.85
P136,2024,4,100,1606.3
P136,2024,5,74,1032.04
P136,2024,6,17,161.74
P136,2024,7,92,1911.33
P136,2024,8,36,563.26
P136,2024,9,88,888.31
P136,2024,10,8,829.03
P136,2024,11,78,541.23
P136,2024,12,28,596.66
P137,2024,1,43,1682.31
P137,2024,2,100,1663.48
P137,2024,3,15,1659.72
P137,2024,4,72,484.7
P137,2024,5,74,1954.66
P137,2024,6,29,1789.08
P137,2024,7,17,1053.56
P137,2024,8,22,1718.73
P137,2024,9,36,302.32
P137,2024,10,18,599.53
P137,2024,11,71,1924.95
P137,2024,12,17,1465.66
P138,2024,1,90,1474.31
P138,2024,2,81,152.94
P138,2024,3,19,1006.12
P138,2024,4,20,200.66
P138,2024,5,78,121.67
P138,2024,6,99,1883.24
P138,2024,7,99,316.53
P138,2024,8,83,1729.93
P138,2024,9,96,1452.53
P138,2024,10,84,1101.36
P138,2024,11,35,1218.25
P138,2024,12,56,1492.25
P139,2024,1,18,1259.12
P139,2024,2,84,1253.94
P139,2024,3,94,627.23
P139,2024,4,23,1856.64
P139,2024,5,85,1628.87
P139,2024,6,91,1028.91
P139,2024,7,95,1998.7
P139,2024,8,33,298.04
P139,2024,9,8,1085.14
P139,2024,10,71,1218.83
P139,2024,11,22,339.81
P139,2024,12,69,136.09
P140,2024,1,75,742.49
P140,2024,2,91,687.5
P140,2024,3,78,1813.63
P140,2024,4,65,1838.26
P140,2024,5,95,498.76
P140,2024,6,58,1490.64
P140,2024,7,13,1741.15
P140,2024,8,38,1391.25
P140,2024,9,54,1512.13
P140,2024,10,48,511.92
P140,2024,11,87,328.83
P140,2024,12,32,1120.71
P141,2024,1,17,1120.27
P141,2024,2,6,1769.44
P141,2024,3,47,267.67
P141,2024,4,94,350.02
P141,2024,5,12,1035.16
P141,2024,6,50,1057.99
P141,2024,7,13,626.17
P141,2024,8,2,1862.44
P141,2024,9,32,142.85
P141,2024,10,4,304.73
P141,2024,11,40,1282.49
P141,2024,12,80,837.08
P142,2024,1,48,1933.77
P142,2024,2,39,520.6
P142,2024,3,30,721.71
P142,2024,4,93,661.68
P142,2024,5,80,1658.17
P142,2024,6,15,1547.36
P142,2024,7,78,1504.67
P142,2024,8,75,1003.15
P142,2024,9,67,56.71
P142,2024,10,20,289.53
P142,2024,11,92,1367.47
P142,2024,12,92,131.56
P143,2024,1,27,1942.62
P143,2024,2,4,527.79
P143,2024,3,27,43.65
P143,2024,4,83,381.8
P143,2024,5,29,1173.7
P143,2024,6,65,1594.77
P143,2024,7,10,378.55
P143,2024,8,17,1747.47
P143,2024,9,57,637.42
P143,2024,10,42,55.98
P143,2024,11,95,1295.32
P143,2024,12,9,1584.53
P144,2024,1,42,949.12
P144,2024,2,91,1341.3
P144,2024,3,15,905.7
P144,2024,4,50,1058.5
P144,2024,5,85,479.94
P144,2024,6,40,406.65
P144,2024,7,75,730.99
P144,2024,8,95,1918.85
P144,2024,9,83,952.16
P144,2024,10,71,572.75
P144,2024,11,41,1835.75
P144,2024,12,41,799.57
P145,2024,1,72,1535.43
P145,2024,2,89,840.99
P145,2024,3,28,78.03
P145,2024,4,75,216.28
P145,2024,5,39,328.7
P145,2024,6,19,1328.05
P145,2024,7,60,432.91
P145,2024,8,49,660.59
P145,2024,9,20,39.04
P145,2024,10,33,81.07
P145,2024,11,69,1460.03
P145,2024,12,29,1797.36
P146,2024,1,53,1008.76
P146,2024,2,51,902.33
P146,2024,3,20,1197.45
P146,2024,4,19,879.38
P146,2024,5,61,812.16
P146,2024,6,44,1571.7
P146,2024,7,46,315.12
P146,2024,8,8,1625.95
P146,2024,9,7,1304.19
P146,2024,10,76,804.84
P146,2024,11,23,265.67
P146,2024,12,64,355.74
P147,2024,1,37,293.35
P147,2024,2,31,853.18
P147,2024,3,57,829.93
P147,2024,4,33,1593.16
P147,2024,5,19,1284.39
P147,2024,6,57,1173.09
P147,2024,7,63,1359.75
P147,2024,8,14,163.81
P147,2024,9,76,1219.76
P147,2024,10,50,434.33
P147,2024,11,85,1089.91
P147,2024,12,36,1406.35
P148,2024,1,84,421.56
P148,2024,2,43,1146.37
P148,2024,3,52,696.13
P148,2024,4,85,81.3
P148,2024,5,62,1494.85
P148,2024,6,27,1891.7
P148,2024,7,18,1392.84
P148,2024,8,16,1764.22
P148,2024,9,81,1746.46
P148,2024,10,52,44.12
P148,2024,11,39,441.9
P148,2024,12,38,194.04
P149,2024,1,73,1257.3
P149,2024,2,62,273.43
P149,2024,3,60,756.0
P149,2024,4,27,819.29
P149,2024,5,31,1580.28
P149,2024,6,94,934.62
P149,2024,7,21,1821.21
P149,2024,8,45,1359.3
P149,2024,9,77,1160.57
P149,2024,10,44,338.64
P149,2024,11,51,1130.24
P149,2024,12,43,336.01
P150,2024,1,42,1266.54
P150,2024,2,6,827.08
P150,2024,3,96,1765.93
P150,2024,4,53,357.87
P150,2024,5,25,1588.93
P150,2024,6,39,951.79
P150,2024,7,90,1247.43
P150,2024,8,88,1247.49
P150,2024,9,81,557.99
P150,2024,10,19,1269.36
P150,2024,11,21,1928.48
P150,2024,12,81,1072.14
P151,2024,1,99,1516.47
P151,2024,2,22,1211.82
P151,2024,3,72,165.09
P151,2024,4,47,302.16
P151,2024,5,52,705.04
P151,2024,6,90,89.19
P151,2024,7,50,1400.43
P151,2024,8,16,344.27
P151,2024,9,21,407.85
P151,2024,10,45,406.31
P151,2024,11,88,1954.65
P151,2024,12,44,1582.28
P152,2024,1,31,777.42
P152,2024,2,71,79.14
P152,2024,3,76,288.2
P152,2024,4,12,976.94
P152,2024,5,27,1049.34
P152,2024,6,35,681.18
P152,2024,7,76,1456.04
P152,2024,8,35,1902.21
P152,2024,9,34,1704.94
P152,2024,10,61,912.3
P152,2024,11,10,823.96
P152,2024,12,45,140.34
P153,2024,1,33,1724.71
P153,2024,2,15,659.9
P153,2024,3,99,1883.57
P153,2024,4,37,646.21
P153,2024,5,14,1755.35
P153,2024,6,38,1529.7
P153,2024,7,61,1339.79
P153,2024,8,71,928.56
P153,2024,9,65,1163.44
P153,2024,10,52,139.4
P153,2024,11,41,1950.18
P153,2024,12,28,1199.61
P154,2024,1,94,218.05
P154,2024,2,89,1858.99
P154,2024,3,82,1771.9
P154,2024,4,76,1218.81
P154,2024,5,56,1691.95
P154,2024,6,6,1666.2
P154,2024,7,58,1655.07
P154,2024,8,1,1349.58
P154,2024,9,6,1979.75
P154,2024,10,56,624.85
P154,2024,11,6,999.4
P154,2024,12,80,777.44
P155,2024,1,60,441.71
P155,2024,2,7,412.76
P155,2024,3,97,1573.17
P155,2024,4,68,1377.41
P155,2024,5,53,1493.08
P155,2024,6,82,1281.59
P155,2024,7,1,141.89
P155,2024,8,56,728.65
P155,2024,9,63,110.5
P155,2024,10,7,1554.52
P155,2024,11,94,1315.15
P155,2024,12,5,1255.01
P156,2024,1,73,968.8
P156,2024,2,86,1923.72
P156,2024,3,53,1229.19
P156,2024,4,18,814.72
P156,2024,5,74,1328.0
P156,2024,6,88,302.02
P156,2024,7,20,184.91
P156,2024,8,62,143.35
P156,2024,9,5,1687.55
P156,2024,10,42,748.27
P156,2024,11,68,196.78
P156,2024,12,74,1635.8
P157,2024,1,7,475.26
P157,2024,2,34,52.86
P157,2024,3,74,1347.95
P157,2024,4,2,69.2
P157,2024,5,90,450.27
P157,2024,6,6,1406.74
P157,2024,7,39,1228.49
P157,2024,8,55,1391.08
P157,2024,9,22,763.85
P157,2024,10,85,1970.7
P157,2024,11,90,1558.52
P157,2024,12,64,61.99
P158,2024,1,21,531.36
P158,2024,2,72,297.87
P158,2024,3,36,1812.73
P158,2024,4,98,417.63
P158,2024,5,58,1231.73
P158,2024,6,99,1333.12
P158,2024,7,77,182.28
P158,2024,8,11,1429.33
P158,2024,9,92,1016.8
P158,2024,10,3,1866.6
P158,2024,11,33,1627.74
P158,2024,12,91,1822.47
P159,2024,1,38,1271.29
P159,2024,2,21,586.85
P159,2024,3,50,1001.1
P159,2024,4,63,1073.0
P159,2024,5,57,1926.62
P159,2024,6,48,507.02
P159,2024,7,12,486.88
P159,2024,8,42,236.96
P159,2024,9,64,1778.01
P159,2024,10,73,176.92
P159,2024,11,6,885.17
P159,2024,12,37,604.8
P160,2024,1,91,665.04
P160,2024,2,86,708.29
P160,2024,3,76,1978.24
P160,2024,4,13,567.09
P160,2024,5,91,1759.2
P160,2024,6,27,556.74
P160,2024,7,93,1351.29
P160,2024,8,80,69.33
P160,2024,9,35,1857.24
P160,2024,10,84,1412.36
P160,2024,11,45,45.29
P160,2024,12,83,1774.29
P161,2024,1,94,469.76
P161,2024,2,68,275.15
P161,2024,3,82,421.06
P161,2024,4,36,1974.79
P161,2024,5,2,229.92
P161,2024,6,79,1386.59
P161,2024,7,4,1657.19
P161,2024,8,50,1736.18
P161,2024,9,17,1903.64
P161,2024,10,67,864.38
P161,2024,11,30,578.87
P161,2024,12,60,425.7
P162,2024,1,20,1352.79
P162,2024,2,96,1208.55
P162,2024,3,45,1910.21
P162,2024,4,25,755.46
P162,2024,5,94,884.06
P162,2024,6,9,630.11
P162,2024,7,21,1076.89
P162,2024,8,33,122.02
P162,2024,9,28,1563.76
P162,2024,10,6,1241.69
P162,2024,11,46,1490.81
P162,2024,12,2,898.55
P163,2024,1,5,585.81
P163,2024,2,99,622.11
P163,2024,3,14,1756.58
P163,2024,4,17,1351.09
P163,2024,5,81,334.59
P163,2024,6,2,1310.45
P163,2024,7,13,1018.17
P163,2024,8,54,1998.34
P163,2024,9,3,1155.98
P163,2024,10,5,1394.68
P163,2024,11,29,1458.32
P163,2024,12,59,1454.93
P164,2024,1,15,63.25
P164,2024,2,54,300.83
P164,2024,3,52,491.9
P164,2024,4,85,1387.12
P164,2024,5,7,242.22
P164,2024,6,16,1973.6
P164,2024,7,14,114.27
P164,2024,8,95,1604.4
P164,2024,9,51,1321.6
P164,2024,10,67,853.58
P164,2024,11,84,1004.38
P164,2024,12,54,1435.26
P165,2024,1,74,416.43
P165,2024,2,46,1290.67
P165,2024,3,23,1188.2
P165,2024,4,67,1917.36
P165,2024,5,28,785.24
P165,2024,6,99,220.39
P165,2024,7,95,923.09
P165,2024,8,64,1734.03
P165,2024,9,43,1398.55
P165,2024,10,77,1249.74
P165,2024,11,11,127.46
P165,2024,12,19,1889.89
P166,2024,1,35,600.02
P166,2024,2,17,1779.11
P166,2024,3,42,761.38
P166,2024,4,5,988.26
P166,2024,5,93,901.34
P166,2024,6,39,461.06
P166,2024,7,28,690.02
P166,2024,8,42,337.71
P166,2024,9,27,1399.19
P166,2024,10,61,1196.76
P166,2024,11,39,955.39
P166,2024,12,34,1548.77
P167,2024,1,22,1443.23
P167,2024,2,96,1148.07
P167,2024,3,2,907.51
P167,2024,4,50,1399.54
P167,2024,5,85,1702.83
P167,2024,6,83,1402.57
P167,2024,7,69,1410.04
P167,2024,8,28,141.92
P167,2024,9,58,1088.99
P167,2024,10,67,967.02
P167,2024,11,46,558.95
P167,2024,12,81,939.97
P168,2024,1,33,1950.39
P168,2024,2,46,1854.85
P168,2024,3,35,1029.64
P168,2024,4,93,1405.99
P168,2024,5,89,919.62
P168,2024,6,72,1498.33
P168,2024,7,53,1796.52
P168,2024,8,39,297.75
P168,2024,9,14,428.36
P168,2024,10,31,167.99
P168,2024,11,68,824.67
P168,2024,12,23,242.86
P169,2024,1,24,1902.97
P169,2024,2,42,1383.99
P169,2024,3,36,417.19
P169,2024,4,22,247.03
P169,2024,5,57,1201.94
P169,2024,6,97,1836.25
P169,2024,7,82,1275.12
P169,2024,8,16,1061.21
P169,2024,9,38,541.43
P169,2024,10,70,1179.23
P169,2024,11,12,310.56
P169,2024,12,4,242.56
P170,2024,1,50,1105.04
P170,2024,2,41,403.44
P170,2024,3,85,1692.72
P170,2024,4,6,1344.96
P170,2024,5,4,1812.83
P170,2024,6,95,470.64
P170,2024,7,49,1157.95
P170,2024,8,95,1735.64
P170,2024,9,5,1323.94
P170,2024,10,12,275.24
P170,2024,11,61,1230.69
P170,2024,12,50,1195.16
P171,2024,1,57,1196.03
P171,2024,2,72,1805.2
P171,2024,3,89,1617.35
P171,2024,4,1,295.46
P171,2024,5,28,782.08
P171,2024,6,9,321.93
P171,2024,7,7,1606.08
P171,2024,8,89,789.16
P171,2024,9,55,927.92
P171,2024,10,53,1768.22
P171,2024,11,66,874.02
P171,2024,12,63,1461.86
P172,2024,1,17,1754.19
P172,2024,2,56,469.84
P172,2024,3,40,867.09
P172,2024,4,74,873.67
P172,2024,5,92,118.29
P172,2024,6,71,1119.97
P172,2024,7,39,1664.5
P172,2024,8,95,183.03
P172,2024,9,83,1589.06
P172,2024,10,33,396.98
P172,2024,11,58,1466.02
P172,2024,12,18,723.86
P173,2024,1,70,969.46
P173,2024,2,25,1985.0
P173,2024,3,27,1584.47
P173,2024,4,96,1070.62
P173,2024,5,67,722.3
P173,2024,6,35,1450.04
P173,2024,7,100,1969.04
P173,2024,8,98,1148.88
P173,2024,9,22,72.81
P173,2024,10,23,1397.17
P173,2024,11,71,1413.42
P173,2024,12,68,533.61
P174,2024,1,12,1488.96
P174,2024,2,86,1469.02
P174,2024,3,7,381.72
P174,2024,4,7,1297.43
P174,2024,5,1,1625.8
P174,2024,6,60,403.33
P174,2024,7,81,303.63
P174,2024,8,28,1639.21
P174,2024,9,25,412.5
P174,2024,10,81,572.31
P174,2024,11,91,1857.39
P174,2024,12,53,974.08
P175,2024,1,42,1378.79
P175,2024,2,25,279.27
P175,2024,3,14,314.04
P175,2024,4,90,880.56
P175,2024,5,4,979.46
P175,2024,6,45,605.45
P175,2024,7,53,1305.57
P175,2024,8,30,93.82
P175,2024,9,15,745.99
P175,2024,10,15,1559.33
P175,2024,11,2,745.3
P175,2024,12,83,1602.07
P176,2024,1,62,278.27
P176,2024,2,98,1461.34
P176,2024,3,99,815.89
P176,2024,4,82,1857.48
P176,2024,5,66,379.12
P176,2024,6,24,1110.55
P176,2024,7,42,1469.35
P176,2024,8,28,558.82
P176,2024,9,10,1279.81
P176,2024,10,59,929.95
P176,2024,11,49,1060.04
P176,2024,12,40,968.59
P177,2024,1,46,1572.61
P177,2024,2,81,753.53
P177,2024,3,77,122.39
P177,2024,4,95,1432.35
P177,2024,5,20,1864.99
P177,2024,6,74,128.12
P177,2024,7,16,1816.0
P177,2024,8,36,712.12
P177,2024,9,79,1272.74
P177,2024,10,58,693.07
P177,2024,11,90,495.1
P177,2024,12,60,1334.21
P178,2024,1,26,1945.26
P178,2024,2,10,1486.52
P178,2024,3,53,1014.48
P178,2024,4,11,554.46
P178,2024,5,98,1782.91
P178,2024,6,26,1494.41
P178,2024,7,81,186.24
P178,2024,8,94,1360.57
P178,2024,9,64,482.7
P178,2024,10,86,262.76
P178,2024,11,5,699.07
P178,2024,12,41,434.52
P179,2024,1,12,240.13
P179,2024,2,48,1722.8
P179,2024,3,88,254.0
P179,2024,4,70,1440.28
P179,2024,5,59,503.75
P179,2024,6,84,155.73
P179,2024,7,6,261.3
P179,2024,8,24,1121.3
P179,2024,9,53,197.41
P179,2024,10,3,1636.39
P179,2024,11,91,1432.93
P179,2024,12,86,780.56
P180,2024,1,65,1673.73
P180,2024,2,8,1275.04
P180,2024,3,48,573.37
P180,2024,4,41,628.87
P180,2024,5,27,1929.94
P180,2024,6,37,1765.81
P180,2024,7,93,617.61
P180,2024,8,23,1056.73
P180,2024,9,54,1494.04
P180,2024,10,96,840.88
P180,2024,11,72,1854.22
P180,2024,12,13,76.74
P181,2024,1,40,946.96
P181,2024,2,14,928.82
P181,2024,3,43,744.29
P181,2024,4,74,1203.68
P181,2024,5,29,187.83
P181,2024,6,11,1780.73
P181,2024,7,15,757.41
P181,2024,8,80,958.94
P181,2024,9,65,943.06
P181,2024,10,88,1772.07
P181,2024,11,65,980.69
P181,2024,12,89,359.63
P182,2024,1,4,1599.37
P182,2024,2,2,148.45
P182,2024,3,76,1462.15
P182,2024,4,75,770.71
P182,2024,5,6,1532.44
P182,2024,6,58,352.0
P182,2024,7,69,1472.86
P182,2024,8,46,269.15
P182,2024,9,31,149.92
P182,2024,10,30,1222.41
P182,2024,11,72,46.51
P182,2024,12,35,1430.11
P183,2024,1,46,883.91
P183,2024,2,51,1992.19
P183,2024,3,2,1197.74
P183,2024,4,22,1926.15
P183,2024,5,50,1155.74
P183,2024,6,34,1901.54
P183,2024,7,56,940.64
P183,2024,8,82,1008.45
P183,2024,9,100,1791.76
P183,2024,10,79,356.4
P183,2024,11,49,712.48
P183,2024,12,42,1710.83
P184,2024,1,50,1826.64
P184,2024,2,43,833.55
P184,2024,3,80,906.56
P184,2024,4,2,616.93
P184,2024,5,14,522.16
P184,2024,6,64,730.54
P184,2024,7,41,541.52
P184,2024,8,15,691.65
P184,2024,9,88,1368.07
P184,2024,10,45,860.74
P184,2024,11,22,1151.81
P184,2024,12,39,1334.36
P185,2024,1,42,275.8
P185,2024,2,74,1976.51
P185,2024,3,85,523.96
P185,2024,4,18,420.58
P185,2024,5,95,382.05
P185,2024,6,85,1756.17
P185,2024,7,58,1870.52
P185,2024,8,19,1124.89
P185,2024,9,78,1890.4
P185,2024,10,61,970.65
P185,2024,11,98,698.98
P185,2024,12,21,81.0
P186,2024,1,86,1591.44
P186,2024,2,92,1942.52
P186,2024,3,3,1916.47
P186,2024,4,99,1722.2
P186,2024,5,88,477.5
P186,2024,6,65,1499.12
P186,2024,7,87,690.09
P186,2024,8,1,334.96
P186,2024,9,49,1425.83
P186,2024,10,77,1479.88
P186,2024,11,5,437.43
P186,2024,12,13,157.67
P187,2024,1,85,491.3
P187,2024,2,96,1571.3
P187,2024,3,80,1055.54
P187,2024,4,48,1085.68
P187,2024,5,54,898.13
P187,2024,6,41,1713.22
P187,2024,7,66,101.91
P187,2024,8,21,1677.74
P187,2024,9,37,1823.16
P187,2024,10,60,555.09
P187,2024,11,4,1874.06
P187,2024,12,47,1190.1
P188,2024,1,94,794.2
P188,2024,2,89,83.49
P188,2024,3,25,409.6
P188,2024,4,36,169.68
P188,2024,5,85,1957.63
P188,2024,6,80,255.45
P188,2024,7,41,1930.88
P188,2024,8,22,752.61
P188,2024,9,36,139.12
P188,2024,10,29,1992.14
P188,2024,11,61,918.01
P188,2024,12,72,1028.81
P189,2024,1,46,1574.88
P189,2024,2,24,345.57
P189,2024,3,14,459.11
P189,2024,4,38,921.95
P189,2024,5,53,1989.22
P189,2024,6,81,1447.37
P189,2024,7,4,933.2
P189,2024,8,83,832.25
P189,2024,9,2,1471.52
P189,2024,10,60,1682.29
P189,2024,11,45,1872.34
P189,2024,12,2,1654.12
P190,2024,1,52,1579.07
P190,2024,2,53,396.06
P190,2024,3,79,136.56
P190,2024,4,62,741.93
P190,2024,5,59,1897.62
P190,2024,6,67,1369.08
P190,2024,7,9,939.91
P190,2024,8,12,363.3
P190,2024,9,99,843.25
P190,2024,10,67,939.0
P190,2024,11,79,657.07
P190,2024,12,27,556.59
P191,2024,1,86,216.52
P191,2024,2,34,216.39
P191,2024,3,59,374.66
P191,2024,4,24,678.97
P191,2024,5,12,775.26
P191,2024,6,55,1158.61
P191,2024,7,27,1437.6
P191,2024,8,11,1681.99
P191,2024,9,14,1689.42
P191,2024,10,100,1021.9
P191,2024,11,46,1348.76
P191,2024,12,22,1741.54
P192,2024,1,42,1179.28
P192,2024,2,7,1055.78
P192,2024,3,63,1746.74
P192,2024,4,75,983.47
P192,2024,5,37,1070.34
P192,2024,6,5,311.83
P192,2024,7,86,780.12
P192,2024,8,32,383.3
P192,2024,9,14,1729.65
P192,2024,10,57,1955.74
P192,2024,11,46,1803.75
P192,2024,12,92,1241.78
P193,2024,1,59,1145.67
P193,2024,2,17,859.6
P193,2024,3,51,1287.07
P193,2024,4,66,1291.92
P193,2024,5,70,133.2
P193,2024,6,7,477.75
P193,2024,7,67,275.89
P193,2024,8,83,1221.99
P193,2024,9,23,324.26
P193,2024,10,3,1298.0
P193,2024,11,64,1755.25
P193,2024,12,41,1220.87
P194,2024,1,63,1936.4
P194,2024,2,28,1131.38
P194,2024,3,22,202.38
P194,2024,4,39,689.85
P194,2024,5,20,1884.48
P194,2024,6,89,1955.1
P194,2024,7,44,1340.13
P194,2024,8,84,236.51
P194,2024,9,84,1431.06
P194,2024,10,39,1143.13
P194,2024,11,36,1099.24
P194,2024,12,53,1170.88
P195,2024,1,98,1097.1
P195,2024,2,29,683.94
P195,2024,3,19,1004.36
P195,2024,4,35,1699.74
P195,2024,5,91,1982.31
P195,2024,6,56,99.02
P195,2024,7,2,811.64
P195,2024,8,25,1887.06
P195,2024,9,73,1718.04
P195,2024,10,72,1726.41
P195,2024,11,38,537.54
P195,2024,12,40,541.66
P196,2024,1,4,835.4
P196,2024,2,10,344.42
P196,2024,3,15,1779.77
P196,2024,4,71,1988.41
P196,2024,5,11,277.03
P196,2024,6,70,1624.1
P196,2024,7,50,682.48
P196,2024,8,80,998.52
P196,2024,9,85,1153.84
P196,2024,10,6,1374.1
P196,2024,11,57,613.81
P196,2024,12,7,679.7
P197,2024,1,48,962.72
P197,2024,2,5,129.11
P197,2024,3,21,651.02
P197,2024,4,12,297.52
P197,2024,5,59,1063.91
P197,2024,6,60,1503.86
P197,2024,7,70,1267.27
P197,2024,8,72,1741.94
P197,2024,9,11,1591.75
P197,2024,10,25,827.57
P197,2024,11,42,1645.21
P197,2024,12,2,1334.71
P198,2024,1,17,1439.84
P198,2024,2,65,1727.37
P198,2024,3,15,1797.86
P198,2024,4,2,1320.84
P198,2024,5,72,459.5
P198,2024,6,16,1914.55
P198,2024,7,97,1919.31
P198,2024,8,38,387.24
P198,2024,9,69,948.74
P198,2024,10,53,1657.62
P198,2024,11,33,1590.5
P198,2024,12,88,1455.6
P199,2024,1,84,553.57
P199,2024,2,55,367.25
P199,2024,3,37,1333.73
P199,2024,4,51,1812.63
P199,2024,5,19,691.84
P199,2024,6,22,540.59
P199,2024,7,41,1465.98
P199,2024,8,33,876.11
P199,2024,9,91,396.82
P199,2024,10,90,1109.42
P199,2024,11,41,790.06
P199,2024,12,90,1553.26
P200,2024,1,50,1519.38
P200,2024,2,26,1031.03
P200,2024,3,21,595.4
P200,2024,4,15,672.78
P200,2024,5,69,502.36
P200,2024,6,35,210.36
P200,2024,7,3,1492.59
P200,2024,8,21,1777.97
P200,2024,9,44,299.54
P200,2024,10,43,990.87
P200,2024,11,100,1290.83
P200,2024,12,69,1985.13
