use db_sales;

-- INSERT DAS REGIOES

INSERT INTO regiao (cod_regiao, nome_regiao) VALUES
(1, 'SUL'),
(2, 'SUDESTE'),
(3, 'CENTRO OESTE'),
(4, 'NORDESTE'),
(5, 'NORTE');


-- INSERT DOS CLIENTES

INSERT INTO clientes (cod_cliente, nom_cliente, cod_regiao, cpf, sexo) VALUES
(1,'MARIA',4,'03874603334','F'),
(2,'ANA',5,'25393538859','F'),
(3,'FRANCISCA',2,'29965619857','F'),
(4,'ANTONIA',5,'82220474143','F'),
(5,'ADRIANA',2,'36767832483','F'),
(6,'JULIANA',1,'94874755928','F'),
(7,'MARCIA',2,'97470152173','F'),
(8,'FERNANDA',1,'63314506097','F'),
(9,'PATRICIA',4,'25116916632','F'),
(10,'ALINE',4,'67670074900','F'),
(11,'SANDRA',5,'34513394473','F'),
(12,'CAMILA',2,'88192138894','F'),
(13,'AMANDA',3,'70942477722','F'),
(14,'BRUNA',1,'94917819211','F'),
(15,'JESSICA',4,'41458942893','F'),
(16,'LETICIA',1,'44203338293','F'),
(17,'JULIA',2,'13375381473','F'),
(18,'LUCIANA',4,'89503807269','F'),
(19,'VANESSA',1,'90058698486','F'),
(20,'MARIANA',4,'36449876351','F'),
(21,'GABRIELA',4,'54767387081','F'),
(22,'VERA',1,'75244700944','F'),
(23,'VITORIA',3,'71642759961','F'),
(24,'LARISSA',4,'76792386320','F'),
(25,'CLAUDIA',5,'55005166135','F'),
(26,'BEATRIZ',2,'74074269817','F'),
(27,'RITA',3,'06659280014','F'),
(28,'LUANA',2,'65477610654','F'),
(29,'SONIA',3,'61036392535','F'),
(30,'RENATA',1,'76909765990','F'),
(31,'ELIANE',2,'69731167838','F'),
(32,'JOSEFA',1,'93040576663','F'),
(33,'SIMONE',5,'32805179221','F'),
(34,'NATALIA',4,'14847771546','F'),
(35,'CRISTIANE',4,'94243069906','F'),
(36,'CARLA',5,'47184108621','F'),
(37,'DEBORA',3,'07251294097','F'),
(38,'ROSANGELA',3,'37154787076','F'),
(39,'JAQUELINE',2,'03507584256','F'),
(40,'ROSA',4,'83515854414','F'),
(41,'APARECIDA',4,'67616650199','F'),
(42,'DANIELA',5,'42185003640','F'),
(43,'MARLENE',4,'91448115051','F'),
(44,'TEREZINHA',3,'78701409824','F'),
(45,'RAIMUNDA',3,'34718140016','F'),
(46,'ANDREIA',3,'92204775433','F'),
(47,'FABIANA',4,'56869773578','F'),
(48,'LUCIA',3,'27419778268','F'),
(49,'RAQUEL',1,'15956581411','F'),
(50,'ANGELA',3,'73718304217','F'),
(51,'RAFAELA',3,'60035303543','F'),
(52,'JOANA',5,'48174517003','F'),
(53,'LUZIA',3,'26556453527','F'),
(54,'ELAINE',4,'56845628918','F'),
(55,'REGINA',1,'72522763231','F'),
(56,'DANIELE',1,'56153719231','F'),
(57,'SUELI',5,'85294874522','F'),
(58,'DAIANE',3,'33621992687','F'),
(59,'ALESSANDRA',1,'38696498398','F'),
(60,'ISABEL',1,'97667600815','F'),
(61,'SARA',1,'70661830983','F'),
(62,'BIANCA',4,'40781333859','F'),
(63,'FLAVIA',5,'07383052299','F'),
(64,'ERICA',2,'22643316939','F'),
(65,'VIVIANE',2,'26120112692','F'),
(66,'SILVANA',4,'90790567395','F'),
(67,'PRISCILA',3,'06509955890','F'),
(68,'PAULA',2,'24824360102','F'),
(69,'LUIZA',4,'44295954750','F'),
(70,'TEREZA',4,'46241770024','F'),
(71,'ISABELA',5,'52036957657','F'),
(72,'MARTA',2,'54305520800','F'),
(73,'CAROLINE',5,'42136323302','F'),
(74,'JANAINA',2,'29015978619','F'),
(75,'LAURA',1,'74889203310','F'),
(76,'MARLI',1,'08456134865','F'),
(77,'TATIANE',2,'64709446139','F'),
(78,'MARINA',2,'30246343906','F'),
(79,'SILVIA',4,'78579895922','F'),
(80,'MONICA',1,'21959399121','F'),
(81,'TAIS',2,'72189376492','F'),
(82,'MICHELE',3,'81798819652','F'),
(83,'SOLANGE',4,'76026548989','F'),
(84,'EDNA',4,'30771818939','F'),
(85,'FATIMA',1,'74227517395','F'),
(86,'HELENA',4,'61634991583','F'),
(87,'CRISTINA',2,'91157679247','F'),
(88,'ALICE',4,'19980450981','F'),
(89,'CAROLINA',1,'43493099584','F'),
(90,'ROSANA',1,'48143078593','F'),
(91,'ANDRESSA',1,'27015015778','F'),
(92,'CELIA',1,'48221230448','F'),
(93,'VALERIA',4,'04921271168','F'),
(94,'ELIANA',5,'82303790731','F'),
(95,'SABRINA',4,'04691494513','F'),
(96,'ANDREA',4,'09446839428','F'),
(97,'TANIA',2,'77171342086','F'),
(98,'BARBARA',1,'60616451187','F'),
(99,'THAIS',2,'66966732342','F'),
(100,'DENISE',5,'68451652576','F'),
(101,'ROSELI',5,'25802100921','F'),
(102,'GISELE',3,'43288668909','F'),
(103,'MARILENE',2,'94159862012','F'),
(104,'KATIA',4,'88556206767','F'),
(105,'EVA',2,'91191439789','F'),
(106,'MILENA',3,'44764072048','F'),
(107,'EDUARDA',3,'91958787624','F'),
(108,'ELISANGELA',4,'74630490593','F'),
(109,'VILMA',2,'96792034082','F'),
(110,'GEOVANA',2,'26801682783','F'),
(111,'LUCIENE',3,'05095396697','F'),
(112,'TAMIRES',5,'55538255495','F'),
(113,'TATIANA',5,'30676999421','F'),
(114,'ROBERTA',5,'10350913831','F'),
(115,'ELZA',1,'01604829460','F'),
(116,'TALITA',3,'79917351776','F'),
(117,'MARCELA',5,'86437112887','F'),
(118,'PAMELA',5,'56998326654','F'),
(119,'VANIA',2,'95430074209','F'),
(120,'IRENE',3,'85899674716','F'),
(121,'JOSIANE',2,'80522437148','F'),
(122,'LIVIA',5,'41070819924','F'),
(123,'CINTIA',1,'50720135365','F'),
(124,'IVONE',1,'48767284890','F'),
(125,'LAIS',5,'21923997286','F'),
(126,'BENEDITA',3,'08152672362','F'),
(127,'SEBASTIANA',3,'99164275371','F'),
(128,'TAINA',4,'01226487925','F'),
(129,'JOICE',5,'42971549103','F'),
(130,'MIRIAN',1,'47078663470','F'),
(131,'ELIZABETE',4,'32638256834','F'),
(132,'ANGELICA',3,'58802025017','F'),
(133,'GABRIELE',5,'49185335440','F'),
(134,'BRENDA',4,'25707373657','F'),
(135,'VERONICA',1,'86694325410','F'),
(136,'ROSILENE',4,'68118799303','F'),
(137,'KARINA',3,'22729132446','F'),
(138,'NAIR',3,'59213717724','F'),
(139,'NEUSA',2,'61744116703','F'),
(140,'MARGARIDA',5,'76542596805','F'),
(141,'NEUZA',3,'23250225634','F'),
(142,'NEIDE',2,'54111322799','F'),
(143,'RAISSA',3,'95740943112','F'),
(144,'MAIARA',4,'33613324817','F'),
(145,'LORENA',5,'63386221426','F'),
(146,'FRANCIELE',4,'95560299867','F'),
(147,'SAMARA',3,'96939290830','F'),
(148,'LILIAN',1,'17003517609','F'),
(149,'JANETE',5,'04501393030','F'),
(150,'CICERA',4,'36899509629','F'),
(151,'GIOVANA',1,'78628172007','F'),
(152,'SEVERINA',3,'74421453391','F'),
(153,'LARA',1,'18517756706','F'),
(154,'CLEIDE',3,'53133639159','F'),
(155,'NICOLE',5,'63896618031','F'),
(156,'CECILIA',3,'75664676235','F'),
(157,'YASMIN',1,'67646932696','F'),
(158,'CONCEICAO',4,'03709418079','F'),
(159,'INGRID',1,'66423110213','F'),
(160,'SELMA',1,'99717202850','F'),
(161,'LEILA',2,'32294261738','F'),
(162,'RAIANE',5,'66779208698','F'),
(163,'ESTER',4,'03110686746','F'),
(164,'REGIANE',1,'15107012421','F'),
(165,'MARISA',3,'92144957711','F'),
(166,'EUNICE',4,'10235383878','F'),
(167,'KELLY',4,'27966463738','F'),
(168,'TAINARA',3,'26362025285','F'),
(169,'IARA',1,'68665135795','F'),
(170,'JOELMA',2,'58506071539','F'),
(171,'MARINALVA',3,'22192475671','F'),
(172,'TERESINHA',4,'43669030720','F'),
(173,'REBECA',5,'39959944080','F'),
(174,'GERALDA',3,'91360625422','F'),
(175,'CLEONICE',5,'13745372702','F'),
(176,'ALEXANDRA',5,'33397677064','F'),
(177,'MARA',3,'22786309342','F'),
(178,'JENIFER',3,'92459731534','F'),
(179,'ELIZANGELA',2,'33793230926','F'),
(180,'LILIANE',1,'62056267866','F'),
(181,'LIDIA',2,'47573718199','F'),
(182,'IRACEMA',3,'02337135176','F'),
(183,'LIDIANE',4,'66804007498','F'),
(184,'IRACI',3,'78879714550','F'),
(185,'MARILIA',3,'12757869702','F'),
(186,'SHEILA',4,'16713180777','F'),
(187,'INES',1,'11672348686','F'),
(188,'NAIARA',2,'79186000117','F'),
(189,'POLIANA',1,'51719263854','F'),
(190,'DALVA',4,'28612094725','F'),
(191,'LURDES',2,'79139871120','F'),
(192,'TERESA',5,'74166097332','F'),
(193,'ZILDA',5,'41706732718','F'),
(194,'LUCILENE',4,'98762190835','F'),
(195,'CLARA',3,'85869418823','F'),
(196,'ROSANE',1,'70950450499','F'),
(197,'IVONETE',5,'76424261268','F'),
(198,'LUCIANE',1,'80892663084','F'),
(199,'ISADORA',3,'02899064032','F'),
(200,'NILZA',4,'17542305199','F'),
(201,'PALOMA',4,'85483966487','F'),
(202,'CARMEM',3,'19549426542','F'),
(203,'SUELEN',1,'54911148023','F'),
(204,'ROSIMEIRE',3,'20995932793','F'),
(205,'CLEUSA',1,'35531524652','F'),
(206,'VANDA',2,'49143208366','F'),
(207,'ILDA',1,'88581695772','F'),
(208,'JANE',3,'61232157000','F'),
(209,'ELIENE',4,'46717760430','F'),
(210,'MAYARA',3,'51958410292','F'),
(211,'DIANA',1,'02238896548','F'),
(212,'SOFIA',1,'67273356732','F'),
(213,'ARIANE',2,'88070829253','F'),
(214,'SUZANA',3,'41963661224','F'),
(215,'MARIANE',2,'94128167865','F'),
(216,'CLARICE',1,'48943012600','F'),
(217,'DAIANA',5,'76655271440','F'),
(218,'EDILENE',2,'33090580067','F'),
(219,'MIRIAM',2,'91871318385','F'),
(220,'ELISABETE',1,'13267953662','F'),
(221,'ELIETE',4,'31305409688','F'),
(222,'KARINE',2,'76443471894','F'),
(223,'JUSSARA',4,'34256070932','F'),
(224,'IZABEL',2,'31665678362','F'),
(225,'ODETE',2,'07859370472','F'),
(226,'KAREN',1,'61871227008','F'),
(227,'LUISA',3,'90610870473','F'),
(228,'CASSIA',3,'43992395344','F'),
(229,'ALANA',2,'01496919302','F'),
(230,'MONIQUE',5,'33232586509','F'),
(231,'CATIA',3,'13082923578','F'),
(232,'LUCIMAR',4,'38083983557','F'),
(233,'DEISE',2,'11290038400','F'),
(234,'ISABELE',1,'21854156659','F'),
(235,'KEILA',1,'16208659299','F'),
(236,'EVELIN',5,'70214676898','F'),
(237,'ANDREZA',1,'09468552829','F'),
(238,'ADRIELE',3,'17812032879','F'),
(239,'JOSEANE',5,'99761747529','F'),
(240,'LOURDES',5,'50329501224','F'),
(241,'YASMIM',1,'05513047280','F'),
(242,'ALZIRA',4,'03104347015','F'),
(243,'CARINA',5,'91666793251','F'),
(244,'ERIKA',3,'50000569237','F'),
(245,'GISLAINE',3,'08003113152','F'),
(246,'EMILY',2,'37260351620','F'),
(247,'JAMILE',5,'81609642934','F'),
(248,'CLAUDETE',3,'86945840852','F'),
(249,'CATARINA',1,'85725794921','F'),
(250,'GESSICA',4,'60111007099','F'),
(251,'MANUELA',2,'89780907568','F'),
(252,'TELMA',4,'55916353939','F'),
(253,'ELEN',2,'01434217597','F'),
(254,'ARLETE',2,'09291172096','F'),
(255,'GENI',4,'47341755353','F'),
(256,'HELOISA',3,'47362777293','F'),
(257,'ELIZETE',1,'99492189024','F'),
(258,'VALDIRENE',5,'40574528370','F'),
(259,'VALQUIRIA',4,'24368970807','F'),
(260,'ELOISA',4,'05968766222','F'),
(261,'NADIR',3,'46981498828','F'),
(262,'JULIANE',1,'98333127846','F'),
(263,'ZELIA',2,'10736349020','F'),
(264,'JANDIRA',5,'43332814307','F'),
(265,'DIRCE',3,'53741444247','F'),
(266,'EMILI',5,'43766946041','F'),
(267,'CARMEN',3,'98451742891','F'),
(268,'FABIOLA',4,'41630016149','F'),
(269,'AMELIA',1,'08282743526','F'),
(270,'REJANE',1,'88628321987','F'),
(271,'ESTEFANI',4,'50200532214','F'),
(272,'MAIRA',3,'37161886056','F'),
(273,'ANNA',1,'50552485636','F'),
(274,'ELISA',4,'41816089193','F'),
(275,'RUTE',1,'49404437003','F'),
(276,'ELIZABETH',5,'98053865460','F'),
(277,'LUZINETE',5,'99206029659','F'),
(278,'IOLANDA',1,'44738127196','F'),
(279,'PRICILA',2,'48725833951','F'),
(280,'ROSALINA',4,'58647312703','F'),
(281,'MADALENA',3,'33000299371','F'),
(282,'LEIDIANE',1,'78452599342','F'),
(283,'ROSEANE',1,'16701087572','F'),
(284,'MAISA',4,'91641452685','F'),
(285,'OLGA',1,'27077805337','F'),
(286,'CAMILE',1,'57832859247','F'),
(287,'EMILIA',1,'26302783396','F'),
(288,'FABIANE',1,'47786398220','F'),
(289,'NADIA',1,'07852443826','F'),
(290,'MARILDA',5,'01956708050','F'),
(291,'EDITE',3,'15204938955','F'),
(292,'VIVIAN',5,'93413034156','F'),
(293,'PAOLA',3,'45159889236','F'),
(294,'NATHALIA',5,'57200737443','F'),
(295,'CLEUZA',4,'06950046168','F'),
(296,'LUCIMARA',2,'12880577928','F'),
(297,'TAMARA',4,'49079807970','F'),
(298,'GLAUCIA',1,'04050342647','F'),
(299,'LIGIA',4,'42522962613','F'),
(300,'NUBIA',5,'64925821513','F'),
(301,'NOEMIA',3,'46618251416','F'),
(302,'MARGARETE',4,'79406234270','F'),
(303,'DAMIANA',4,'64535933107','F'),
(304,'ROSE',4,'06718837975','F'),
(305,'SALETE',2,'29004487074','F'),
(306,'CELINA',3,'76556925746','F'),
(307,'NAYARA',5,'76665228653','F'),
(308,'ROSIANE',5,'01762025444','F'),
(309,'IVETE',1,'37304718901','F'),
(310,'SIRLEI',1,'52606531238','F'),
(311,'LUCINEIA',5,'06785038673','F'),
(312,'GRAZIELE',3,'87025634663','F'),
(313,'ANGELINA',1,'29429751443','F'),
(314,'GLORIA',3,'35669731134','F'),
(315,'IRIS',5,'18120809911','F'),
(316,'NORMA',2,'21348300757','F'),
(317,'ELENICE',4,'10757005154','F'),
(318,'HILDA',5,'48971422849','F'),
(319,'ROSILDA',5,'50693343076','F'),
(320,'IASMIN',2,'28348628121','F'),
(321,'ADRIANE',2,'53291764958','F'),
(322,'MARISTELA',1,'52979221664','F'),
(323,'LUCINEIDE',1,'30194594395','F'),
(324,'SIRLENE',2,'18464158391','F'),
(325,'SILMARA',5,'02136874897','F'),
(326,'RUTH',5,'81930878063','F'),
(327,'MARIZA',4,'88619563637','F'),
(328,'VICTORIA',1,'16934229261','F'),
(329,'SILVANIA',1,'71522247701','F'),
(330,'VALDETE',2,'51395379553','F'),
(331,'NILDA',4,'51817118555','F'),
(332,'ELLEN',4,'64464698581','F'),
(333,'ANDRESA',2,'54618820846','F'),
(334,'MELISSA',4,'98957455966','F'),
(335,'CREUZA',1,'08412727789','F'),
(336,'JEANE',4,'27671416585','F'),
(337,'LINDALVA',3,'57429384523','F'),
(338,'ROSINEIDE',3,'55034089414','F'),
(339,'JACIRA',5,'34422331804','F'),
(340,'IVANI',2,'56938978635','F'),
(341,'DANIELI',3,'19505364080','F'),
(342,'IASMIM',2,'19358421362','F'),
(343,'JOYCE',1,'28638513363','F'),
(344,'EDINA',1,'37798823560','F'),
(345,'GABRIELI',5,'39789934604','F'),
(346,'JOSILENE',1,'44483666232','F'),
(347,'ALAIDE',1,'32908059986','F'),
(348,'JUDITE',1,'19730070421','F'),
(349,'MARINETE',5,'02919030708','F'),
(350,'DIVINA',2,'75761853918','F'),
(351,'OLIVIA',1,'83874139075','F'),
(352,'GRAZIELA',4,'33858857679','F'),
(353,'MICHELI',2,'68652146794','F'),
(354,'DILMA',3,'64740809838','F'),
(355,'KARLA',3,'14805215610','F'),
(356,'ELENA',3,'96287092614','F'),
(357,'MAURA',3,'94267083926','F'),
(358,'CRISTIANA',5,'38047216860','F'),
(359,'CARINE',2,'32065280901','F'),
(360,'DIVA',5,'65151517593','F'),
(361,'VANUSA',5,'97823023123','F'),
(362,'LEDA',3,'08004621625','F'),
(363,'GEANE',4,'64136267276','F'),
(364,'RAYANE',3,'50866011999','F'),
(365,'ESTELA',3,'30480104553','F'),
(366,'IVANETE',2,'25591004137','F'),
(367,'TAIANE',1,'10423926853','F'),
(368,'VIRGINIA',2,'26695159986','F'),
(369,'CARMELITA',5,'75080491738','F'),
(370,'KELI',3,'33194606065','F'),
(371,'SAMIRA',4,'73553269145','F'),
(372,'HELEN',5,'31484021757','F'),
(373,'MILENE',1,'24701032213','F'),
(374,'EMANUELE',3,'73860795125','F'),
(375,'DAYANE',5,'31960619839','F'),
(376,'GIOVANNA',5,'70483360372','F'),
(377,'MEIRE',4,'23218875806','F'),
(378,'ZENAIDE',4,'30054749223','F'),
(379,'ANITA',3,'20467878483','F'),
(380,'STEFANI',5,'20799736579','F'),
(381,'ISAURA',5,'77129802291','F'),
(382,'NELI',4,'53522238987','F'),
(383,'ADELIA',1,'13611994559','F'),
(384,'DOMINGAS',1,'55321055885','F'),
(385,'LAIANE',2,'30608407617','F'),
(386,'MARINES',5,'57199875071','F'),
(387,'VANDERLEIA',5,'88691488073','F'),
(388,'ISABELLA',2,'36989783194','F'),
(389,'NATALI',5,'57313992104','F'),
(390,'QUITERIA',4,'92163102605','F'),
(391,'SARAH',1,'84643054174','F'),
(392,'AUREA',1,'04049900101','F'),
(393,'BERNADETE',4,'90761405703','F'),
(394,'DANIELLE',3,'10598384745','F'),
(395,'IVANILDA',4,'08909756432','F'),
(396,'IRANI',4,'61827486003','F'),
(397,'LEONICE',2,'54734754435','F'),
(398,'ANE',3,'38593625349','F'),
(399,'FRANCIELI',1,'89404730841','F'),
(400,'SHIRLEY',2,'63272092738','F'),
(401,'IZABELA',4,'94041735596','F'),
(402,'MAGDA',2,'62947064307','F'),
(403,'EDILEUZA',2,'60010142876','F'),
(404,'ROSEMEIRE',5,'15305082044','F'),
(405,'MARIZETE',4,'78482242887','F'),
(406,'JOSELIA',5,'69492141531','F'),
(407,'LEANDRA',5,'65198985807','F'),
(408,'MIRELA',1,'49261617430','F'),
(409,'ELIZA',2,'73153551882','F'),
(410,'SUELY',4,'29095733810','F'),
(411,'CIBELE',2,'62288940605','F'),
(412,'FABRICIA',5,'69364015043','F'),
(413,'DORALICE',2,'65111373109','F'),
(414,'LUCI',5,'22767032120','F'),
(415,'SORAIA',5,'41603992056','F'),
(416,'SOCORRO',4,'19086147583','F'),
(417,'ALDA',1,'79517039973','F'),
(418,'GILMARA',4,'62346991385','F'),
(419,'ZENILDA',3,'44678209148','F'),
(420,'MARCILENE',5,'30456681008','F'),
(421,'MICHELLE',4,'20608965771','F'),
(422,'ANGELITA',3,'84630639704','F'),
(423,'DULCE',4,'64671600214','F'),
(424,'JAINE',2,'05862114110','F'),
(425,'ADELAIDE',3,'74387245879','F'),
(426,'EMILLY',1,'99880750131','F'),
(427,'CELMA',2,'97818401771','F'),
(428,'ILMA',1,'03687156879','F'),
(429,'ROSALIA',4,'19642513658','F'),
(430,'CLAUDINEIA',5,'35064881470','F'),
(431,'MANOELA',5,'07477613697','F'),
(432,'EMILE',1,'07452581516','F'),
(433,'ELVIRA',5,'03938688656','F'),
(434,'IONE',2,'99374735019','F'),
(435,'NARA',2,'45213856256','F'),
(436,'TALIA',1,'89523236884','F'),
(437,'GISLENE',5,'48565071474','F'),
(438,'LUCELIA',3,'53196438276','F'),
(439,'LAILA',1,'81713084180','F'),
(440,'VANILDA',3,'94763034545','F'),
(441,'JUCILENE',3,'51407913124','F'),
(442,'GILDA',1,'06829473420','F'),
(443,'MATILDE',5,'21424244205','F'),
(444,'JURACI',3,'74960895854','F'),
(445,'MARLUCE',3,'79712654899','F'),
(446,'JACIARA',2,'10314973581','F'),
(447,'EVELYN',2,'89677371343','F'),
(448,'GLEICE',1,'70643091510','F'),
(449,'NEIVA',2,'28768372646','F'),
(450,'ESTEFANE',3,'12999031107','F'),
(451,'LAISA',3,'65026360366','F'),
(452,'ROMILDA',3,'38704770490','F'),
(453,'SAMANTA',5,'25866026538','F'),
(454,'ROSIMERE',3,'50156408827','F'),
(455,'OLINDA',1,'90613818033','F'),
(456,'JANICE',5,'89261110476','F'),
(457,'MARINEIDE',2,'53904178293','F'),
(458,'IEDA',1,'41280117349','F'),
(459,'BEATRIS',1,'57574798079','F'),
(460,'EDVANIA',3,'90191908052','F'),
(461,'LAVINIA',4,'85963158255','F'),
(462,'JUREMA',2,'98151769277','F'),
(463,'RAISA',5,'92575264030','F'),
(464,'FRANCILENE',1,'10080916334','F'),
(465,'ELANE',4,'82926717956','F'),
(466,'LUDIMILA',4,'12934509789','F'),
(467,'ILZA',5,'16233554361','F'),
(468,'MARILZA',4,'67523592950','F'),
(469,'ADELINA',5,'75339385205','F'),
(470,'GRACIELE',2,'09200563092','F'),
(471,'JOSEFINA',4,'48217164798','F'),
(472,'SHIRLEI',2,'88027502444','F'),
(473,'DALILA',2,'83676645417','F'),
(474,'LEIA',1,'69218145077','F'),
(475,'IVANILDE',2,'07478960009','F'),
(476,'NAIANE',5,'72137892624','F'),
(477,'NOEMI',1,'04240992763','F'),
(478,'NOELI',2,'38296589911','F'),
(479,'CAROLAINE',5,'52319288438','F'),
(480,'NATALINA',4,'01007460848','F'),
(481,'JENNIFER',3,'76697500423','F'),
(482,'ALCIONE',1,'72090925209','F'),
(483,'CLEIDIANE',2,'20854504085','F'),
(484,'ALBERTINA',1,'30584306889','F'),
(485,'TAISA',1,'83233113837','F'),
(486,'YARA',4,'24182160234','F'),
(487,'MARI',1,'92632465309','F'),
(488,'MAGALI',3,'66638347031','F'),
(489,'KAROLINE',4,'22548334325','F'),
(490,'KELY',3,'64988641547','F'),
(491,'LARISA',1,'58429776716','F'),
(492,'WILMA',4,'34706365453','F'),
(493,'EDIVANIA',3,'07935834832','F'),
(494,'NAZARE',5,'87747573546','F'),
(495,'CREUSA',2,'67594122711','F'),
(496,'JUCELIA',1,'93526204114','F'),
(497,'CLAUDIANE',3,'62618595638','F'),
(498,'GEISA',5,'23003358325','F'),
(499,'VALDELICE',4,'86926246767','F'),
(500,'LILIA',1,'98467942292','F'),
(501,'CRISLAINE',2,'42147035558','F'),
(502,'EDNALVA',1,'83280743318','F'),
(503,'ROSENILDA',3,'86427407955','F'),
(504,'MARLY',5,'55520502799','F'),
(505,'CLEIA',1,'55656872013','F'),
(506,'ANNE',2,'37173690487','F'),
(507,'EDINALVA',5,'66288055643','F'),
(508,'BERENICE',1,'02234813389','F'),
(509,'IVANA',3,'52841451500','F'),
(510,'KAUANE',5,'75438161099','F'),
(511,'EDINEIA',1,'38051081820','F'),
(512,'VANUZA',1,'37483551910','F'),
(513,'LUDMILA',3,'90570000614','F'),
(514,'KAMILA',3,'32738458756','F'),
(515,'LINDINALVA',4,'40921676732','F'),
(516,'FRANCINE',2,'26675309249','F'),
(517,'SUSANA',5,'53679341552','F'),
(518,'AGATA',5,'32346804509','F'),
(519,'ZILMA',5,'29457412133','F'),
(520,'LENI',2,'39346906148','F'),
(521,'KAILANE',1,'62908668577','F'),
(522,'ALICIA',1,'12710349248','F'),
(523,'FRANCINETE',2,'89008625222','F'),
(524,'CAROL',2,'23180277584','F'),
(525,'JESICA',4,'98468182719','F'),
(526,'ARIANA',5,'99229690927','F'),
(527,'ISABELI',3,'87204329886','F'),
(528,'LEONILDA',2,'60144822519','F'),
(529,'ROSIMAR',1,'20871854454','F'),
(530,'ZULEIDE',3,'83644256923','F'),
(531,'NILVA',3,'25428582389','F'),
(532,'RAYSSA',1,'53547099169','F'),
(533,'SANTA',5,'48310507340','F'),
(534,'VALDINEIA',5,'53782517682','F'),
(535,'IDALINA',4,'13581454501','F'),
(536,'MERCIA',1,'98490797818','F'),
(537,'KESIA',3,'84745744848','F'),
(538,'EDILAINE',3,'29830120683','F'),
(539,'KENIA',5,'73162117316','F'),
(540,'JULIETA',3,'86591802858','F'),
(541,'SOPHIA',3,'32742959124','F'),
(542,'RUBIA',2,'13167085969','F'),
(543,'MERCEDES',2,'95773454542','F'),
(544,'SUELEM',1,'01600598861','F'),
(545,'IVANIR',1,'57612208608','F'),
(546,'ELISABETH',4,'52489004527','F'),
(547,'JOSE',4,'29073335842','F'),
(548,'STEFANY',2,'74310559874','F'),
(549,'IRMA',2,'19891992619','F'),
(550,'GABRIELLE',1,'97182735679','F'),
(551,'ELISETE',1,'09054485827','F'),
(552,'HELLEN',4,'23661275209','F'),
(553,'ENI',4,'34215015639','F'),
(554,'CLARISSE',2,'14489597603','F'),
(555,'CLAUDIANA',3,'18923311432','F'),
(556,'THAINA',2,'55548092233','F'),
(557,'LENIR',1,'75241380094','F'),
(558,'THALITA',4,'19735098772','F'),
(559,'IVANEIDE',4,'05290555691','F'),
(560,'ISABELLE',2,'39807252681','F'),
(561,'PAULINA',1,'24348883589','F'),
(562,'GISELI',4,'06361860219','F'),
(563,'DARCI',2,'17600378827','F'),
(564,'JORDANA',4,'49913299972','F'),
(565,'VALDECI',2,'74445587544','F'),
(566,'MAYRA',5,'19601568930','F'),
(567,'MARLUCIA',3,'26011388952','F'),
(568,'ANALIA',3,'76735636271','F'),
(569,'ELIS',4,'30590372151','F'),
(570,'CILENE',1,'38292188129','F'),
(571,'JOSELITA',3,'13188354529','F'),
(572,'DARLENE',3,'63999589624','F'),
(573,'VALDENICE',5,'42153417413','F'),
(574,'MARILEIDE',5,'41381803991','F'),
(575,'ELISANDRA',1,'66617167226','F'),
(576,'SANTINA',3,'98912037344','F'),
(577,'LEONOR',3,'36474561390','F'),
(578,'KATIANE',3,'99322728278','F'),
(579,'DOLORES',2,'17800373006','F'),
(580,'ANTONIETA',5,'49061050868','F'),
(581,'DORACI',3,'03535530614','F'),
(582,'GLEICIANE',4,'61866935955','F'),
(583,'ISIS',1,'93570291613','F'),
(584,'ADRIELI',3,'33668185361','F'),
(585,'GUIOMAR',4,'40705449195','F'),
(586,'AURORA',4,'59246447824','F'),
(587,'ESMERALDA',4,'91589299099','F'),
(588,'NICOLI',4,'81660164587','F'),
(589,'MARIELE',4,'72862641546','F'),
(590,'EMANUELA',4,'24909123924','F'),
(591,'MARCELE',2,'18916373824','F'),
(592,'EDNEIA',5,'50773009579','F'),
(593,'BETANIA',3,'47556189767','F'),
(594,'GENILDA',1,'75716012764','F'),
(595,'FRANCIANE',2,'84959065776','F'),
(596,'GILDETE',1,'28563311986','F'),
(597,'VANESA',1,'96221035466','F'),
(598,'MAGNA',2,'73848152669','F'),
(599,'JACKELINE',4,'24922419369','F'),
(600,'ELIDA',4,'26704973294','F'),
(601,'EFIGENIA',1,'22551888576','F'),
(602,'LAZARA',4,'59879790933','F'),
(603,'FILOMENA',2,'14380438358','F'),
(604,'DULCINEIA',3,'33004844814','F'),
(605,'NELCI',5,'68668459405','F'),
(606,'DEJANIRA',4,'89442103128','F'),
(607,'LINDAURA',5,'73938006988','F'),
(608,'CANDIDA',1,'48737389588','F'),
(609,'LORRANE',2,'15313741241','F'),
(610,'THAMIRES',2,'25022972779','F'),
(611,'NANCI',1,'57563556385','F'),
(612,'ELOA',3,'31209284752','F'),
(613,'GIULIA',5,'47751004033','F'),
(614,'LANA',5,'49804654218','F'),
(615,'GREICE',3,'11441456238','F'),
(616,'JOAQUINA',5,'01586185538','F'),
(617,'FRANCINEIDE',3,'03345296228','F'),
(618,'ALMERINDA',1,'43520717633','F'),
(619,'ALEXSANDRA',3,'51815901211','F'),
(620,'NAIRA',5,'71594491965','F'),
(621,'FABIA',2,'62669011523','F'),
(622,'ELI',2,'81290343305','F'),
(623,'RENILDA',1,'86125666712','F'),
(624,'EDILEUSA',5,'32158809299','F'),
(625,'ROSINETE',2,'03166641252','F'),
(626,'LORRAINE',5,'87888130767','F'),
(627,'FLAVIANA',5,'38802023608','F'),
(628,'JOSENILDA',3,'99473854786','F'),
(629,'NELMA',5,'31519420764','F'),
(630,'TAMIRIS',2,'85619400472','F'),
(631,'ANDRIELE',5,'65293847591','F'),
(632,'ARACI',2,'13056210711','F'),
(633,'ELSA',3,'98027705661','F'),
(634,'ARLENE',3,'38504143037','F'),
(635,'ROSELAINE',2,'50979316834','F'),
(636,'MICAELE',3,'71472945501','F'),
(637,'LIA',2,'97351423040','F'),
(638,'DINA',1,'40505548840','F'),
(639,'GEOVANNA',5,'27058003445','F'),
(640,'LUCIVANIA',5,'53235649423','F'),
(641,'KELLI',5,'49178585933','F'),
(642,'LEILIANE',3,'05054457017','F'),
(643,'NILSA',2,'25654070287','F'),
(644,'EDJANE',3,'16549071957','F'),
(645,'EUGENIA',2,'31671632113','F'),
(646,'SUELLEN',4,'36707108309','F'),
(647,'GIRLENE',2,'03081524110','F'),
(648,'JOSINEIDE',4,'42540200450','F'),
(649,'ALESANDRA',5,'24982485277','F'),
(650,'JAIANE',3,'45318832942','F'),
(651,'LEIDE',4,'61462985515','F'),
(652,'MARY',1,'85567161216','F'),
(653,'KETLIN',4,'63089730421','F'),
(654,'NILCE',1,'80426885619','F'),
(655,'ARLINDA',5,'26043363990','F'),
(656,'AMARA',1,'80199315993','F'),
(657,'MORGANA',4,'04977278440','F'),
(658,'ELIZANDRA',4,'75919597467','F'),
(659,'AUGUSTA',2,'78894091673','F'),
(660,'CIRLENE',4,'67290310904','F'),
(661,'ELENIR',2,'41041409864','F'),
(662,'NILMA',5,'56360577032','F'),
(663,'GRACA',4,'39758873768','F'),
(664,'INGRIDE',5,'02325839036','F'),
(665,'ANALICE',4,'04079601940','F'),
(666,'NATASHA',3,'84602080117','F'),
(667,'JOVELINA',1,'31994272979','F'),
(668,'BRENA',5,'57716758853','F'),
(669,'INACIA',4,'62550275596','F'),
(670,'ELMA',4,'74851681162','F'),
(671,'JENIFFER',1,'51295147845','F'),
(672,'DELMA',5,'63914283097','F'),
(673,'VALDILENE',1,'21975359972','F'),
(674,'MARLEIDE',2,'45405703401','F'),
(675,'ENEDINA',3,'45045535212','F'),
(676,'TAISE',3,'13476585599','F'),
(677,'JEOVANA',5,'54482390960','F'),
(678,'JAKELINE',5,'97576536631','F'),
(679,'EDILMA',3,'04672335147','F'),
(680,'ELENITA',5,'90643718076','F'),
(681,'LEA',2,'31761822820','F'),
(682,'EURIDES',2,'53141038288','F'),
(683,'ALBA',1,'69907638159','F'),
(684,'NATIELE',5,'40612272742','F'),
(685,'ALEXIA',3,'24589635739','F'),
(686,'CAUANE',5,'58427535615','F'),
(687,'FLAVIANE',2,'19410158093','F'),
(688,'DENIZE',4,'29385189284','F'),
(689,'OTILIA',1,'93600669512','F'),
(690,'GABRIELLY',5,'41684450525','F'),
(691,'LENICE',1,'82623702033','F'),
(692,'VICENTINA',1,'61480301664','F'),
(693,'ESTEFANY',5,'46372643998','F'),
(694,'MIRELE',2,'66306625488','F'),
(695,'LUCICLEIDE',3,'15367430695','F'),
(696,'ROSENI',1,'07024253162','F'),
(697,'LUCILIA',2,'96253169048','F'),
(698,'LUCINETE',5,'04445906262','F'),
(699,'IZAURA',2,'94454528357','F'),
(700,'JANIELE',4,'14031316477','F'),
(701,'SUZANE',5,'36096350860','F'),
(702,'CAMILI',3,'88661117611','F'),
(703,'NADJA',3,'06771733681','F'),
(704,'TAILA',1,'29301302951','F'),
(705,'IVONEIDE',3,'59998891371','F'),
(706,'SAMIA',3,'35827051542','F'),
(707,'SIMONI',1,'54830538373','F'),
(708,'ROSEMARY',1,'14090642010','F'),
(709,'MARGARETH',4,'04499027313','F'),
(710,'GILVANIA',1,'22511836906','F'),
(711,'AMALIA',4,'83352478472','F'),
(712,'SILENE',1,'34985227093','F'),
(713,'TAUANE',2,'17008788217','F'),
(714,'JOSIELE',1,'44280755313','F'),
(715,'NIVEA',4,'81068991282','F'),
(716,'DINALVA',3,'70669577589','F'),
(717,'VALENTINA',2,'90016003575','F'),
(718,'ZUMIRA',3,'10181067687','F'),
(719,'MARCIANA',4,'15704788769','F'),
(720,'JAMILI',1,'42178276543','F'),
(721,'TAYNA',2,'69075871131','F'),
(722,'ROSELENE',5,'47852524270','F'),
(723,'LISIANE',4,'43068952200','F'),
(724,'IVANIA',3,'52715967548','F'),
(725,'PIETRA',1,'69075461413','F'),
(726,'JHENIFER',3,'78559410230','F'),
(727,'MAIANE',2,'74901166389','F'),
(728,'MICAELA',5,'81687176383','F'),
(729,'LAURINDA',5,'02164306384','F'),
(730,'LUANE',1,'56585770093','F'),
(731,'CASSIANE',3,'70793372317','F'),
(732,'ROGERIA',5,'44590594124','F'),
(733,'ROSIMERI',1,'67361284798','F'),
(734,'CLEUNICE',4,'73386941836','F'),
(735,'ARIELE',4,'15116759473','F'),
(736,'LUCILA',2,'51621050961','F'),
(737,'GABRIELLA',4,'68351524558','F'),
(738,'WANDA',5,'24859746767','F'),
(739,'VALMIRA',1,'85429635437','F'),
(740,'KALINE',2,'79731062865','F'),
(741,'TAYNARA',2,'03701510530','F'),
(742,'ROSARIA',1,'66333339752','F'),
(743,'CHEILA',4,'79039032121','F'),
(744,'CLARISSA',3,'29398109991','F'),
(745,'NELZA',4,'70945079057','F'),
(746,'GRASIELE',2,'65090223880','F'),
(747,'DIANE',2,'70004568085','F'),
(748,'ELOIZA',1,'83387616200','F'),
(749,'THAYNA',4,'27677994740','F'),
(750,'SILVA',5,'48531242741','F'),
(751,'JACINTA',1,'03104560894','F'),
(752,'JOSELMA',4,'65331158248','F'),
(753,'NATALY',5,'89643207719','F'),
(754,'NIVIA',5,'48413302816','F'),
(755,'TAILANE',4,'38853066953','F'),
(756,'JACI',3,'80170048003','F'),
(757,'JACQUELINE',2,'32380110366','F'),
(758,'OSMARINA',3,'29958455360','F'),
(759,'LAIZA',2,'56318852478','F'),
(760,'ANANDA',4,'85457312210','F'),
(761,'GEISIANE',4,'83409362239','F'),
(762,'JOSELI',3,'14761308309','F'),
(763,'LAUDICEIA',2,'01608629183','F'),
(764,'LIANE',3,'74050498666','F'),
(765,'THALIA',4,'45234525240','F'),
(766,'AGATHA',1,'53723225152','F'),
(767,'EDIANE',3,'40434867284','F'),
(768,'MARLETE',5,'79836446445','F'),
(769,'CINTHIA',5,'94667364598','F'),
(770,'CACILDA',5,'06155510852','F'),
(771,'DANILA',5,'43327780476','F'),
(772,'IZADORA',3,'58536504562','F'),
(773,'MARIETA',1,'37459366682','F'),
(774,'EMANUELI',3,'23304806063','F'),
(775,'CLEMILDA',1,'72070392138','F'),
(776,'SINTIA',2,'79555218007','F'),
(777,'TACIANA',5,'36071215452','F'),
(778,'DORA',5,'87006322233','F'),
(779,'ALANE',3,'46210773698','F'),
(780,'CELI',2,'13851575737','F'),
(781,'ISA',2,'19287618943','F'),
(782,'JULIETE',4,'16723969306','F'),
(783,'MONALISA',4,'17833136176','F'),
(784,'JANINE',3,'06846987542','F'),
(785,'JORGINA',3,'96139955286','F'),
(786,'MARIANGELA',2,'68120808814','F'),
(787,'MIRIA',2,'70042465995','F'),
(788,'JOAO',3,'22606323217','F'),
(789,'CELESTE',4,'08654706963','F'),
(790,'GRACIELA',4,'91401748924','F'),
(791,'HOSANA',4,'42253955489','F'),
(792,'LUZIANE',5,'68156260562','F'),
(793,'HELIA',2,'09182414737','F'),
(794,'RAIANA',1,'75096134062','F'),
(795,'ELEM',1,'43865305040','F'),
(796,'TAISSA',3,'98491910052','F'),
(797,'LUCINDA',3,'69599136533','F'),
(798,'NELSA',2,'20342492172','F'),
(799,'COSMA',2,'13151582748','F'),
(800,'CATIANE',4,'04494081815','F'),
(801,'STEFANE',3,'20359798500','F'),
(802,'IDA',2,'46599693331','F'),
(803,'PEDRINA',2,'21765342616','F'),
(804,'GERALDINA',1,'30533673702','F'),
(805,'DAYANA',5,'87825855610','F'),
(806,'LILIANA',3,'25436958231','F'),
(807,'DIONE',3,'63267678592','F'),
(808,'CRISLANE',3,'61168274236','F'),
(809,'ISABELLY',4,'39475945489','F'),
(810,'DANDARA',1,'67118779516','F'),
(811,'NEILA',4,'08749743259','F'),
(812,'GRAZIELI',4,'41800248203','F'),
(813,'LAISE',2,'80208080166','F'),
(814,'RAILANE',3,'44173554488','F'),
(815,'YOLANDA',3,'28362264156','F'),
(816,'LENILDA',5,'59990833312','F'),
(817,'JACILENE',2,'28997571475','F'),
(818,'KELIANE',1,'21183543137','F'),
(819,'SINARA',2,'95810702806','F'),
(820,'IZABELE',5,'73583209134','F'),
(821,'ERCILIA',2,'93756175392','F'),
(822,'AGDA',3,'21554143206','F'),
(823,'MARCELINA',5,'55226334795','F'),
(824,'ETELVINA',3,'72802601758','F'),
(825,'PALMIRA',1,'64795194410','F'),
(826,'CLELIA',4,'93605188239','F'),
(827,'VALESCA',2,'82634641429','F'),
(828,'ESTHER',1,'42262835838','F'),
(829,'KETLEN',5,'33940852916','F'),
(830,'ALVINA',1,'31228926617','F'),
(831,'NILZETE',3,'64675605174','F'),
(832,'ODILA',5,'64897144587','F'),
(833,'MARISE',2,'67628917036','F'),
(834,'RACHEL',4,'55965777512','F'),
(835,'JADE',4,'24013940288','F'),
(836,'EULALIA',5,'15121375149','F'),
(837,'ROSELIA',2,'77563427518','F'),
(838,'JUCIARA',3,'55466938466','F'),
(839,'WANESSA',2,'95479932761','F'),
(840,'ROSEMARI',1,'28726603653','F'),
(841,'LAURITA',2,'65990202442','F'),
(842,'DANUBIA',1,'29164808961','F'),
(843,'NOELIA',5,'38584711529','F'),
(844,'JOISE',4,'84812856678','F'),
(845,'DEISIANE',5,'28250870512','F'),
(846,'CAREN',3,'24661057211','F'),
(847,'INGRIDI',2,'02259532521','F'),
(848,'DARA',4,'95777019171','F'),
(849,'LENITA',5,'58921332543','F'),
(850,'ELENILDA',3,'87577679707','F'),
(851,'MARILENA',5,'18716295359','F'),
(852,'EVILIN',1,'48571795651','F'),
(853,'MARCELI',3,'22990756964','F'),
(854,'GESICA',4,'61662519041','F'),
(855,'ROSILEIDE',3,'90513432911','F'),
(856,'GERLANE',1,'37364470263','F'),
(857,'EMANUELLE',1,'32574134103','F'),
(858,'ELENI',3,'29440436616','F'),
(859,'MAYSA',3,'17079935243','F'),
(860,'ALDENORA',3,'53632495801','F'),
(861,'MARLUCI',2,'31086747770','F'),
(862,'TABATA',5,'83382605591','F'),
(863,'THAYS',1,'71191385663','F'),
(864,'NATACHA',4,'83770619843','F'),
(865,'ANDRIELI',1,'84468164573','F'),
(866,'JUNIA',5,'88721953709','F'),
(867,'MARLEI',4,'81083392676','F'),
(868,'JOCELIA',2,'16278141826','F'),
(869,'ESTELITA',5,'91718631590','F'),
(870,'ZULMIRA',5,'66904647160','F'),
(871,'LUCIDALVA',3,'45235291370','F'),
(872,'CREMILDA',3,'16461243642','F'),
(873,'MARILEIA',1,'29671474517','F'),
(874,'DAYSE',4,'35964347141','F'),
(875,'RAILDA',5,'29114871662','F'),
(876,'LENIRA',1,'52082919580','F'),
(877,'CLAIR',5,'63378688126','F'),
(878,'VERIDIANA',5,'97043454550','F'),
(879,'TATIELE',5,'50542696158','F'),
(880,'SAMILA',3,'64470842743','F'),
(881,'THAISA',2,'46057506051','F'),
(882,'IRIA',2,'22639826990','F'),
(883,'LISANDRA',4,'38118976093','F'),
(884,'QUEILA',1,'43727677077','F'),
(885,'KELEN',4,'94564755480','F'),
(886,'LUCAS',3,'53087080789','F'),
(887,'MIRTES',1,'33566826954','F'),
(888,'ALMIRA',2,'71651600007','F'),
(889,'STEPHANIE',5,'74539890428','F'),
(890,'ROSICLEIDE',1,'78920723388','F'),
(891,'JULIENE',4,'36302432280','F'),
(892,'SANDY',1,'86144078888','F'),
(893,'CAMILLA',1,'96325636284','F'),
(894,'ONDINA',1,'62929338633','F'),
(895,'EDINEIDE',5,'04347065366','F'),
(896,'ADRIA',4,'39364594749','F'),
(897,'DEBORAH',3,'06626620466','F'),
(898,'EDILANE',1,'17720081030','F'),
(899,'ROSEMERE',5,'07805445069','F'),
(900,'JOCILENE',5,'03930023179','F'),
(901,'RUTI',4,'07873097726','F'),
(902,'LIANA',5,'34146180455','F'),
(903,'ELINE',4,'82398278704','F'),
(904,'LUMA',3,'62014485558','F'),
(905,'ELISIANE',4,'43283147379','F'),
(906,'SOELI',4,'05953470573','F'),
(907,'NILCEIA',1,'60586030991','F'),
(908,'GISLANE',1,'46154866620','F'),
(909,'KAREM',4,'91562027265','F'),
(910,'LUARA',1,'45541388317','F'),
(911,'ELDA',4,'38928146349','F'),
(912,'GLENDA',1,'61925345363','F'),
(913,'MARINEZ',2,'38526356781','F'),
(914,'ABIGAIL',4,'09743252164','F'),
(915,'ROSINEIA',5,'13226166583','F'),
(916,'ANNY',2,'34008253873','F'),
(917,'LUCILEIDE',4,'54549446255','F'),
(918,'CLAUDENICE',2,'59566900380','F'),
(919,'MAIZA',2,'27698617999','F'),
(920,'CHARLENE',1,'33156391764','F'),
(921,'JUCIMARA',2,'63943384250','F'),
(922,'LINA',3,'03887740107','F'),
(923,'GERUSA',2,'25303420871','F'),
(924,'LUCILEIA',4,'43298784794','F'),
(925,'JAILMA',2,'64371876048','F'),
(926,'MIKAELE',4,'54739455529','F'),
(927,'GORETE',3,'19406798730','F'),
(928,'ROSICLEIA',4,'95311480565','F'),
(929,'AIDA',4,'32067525220','F'),
(930,'MAGNOLIA',3,'30881039895','F'),
(931,'LEONORA',1,'56086884487','F'),
(932,'RAFAELE',3,'86626428907','F'),
(933,'CRISTINE',1,'45420479732','F'),
(934,'LUCIMEIRE',2,'04897465527','F'),
(935,'GABRIEL',4,'17352778888','F'),
(936,'ALEXANDRINA',3,'84993960498','F'),
(937,'CORINA',3,'03160996539','F'),
(938,'LINDA',1,'02385327709','F'),
(939,'GRASIELA',5,'46431439638','F'),
(940,'KASSIA',2,'19653192512','F'),
(941,'ELIZIANE',4,'16521930052','F'),
(942,'JOSINETE',5,'49900664102','F'),
(943,'CAILANE',3,'28854491568','F'),
(944,'SIDNEIA',5,'37419611765','F'),
(945,'ADALGISA',4,'75551703879','F'),
(946,'HELENICE',5,'64361884529','F'),
(947,'FLORA',3,'86230336218','F'),
(948,'GUILHERMINA',2,'19094991080','F'),
(949,'POLIANE',5,'07612722250','F'),
(950,'GISELLE',1,'63521962753','F'),
(951,'JOSINA',3,'60753251963','F'),
(952,'THEREZINHA',5,'27530546528','F'),
(953,'IVA',4,'83510593915','F'),
(954,'SULAMITA',5,'82950532211','F'),
(955,'MARIVALDA',2,'34805133437','F'),
(956,'RAFAELLA',4,'95107633482','F'),
(957,'DAGMAR',5,'45404602018','F'),
(958,'VALDA',5,'26908078016','F'),
(959,'SILVANE',1,'49384856703','F'),
(960,'DAMARIS',5,'19858318560','F'),
(961,'LUNA',1,'93805224969','F'),
(962,'SILVANI',1,'03838551020','F'),
(963,'EVELINE',3,'23827228572','F'),
(964,'KEZIA',5,'72842271055','F'),
(965,'RANIELE',1,'35024489236','F'),
(966,'IANA',4,'69917527927','F'),
(967,'MARILUCIA',1,'90527636572','F'),
(968,'JUSTINA',1,'92091969037','F'),
(969,'GEORGINA',1,'54520245829','F'),
(970,'MICAELI',3,'45112768371','F'),
(971,'ERNESTINA',5,'92898158607','F'),
(972,'VALDIRA',3,'12969375439','F'),
(973,'ZELI',1,'62201110812','F'),
(974,'JACIANE',1,'05036709191','F'),
(975,'LEILANE',4,'17021171524','F'),
(976,'TAIANA',2,'43420646604','F'),
(977,'SAMANTHA',5,'83581773394','F'),
(978,'AILA',3,'90321187431','F'),
(979,'FLORINDA',1,'96536914942','F'),
(980,'MARISETE',5,'83380388470','F'),
(981,'GEISE',2,'43985311067','F'),
(982,'LEONI',2,'72301150730','F'),
(983,'JOSELINA',1,'95385375225','F'),
(984,'EVANIR',2,'80836216772','F'),
(985,'INGRED',2,'94260040156','F'),
(986,'CLOTILDE',3,'91759830021','F'),
(987,'GISELA',3,'37704867729','F'),
(988,'EDI',5,'51251811803','F'),
(989,'PRISCILLA',5,'67686729087','F'),
(990,'MARILEI',4,'44947928828','F'),
(991,'LEONTINA',1,'06692547679','F'),
(992,'MARICELIA',1,'98095410198','F'),
(993,'KELLEN',5,'50167643839','F'),
(994,'DURVALINA',1,'77661998562','F'),
(995,'LILIAM',3,'83394512944','F'),
(996,'LUSIA',1,'30818141047','F'),
(997,'ARMINDA',2,'93082973985','F'),
(998,'VITALINA',4,'47714704855','F'),
(999,'LECI',3,'54999678521','F');


-- INSERT PRODUTOS

INSERT INTO produtos (cod_produto, desc_produto, preco) VALUES 
('P001','Biscoito Pedigree Biscrok Para Cães Adultos Multi 1 kg',107.97),
('P002','Tapete Higiênico Confort Pads 60x55 com 30 Unidades',18.66),
('P003','Bravecto Cães de 4.5 até 10kg Bravecto para Cães. 4.5 a 10kg.',125.30),
('P004','Simparic 20mg. 5.1 até 10kg. 03 Compr Zoetis para Cães',122.64),
('P005','NexGard Antipulgas e Carrapatos para Cães de 10.1 a 25kg 3 tabletes',99.98),
('P006','NexGard Antipulgas e Carrapatos para Cães de 4.1 a 10kg 3 tabletes',66.65),
('P007','Ração Úmida Whiskas Sachê Carne ao Molho para Gatos Adultos - Leve 12 Pague 10',98.64),
('P008','Areia Higiênica Biodegradável para Gatos Petfive / Viva Verde Vida Descomplicada 4kg',110.64),
('P009','Tapete Higiênico para Cães Blue Premium 30 Unidades',105.31),
('P010','Bifinho Keldog Churrasco 500G',101.31),
('P011','Coleira Antipulgas e Carrapatos Bayer Seresto para Cães e Gatos de até 8kg',114.64),
('P012','PetLike - Tapete Higiênico para Cães - 80x60cm - 30und',130.63),
('P013','Tapete Higienico Chalesco 50 Unid. 90 X 60cm',99.98),
('P014','Ração Úmida Pedigree Sachê Carne ao Molho para Cães Adultos de Raças Pequenas - Leve 12 Pague 10',42.66),
('P015','Tapete Higiênico Good Pad para Cães. Good Pet. 60cmx60cm. 50 Unidades. Embalagem Pode Variar',85.31),
('P016','Dreamies - Petisco Para Gatos. Carne. Adultos. 40g',107.97),
('P017','Scalibor Coleira Antiparasitária 65cm para Cães Scalibor para Cães. 65 cm.',95.98),
('P018','Coleira Seresto® anti-carrapatos e pulgas para cães acima de 8kg',67.98),
('P019','NexGard Antipulgas e Carrapatos para Cães de 4.1 a 10kg. 1 tablete',46.66),
('P020','Grade De Proteção para Pet Cães Para Portas Portão até 80cm',62.65),
('P021','Tapete Higiênico Tico Pads. 30 Unidades',69.32),
('P022','Shampoo Antibacteriano Agener União Dr.Clean Cloresten 500 ML',98.64),
('P023','Tapete Higiênico Cafuné Slim 30 unidades',95.98),
('P024','PetLike - Tapete Higiênico com Aroma de Lavanda para Cães Ultra Pads - 80x60cm - 30 und',102.64),
('P025','Simparic 20Mg. 5.1 Até 10Kg. 1Cp Zoetis Para Cães',110.64),
('P026','Apoquel 3.6Mg - 20Compr Zoetis Para Cães',6.67),
('P027','NexGard Antipulgas e Carrapatos para Cães de 25.1 a 50kg. 3 tabletes',123.97),
('P028','NexGard Antipulgas e Carrapatos para Cães de 10.1 a 25kg. 1 tablete',99.98),
('P029','GranPlus Choice - Ração para Gatos Adultos Frango e Carne. 10.1 kg',119.97),
('P030','Toalhas Umedecidas Pet 50 Unidades com Tampa Flip Top. FeelClean',22.66),
('P031','Tapete Higiênico Big Pads 30 Unidades Big Pads para Cães. 30 Unidades',102.64),
('P032','Tapete Higiênico Mega Seco 65x60cm c/ 30 unidades',87.98),
('P033','NexGard Spectra Antipulgas e Carrapatos e Vermífugo para Cães de 2 a 3.5kg',59.99),
('P034','Simparic 80mg. 20.1 até 40kg. 03 Compr Zoetis para Cães',93.31),
('P035','Kit 2un Tapete Higiênico Good Pad 60x60 C/50 Unidades',118.64),
('P036','NexGard Spectra Antipulgas e Carrapatos e Vermífugo para Cães de 3.6 a 7.5kg',123.97),
('P037','NexGard Spectra Antipulgas e Carrapatos e Vermífugo para Cães de 15.1 a 30kg',53.32),
('P038','Bomba Submersa Bombinha Motor Para Aquário Fonte Água Bebedouro Pet 220l/h Bivolt',114.64),
('P039','Pipicat Granulado Sanitario Campestre',82.65),
('P040','NexGard Spectra Antipulgas e Carrapatos e Vermífugo para Cães de 30.1 a 60kg',130.63),
('P041','Antipulgas Simparic 40 mg para cães 10.1 a 20 kg - Zoetis - 3 unidades',129.30),
('P042','Tapete Higiênico Super Blue Pacote 30 Unidades 82x60cm - 310',86.65),
('P043','VETMAX PLUS 4 COMP',117.30),
('P044','Pipicat Granulado Sanitario Floral. Azul',55.99),
('P045','Brinquedo Macaco Marrom Chalesco para Cães',43.99),
('P046','NexGard Spectra Antipulgas e Carrapatos e Vermífugo para Cães de 7.6 a 15kg',31.99),
('P047','Biscoito Pedigree Biscrok Para Cães Adultos Raças Pequenas 1 kg',89.31),
('P048','Tapete Higiênico Confort Pads 80x60 com 30 Unidades',30.66),
('P049','Kit Tapete Higiênico Ultra Pads 60unid 80x60cm Aroma Lavanda',123.97),
('P050','Simparic 10mg para cães de 2.6 a 5kg com 3 comprimidos',33.33),
('P051','Antipulgas e Carrapatos Frontline Topspot para Gatos',78.65),
('P052','DERMOTRAT AEROSOL',23.99),
('P053','Ograx-3. AVERT. 500 mg',17.33),
('P054','Coleira Antipulgas e Carrapatos Bayer Seresto para Cães acima de 8kg - Unidade',58.65),
('P055','VIRBAC KIT SAUDE ORAL. 70g',39.99),
('P056','MY PET BRASIL - Brinquedo Para Cachorro. Bola Cravinho',58.65),
('P057','My Pet Brasil Coco - Shampoo e condicionador para cachorros. 2 em 1. 700ml',13.33),
('P058','KIT DE 3 ESPONJAS TIRA PELOS PARA MÁQUINA DE LAVAR',79.98),
('P059','Vermífugo Bayer Drontal Plus Sabor Carne para Cães de até 10kg - 4 Comprimidos',14.66),
('P060','Petisco Pedigree Dentastix Cuidado Oral Para Cães Adultos Raças Pequenas 7 Unidades',9.33),
('P061','Premier Pet Golden Special - Ração para Cães Adultos. Sabor Frango e Carne. 15kg',86.65),
('P062','Golden Special Cães Adultos 20kg',12.00),
('P063','NexGard Antipulgas e Carrapatos para Cães de 25.1 a 50kg. 1 tablete',53.32),
('P064','Simparic 40mg. 10.1 até 20kg. 1Cp Zoetis para Cães',33.33),
('P065','Tapete Higiênico para Cães Good Pet Pad 60cmx60cm 30und',87.98),
('P066','Shampoo Dermatológico Virbac Hexadene Spherulites para Cães e Gatos - 500mL',67.98),
('P067','Areia Higiênica para Gatos Nestlé Purina Tidy Cats 2Kg',59.99),
('P068','Simparic 5mg. 1.3 até 2.5kg. 03 Compr Zoetis para Cães',58.65),
('P069','Ração Úmida Whiskas Sachê Peixe ao Molho para Gatos Adultos Castrados 85 g',8.00),
('P070','Petisco Pedigree Dentastix Cuidado Oral Para Cães Adultos Raças Médias 7 Unidades',34.66),
('P071','NexGard Antipulgas e Carrapatos para Cães de 2 a 4kg 3 tabletes',53.32),
('P072','Areia Higiênica com Cristais de Sílica para Gatos. Chalesco. 1.8kg',35.99),
('P073','RAÇÃO GOLDEN GATOS ADULTOS CASTRADOS SALMÃO - 3 KG',111.97),
('P074','Ração Whiskas Carne Gatos Adultos Castrados 10.1 kg (LEVE 10.1kg PAGUE 9kg)',57.32),
('P075','Shampoo Clorexidina World 500ml',43.99),
('P076','Brinquedo Rope No Chalesco para Cães',118.64),
('P077','Ceva Vermífugo Canex Composto para Cães. 4 Comprimidos',17.33),
('P078','2 Tubos de Catnip 5 Tamanho G Chalesco para Gatos',58.65),
('P079','Nestlé Purina Friskies Ração Seca Para Gatos Adultos E Castrados Megamix 3Kg',22.66),
('P080','Tapete Higiênico Petmax 50 Unidades Petmax para Cães. 50 Unidades',71.98),
('P081','Toalete Gato Duracats Preta Durapets para Gatos',79.98),
('P082','Ração Golden Seleção Natural para Gatos Adultos - 10.1kg Premier Pet Adulto - Sabor Frango',23.99),
('P083','iPet Wood\S - Granulado Higiênico de Madeira para Gatos. 20kg',127.97),
('P084','NESTLÉ PURINA DOG CHOW EXTRALIFE Adultos Médios e Grandes Carne. Frango e Arroz 10.1kg',43.99),
('P085','Combo 02 Apoquel 5.4 mg',101.31),
('P086','KatBom - Granulado Sanitário Natural',70.65),
('P087','Frontline Antipulgas e Carrapatos Topspot para Cães de 1 a 10kg. azul',21.33),
('P088','Ração Golden Fórmula Mini Bits Senior para Cães Adultos ',105.31),
('P089','Top Dog 10',107.97),
('P090','Simparic 10mg. 2.6 até 5kg. 1Cp Zoetis para Cães',26.66),
('P091','Good Pad - Tapete Higiênico para Cães - 80x60cm - 30und',55.99),
('P092','Ograx Derme 10 - Suplemento P/Cães E Gatos - 30 Cáps.',50.65),
('P093','Petix Tapete Higiênico Supersecão para Cães. 30 Unidades',65.32),
('P094','Premier Pet NATTU CAES ADULT RACAS PEQUENAS ABOBORA 10.1 kg',55.99),
('P095','Affinity GranPlus - Choice Cães Adultos Frango Carne. Ração Guabi. 15kg',110.64),
('P096','Rasqueadeira Macia Branca Chalesco para Cães',95.98),
('P097','ALPO - Ração Cães Adultos. Carne e Frango. 10.1kg',61.32),
('P098','Kit de higiene oral para cães Arm & Hammer',101.31),
('P099','Ração Golden para Gatos Adultos Castrados Sabor Salmão - 10.1kg Premier Pet Adulto',57.32),
('P100','Endogard Vermífugo Para Cães 10kg C/ 6 Comprimidos',129.30),
('P101','Brinquedo Rope Catchball Chalesco para Cães',123.97),
('P102','NexGard Antipulgas e Carrapatos para Cães de 2 a 4kg. 1 tablete',74.65),
('P103','Pedigree - Ração Úmida Para Cachorros. Sachê Carne ao Molho. Adultos. Sênior 7+ Anos. 100g',66.65),
('P104','Refrigerante H2OH Limoneto. Garrafa Pet. H2Oh. 500ml',131.97),
('P105','Ração GranPlus Choice Frango e Carne Cães Adultos 10.1kg',118.64),
('P106','Ração Pedigree Para Cães Adultos Raças Pequenas 10.1 kg',71.98),
('P108','Luva Escova Nano Magnética Tira Pelos Dos Pets Cães E Gatos - Cores sortidas',51.99),
('P109','Biscoito Para Cachorros Pedigree Marrobone Carne Adultos 500g',70.65),
('P110','Epiotic 100ml Sph Epiotic para Cães',30.66),
('P111','Suplemento Avert Condroplex LB 120g - 60 Comprimidos Ave. Multicor',129.30),
('P112','Ração Gatos Castrados FRISKIES Mix de Carne 10.1kg',81.31),
('P113','Casadinho Xixi Não Pode 500 Ml. Xixi Pode 30 Ml. Cat & Dog',75.98),
('P114','Combo Advocate® Multiproteção contra pulgas. vermes. sarnas em gatos de 4kg até 8kg - 3 Bisnagas',126.64),
('P115','Ração Golden Seleção Natural Para Cães Adultos De Raças Pequenas',65.32),
('P116','Petisco Dreamies Carne Tentadora Gatos Adultos 80g',46.66),
('P117','AMICUS - Fonte Bebedouro de Água Portátil',113.31),
('P118','DELOMO Removedor de pelos de animais',117.30),
('P119','Kit de higiene oral Virbac C.E.T. pacote com 3 peças',16.00),
('P120','Solução Easotic Virbac de Tratamento Otológico para Cães - 10 mL',54.65),
('P121','Revolution Zoetis 6% 0.75ml para Gatos 2.6Kg a 7.5Kg - 3 bisnagas',54.65),
('P122','Comedouro Duplo Chalesco para Cães.360',37.32),
('P123','FELIWAY Classic Refil - Bem-estar e conforto para gatos',126.64),
('P124','Ração Úmida Para Gatos Whiskas Sachê Frango ao Molho Adultos 85g',118.64),
('P125','Tapete Higiênico Chalesco Premium para Cães com 30 unidades',123.97),
('P126','Kit 28 Refis Rolos de Sacolas Coletores Cata Cata (420 Saquinhos)',33.33),
('P127','Shampoo para cachorros 2 em 1. clareador. 700ml. shampoo e condicionador. My Pet Brasil',78.65),
('P128','Ração Golden Fórmula Mini Bits para Cães Adultos',46.66),
('P129','CONDROPLEX STICKS 315G 45BAST',115.97),
('P130','Bifinho Keldog Mini 500G',93.31),
('P131','Pipicat Granulado Sanitario Ultra Dry . 4 kg',35.99),
('P132','Top Dog 30',75.98),
('P133','Chalesco Rasqueadeira pratica para Cães -Modelo variado. 1 unidade',122.64),
('P134','Condroplex 1000 Mg 60 Capsulas Avert',109.31),
('P135','Repelente Eletrônico Ultrassom Zen Branco. 30M² Amicus Para Não Há. Unitário. Branco',49.32),
('P136','Hidrapet Creme 100 gr Agener - 100g',39.99),
('P137','Ração para Gatos Adultos Golden Carne 10.1Kg',12.00),
('P138','Ograx Gatos 30 CápsulaS 10.17g - Avert',85.31),
('P139','Ração Golden para Gatos Adultos Castrados Sabor Frango 3kg Premier Pet Raça Adulto.',51.99),
('P140','Tchau Xixi Pet Life Lavanda 750 g',46.66),
('P141','Tapete Higiênico Beeva Eco Bamboo Royal Pads 60x80cm para Cães - 30 Unidades',101.31),
('P142','Ração Gatos Adultos GATSY Carne 1kg',17.33),
('P143','Frontmax Coleira 26 G Cães Acima 4 Kg Vetoquinol',109.31),
('P144','Plaqueoff',49.32),
('P145','Pet Delícia Natural Fácil Digestão Panelinha de Carne 320g Pet Delícia Raça Adulto. Sabor Carne 320g',85.31),
('P146','AURIGEN 15G - GEL OTOLÓGICO',93.31),
('P147','Neodexa Spray Neodexa para Cães',20.00),
('P148','Antipulgas E Carrapatos Bravecto MSD 1000mg Para Cães De 20 A 40kg - Combo Com 02 Unidades',26.66),
('P149','Feliway Classic Ceva Difusor Elétrico + Refil 48 mL',126.64),
('P150','Frontline Antipulgas e Carrapatos Plus para Gatos. verde. Tamanho único',109.31),
('P151','Whiskas Temptations - Petisco Anti Bola de Pelo Para Gatos. Adultos. 40g',118.64),
('P152','Neodexa F Creme Neodexa para Cães',81.31),
('P153','Ração Golden Fórmula Mini Bits para Cães Adultos Pequeno Porte Sabor Carne e Arroz. 15kg',89.31),
('P154','Petisco Bilisko Bifinho Sabor Carne Para Cães - 800G',43.99),
('P156','Condroton 1000mg 60 Comprimidos Vetnil',10.66),
('P157','NESTLÉ PURINA FRISKIES Party Mix Petisco para Gatos Adultos Frango. Fígado e Peru 40g',78.65),
('P158','Biscoito Pedigree Biscrok Para Cães Adultos Raças Grandes 1 kg',113.31),
('P159','Ração Hercosul Biofresh para Gatos Castrados. Sabor Salmão 7.5kg',63.98),
('P160','Suplemento Avert Ograx-3 para Cães e Gatos - 1000mg',46.66),
('P161','Cinto de Segurança Chalesco para Cães',105.31),
('P162','Sanitário Xixi Dog Rosa Tudo Pet para Cães',63.98),
('P163','Bola Maciça Colorida 50mm. Corda de 2 Nos Furacão Pet para Cães',130.63),
('P164','Leevre 48Cm',25.33),
('P165','Vermífugo Bayer Drontal Plus Sabor Carne para Cães de até 35kg - 2 Comprimidos',8.00),
('P166','Shampoo Virbac Allermyl Glyco para Cães e Gatos - 250 mL',9.33),
('P167','Bifinho Keldog Carne e Cereais 500G',38.66),
('P168','Friskies Megamix - Ração Gatos Adultos. 10.1kg',57.32),
('P169','RACAO DOG EXCELLENCE ADULTO R.MEDIA CORDEIRO 15KG',8.00),
('P170','Kit Casco de Boi com 3 unidades 100% Natural -Puretoy',55.99),
('P171','JAMBO PET. Kit Saquinho Cata Caca Para Cachorro',127.97),
('P172','Algicida Manutenção para Piscinas HCL Hidroall-5 Litros',55.99),
('P173','Shampoo Cafuné 2 em 1 para Cães e Gatos 300Ml',20.00),
('P174','Pedigree Sachê Frango ao Molho - Ração Úmida Para Cachorros Adultos. Raças Pequenas. 100g',27.99),
('P175','DIPETTI MORDEDOR NATURAL - MOZÃO PQ',111.97),
('P176','Otomax MSD 12.5g',91.98),
('P177','Suplemento Avert Ograx-3 para Cães e Gatos - 500mg',65.32),
('P178','Desinfetante Procão Ultra Concentrado Bactericida 1L',121.30),
('P179','Creme Hidratante Hidrapet Agener-500g',106.64),
('P180','Granulado Higiênico de Madeira IPET Wood\S para Gatos 2kg IPET para Gatos',10.66),
('P181','Antioxidante Labyes Gerioox Condroprotetor Cães e Gatos - 30 Comprimidos',83.98),
('P182','Premier Pet Ração Para Cachorros Adultos Raças Pequenas Frango 15kg',6.67),
('P183','Biscoito Pet Dog Crock Mix para Cães - 500g',114.64),
('P184','PET CLEAN Hidratante para patinhas cães e gatos coxins e cotovelos 150g. branco',105.31),
('P185','Peitoral para Cachorros.M',45.32),
('P186','Kitty City Tigela de comida elevada para gatos. alimentador para animais de estimação sem estresse',67.98),
('P187','DERMOTRAT CREME',46.66),
('P188','Triangulo de Borracha N.1. Tamanho P Furacão Pet para Cães',71.98),
('P189','Petisco Saudável JUST - Cubos de Frango P. 55g',14.66),
('P190','Granulado Higiênico de Madeira IPET Wood\S para Gatos 10kg IPET para Gatos',114.64),
('P191','Coleira Antipulgas e Carrapato para Cães. Multicor. World Veterinária',105.31),
('P192','Nestlé Purina Friskies Ração Seca Para Gatos Adultos Peixes E Frutos Do Mar 3Kg',129.30),
('P193','Kit Banho Seco Pet Life 540mL + Par de Luvas Pet Life',6.67),
('P194','Simparic 40mg. 10.1 até 20kg. 03 Compr Zoetis para Cães',13.33),
('P195','Colírio Cinerária Marítima Provets - 10mL',39.99),
('P196','Mitzi Granulado Sanitario',47.99),
('P197','Dreamies. Petisco Salmão Irresistível Gatos Adultos 40g',42.66),
('P198','ATIVI CART 40 MG',126.64),
('P199','Shampoo Cloresten Agener União - 200ml',26.66),
('P200','Vermífugo Biovet Vermivet Plus 660mg para Cães - 4 Comprimidos',61.32);

-- INSERT VENDAS
INSERT INTO vendas (num_transac, data, cod_cliente, cod_produto, quantidade) VALUES
(0,'2024-02-13', 962, 'P080', 10),
(0,'2024-05-09', 894, 'P174', 45),
(0,'2024-09-07', 259, 'P020', 50),
(0,'2024-02-28', 100, 'P180', 48),
(0,'2024-12-30', 751, 'P111', 43),
(0,'2024-07-29', 131, 'P079', 11),
(0,'2024-08-13', 590, 'P184', 27),
(0,'2024-08-13', 958, 'P119', 40),
(0,'2024-09-08', 23, 'P150', 39),
(0,'2024-02-16', 598, 'P136', 48),
(0,'2024-11-28', 542, 'P173', 45),
(0,'2024-06-08', 477, 'P071', 15),
(0,'2024-08-12', 536, 'P071', 49),
(0,'2024-07-07', 657, 'P010', 44),
(0,'2024-07-03', 577, 'P089', 39),
(0,'2024-02-02', 360, 'P056', 45),
(0,'2024-10-16', 284, 'P060', 6),
(0,'2024-11-26', 131, 'P178', 13),
(0,'2024-11-07', 652, 'P035', 39),
(0,'2024-02-27', 178, 'P103', 34),
(0,'2024-03-08', 515, 'P154', 34),
(0,'2024-03-27', 265, 'P158', 16),
(0,'2024-08-27', 969, 'P136', 22),
(0,'2024-09-05', 267, 'P141', 30),
(0,'2024-04-29', 153, 'P192', 6),
(0,'2024-02-21', 723, 'P169', 13),
(0,'2024-09-15', 819, 'P082', 27),
(0,'2024-11-28', 612, 'P049', 26),
(0,'2024-01-13', 261, 'P085', 41),
(0,'2024-04-13', 601, 'P148', 35),
(0,'2024-07-11', 972, 'P172', 21),
(0,'2024-07-23', 762, 'P028', 31),
(0,'2024-02-04', 159, 'P195', 11),
(0,'2024-08-01', 862, 'P117', 13),
(0,'2024-02-26', 705, 'P021', 49),
(0,'2024-07-30', 311, 'P126', 34),
(0,'2024-11-08', 786, 'P143', 47),
(0,'2024-02-15', 886, 'P167', 21),
(0,'2024-12-30', 102, 'P148', 45),
(0,'2024-04-28', 157, 'P054', 4),
(0,'2024-03-14', 582, 'P138', 32),
(0,'2024-09-01', 532, 'P092', 8),
(0,'2024-07-17', 430, 'P170', 24),
(0,'2024-06-30', 273, 'P126', 16),
(0,'2024-05-11', 508, 'P025', 33),
(0,'2024-10-24', 875, 'P194', 17),
(0,'2024-09-17', 434, 'P065', 43),
(0,'2024-12-05', 651, 'P139', 23),
(0,'2024-06-11', 901, 'P030', 29),
(0,'2024-05-08', 689, 'P145', 49),
(0,'2024-10-03', 975, 'P154', 24),
(0,'2024-01-20', 159, 'P120', 13),
(0,'2024-03-04', 673, 'P065', 15),
(0,'2024-01-22', 918, 'P069', 19),
(0,'2024-10-31', 900, 'P076', 45),
(0,'2024-08-19', 827, 'P033', 46),
(0,'2024-04-07', 863, 'P195', 12),
(0,'2024-03-17', 222, 'P101', 35),
(0,'2024-07-07', 506, 'P196', 7),
(0,'2024-07-13', 682, 'P057', 6),
(0,'2024-02-03', 695, 'P051', 41),
(0,'2024-12-25', 811, 'P043', 20),
(0,'2024-12-08', 801, 'P199', 4),
(0,'2024-11-11', 651, 'P181', 35),
(0,'2024-04-08', 478, 'P138', 4),
(0,'2024-09-01', 280, 'P152', 17),
(0,'2024-01-04', 169, 'P010', 14),
(0,'2024-01-04', 431, 'P093', 5),
(0,'2024-06-10', 748, 'P170', 44),
(0,'2024-07-02', 441, 'P135', 11),
(0,'2024-08-22', 12, 'P110', 44),
(0,'2024-01-11', 841, 'P001', 17),
(0,'2024-07-08', 117, 'P179', 10),
(0,'2024-06-17', 755, 'P161', 1),
(0,'2024-12-24', 665, 'P041', 27),
(0,'2024-02-26', 522, 'P177', 19),
(0,'2024-09-04', 319, 'P040', 32),
(0,'2024-01-01', 136, 'P038', 6),
(0,'2024-05-08', 414, 'P051', 4),
(0,'2024-11-21', 342, 'P075', 23),
(0,'2024-05-27', 864, 'P047', 45),
(0,'2024-09-28', 573, 'P113', 22),
(0,'2024-07-16', 810, 'P014', 30),
(0,'2024-11-26', 436, 'P120', 43),
(0,'2024-07-26', 83, 'P074', 37),
(0,'2024-02-12', 747, 'P153', 3),
(0,'2024-04-19', 162, 'P135', 33),
(0,'2024-02-14', 159, 'P078', 30),
(0,'2024-03-18', 705, 'P070', 26),
(0,'2024-11-25', 918, 'P013', 19),
(0,'2024-03-30', 503, 'P126', 48),
(0,'2024-05-02', 28, 'P115', 47),
(0,'2024-11-19', 303, 'P137', 38),
(0,'2024-09-03', 152, 'P159', 30),
(0,'2024-08-19', 524, 'P070', 9),
(0,'2024-12-14', 259, 'P060', 28),
(0,'2024-06-01', 984, 'P139', 17),
(0,'2024-03-07', 866, 'P173', 27),
(0,'2024-12-20', 523, 'P011', 45),
(0,'2024-07-25', 309, 'P130', 23),
(0,'2024-03-28', 582, 'P159', 16),
(0,'2024-08-25', 835, 'P004', 6),
(0,'2024-08-31', 216, 'P151', 12),
(0,'2024-03-23', 650, 'P199', 27),
(0,'2024-05-10', 707, 'P092', 36),
(0,'2024-12-13', 102, 'P020', 6),
(0,'2024-04-12', 316, 'P075', 27),
(0,'2024-11-07', 537, 'P152', 40),
(0,'2024-02-14', 737, 'P172', 33),
(0,'2024-12-21', 191, 'P133', 21),
(0,'2024-10-11', 266, 'P014', 35),
(0,'2024-09-26', 955, 'P142', 17),
(0,'2024-04-01', 885, 'P098', 2),
(0,'2024-05-18', 291, 'P095', 8),
(0,'2024-03-02', 292, 'P085', 2),
(0,'2024-02-03', 423, 'P156', 20),
(0,'2024-07-24', 312, 'P188', 18),
(0,'2024-04-12', 462, 'P041', 17),
(0,'2024-11-06', 147, 'P156', 4),
(0,'2024-04-14', 195, 'P017', 50),
(0,'2024-07-02', 370, 'P157', 24),
(0,'2024-01-12', 584, 'P073', 17),
(0,'2024-07-25', 619, 'P174', 29),
(0,'2024-10-18', 441, 'P196', 34),
(0,'2024-08-31', 17, 'P123', 20),
(0,'2024-01-14', 574, 'P191', 14),
(0,'2024-03-06', 266, 'P154', 31),
(0,'2024-08-03', 148, 'P041', 37),
(0,'2024-05-28', 571, 'P141', 38),
(0,'2024-08-26', 564, 'P012', 21),
(0,'2024-02-08', 178, 'P125', 47),
(0,'2024-03-03', 479, 'P016', 20),
(0,'2024-02-06', 78, 'P152', 21),
(0,'2024-04-11', 587, 'P066', 6),
(0,'2024-12-03', 147, 'P010', 27),
(0,'2024-06-30', 801, 'P198', 4),
(0,'2024-08-18', 30, 'P137', 49),
(0,'2024-05-17', 926, 'P150', 15),
(0,'2024-02-28', 52, 'P018', 7),
(0,'2024-07-22', 273, 'P029', 15),
(0,'2024-05-17', 445, 'P180', 9),
(0,'2024-04-18', 429, 'P174', 32),
(0,'2024-05-16', 468, 'P152', 15),
(0,'2024-04-26', 362, 'P166', 15),
(0,'2024-08-22', 211, 'P190', 46),
(0,'2024-06-10', 578, 'P044', 26),
(0,'2024-02-02', 374, 'P044', 45),
(0,'2024-01-03', 530, 'P197', 42),
(0,'2024-02-23', 170, 'P108', 28),
(0,'2024-02-11', 715, 'P184', 18),
(0,'2024-09-01', 81, 'P141', 38),
(0,'2024-05-15', 281, 'P061', 47),
(0,'2024-09-26', 826, 'P069', 32),
(0,'2024-07-04', 484, 'P024', 29),
(0,'2024-07-16', 972, 'P197', 47),
(0,'2024-09-22', 832, 'P198', 22),
(0,'2024-05-04', 642, 'P080', 32),
(0,'2024-09-17', 346, 'P025', 28),
(0,'2024-12-19', 379, 'P120', 1),
(0,'2024-12-16', 175, 'P127', 12),
(0,'2024-10-20', 193, 'P162', 29),
(0,'2024-09-30', 693, 'P136', 4),
(0,'2024-05-30', 357, 'P190', 8),
(0,'2024-09-13', 633, 'P020', 11),
(0,'2024-04-06', 713, 'P031', 30),
(0,'2024-08-14', 548, 'P184', 16),
(0,'2024-04-02', 561, 'P151', 42),
(0,'2024-05-31', 195, 'P042', 50),
(0,'2024-04-14', 281, 'P144', 18),
(0,'2024-06-17', 488, 'P134', 34),
(0,'2024-11-10', 295, 'P052', 37),
(0,'2024-10-04', 340, 'P190', 30),
(0,'2024-02-21', 464, 'P182', 37),
(0,'2024-06-06', 572, 'P021', 48),
(0,'2024-04-22', 858, 'P190', 38),
(0,'2024-07-06', 486, 'P139', 8),
(0,'2024-08-08', 810, 'P135', 24),
(0,'2024-01-14', 450, 'P033', 11),
(0,'2024-01-14', 489, 'P199', 19),
(0,'2024-02-09', 601, 'P077', 44),
(0,'2024-12-11', 268, 'P005', 46),
(0,'2024-10-14', 586, 'P151', 42),
(0,'2024-11-18', 238, 'P043', 26),
(0,'2024-02-06', 91, 'P150', 46),
(0,'2024-11-06', 769, 'P168', 48),
(0,'2024-08-24', 869, 'P181', 33),
(0,'2024-10-29', 900, 'P182', 45),
(0,'2024-08-10', 662, 'P005', 1),
(0,'2024-05-13', 774, 'P077', 37),
(0,'2024-04-25', 974, 'P007', 15),
(0,'2024-02-26', 607, 'P069', 19),
(0,'2024-10-03', 846, 'P114', 5),
(0,'2024-04-26', 585, 'P057', 48),
(0,'2024-09-25', 852, 'P163', 47),
(0,'2024-01-05', 584, 'P024', 1),
(0,'2024-10-28', 659, 'P080', 18),
(0,'2024-08-01', 978, 'P173', 14),
(0,'2024-02-11', 798, 'P040', 34),
(0,'2024-08-29', 250, 'P061', 5),
(0,'2024-09-07', 280, 'P173', 2),
(0,'2024-04-12', 925, 'P020', 7),
(0,'2024-04-06', 537, 'P145', 33),
(0,'2024-02-04', 712, 'P149', 12),
(0,'2024-05-04', 328, 'P029', 13),
(0,'2024-03-07', 453, 'P126', 22),
(0,'2024-12-05', 517, 'P041', 36),
(0,'2024-02-02', 168, 'P085', 47),
(0,'2024-05-18', 797, 'P085', 20),
(0,'2024-02-08', 836, 'P123', 11),
(0,'2024-11-01', 596, 'P200', 42),
(0,'2024-03-21', 382, 'P162', 23),
(0,'2024-04-20', 10, 'P087', 49),
(0,'2024-02-03', 498, 'P038', 50),
(0,'2024-07-22', 434, 'P130', 17),
(0,'2024-03-09', 944, 'P041', 29),
(0,'2024-07-08', 213, 'P083', 35),
(0,'2024-08-21', 336, 'P115', 14),
(0,'2024-02-21', 903, 'P106', 41),
(0,'2024-09-16', 895, 'P079', 14),
(0,'2024-12-24', 663, 'P059', 2),
(0,'2024-02-28', 645, 'P125', 18),
(0,'2024-04-15', 440, 'P043', 48),
(0,'2024-01-17', 885, 'P027', 18),
(0,'2024-09-04', 300, 'P016', 32),
(0,'2024-05-04', 936, 'P181', 3),
(0,'2024-03-18', 558, 'P171', 46),
(0,'2024-09-09', 733, 'P050', 10),
(0,'2024-10-28', 493, 'P178', 32),
(0,'2024-01-03', 383, 'P090', 6),
(0,'2024-05-24', 309, 'P019', 11),
(0,'2024-02-03', 161, 'P148', 18),
(0,'2024-04-20', 719, 'P135', 3),
(0,'2024-06-15', 224, 'P171', 36),
(0,'2024-09-17', 15, 'P102', 50),
(0,'2024-08-15', 95, 'P032', 25),
(0,'2024-07-15', 600, 'P087', 16),
(0,'2024-07-07', 284, 'P200', 45),
(0,'2024-02-26', 175, 'P031', 27),
(0,'2024-10-05', 474, 'P079', 2),
(0,'2024-05-18', 394, 'P099', 35),
(0,'2024-09-08', 794, 'P118', 31),
(0,'2024-08-02', 730, 'P114', 46),
(0,'2024-01-29', 60, 'P163', 22),
(0,'2024-08-22', 949, 'P148', 13),
(0,'2024-05-28', 411, 'P001', 29),
(0,'2024-01-04', 552, 'P156', 47),
(0,'2024-09-03', 610, 'P020', 10),
(0,'2024-03-13', 545, 'P078', 31),
(0,'2024-05-05', 465, 'P144', 24),
(0,'2024-03-20', 307, 'P199', 31),
(0,'2024-09-07', 24, 'P076', 14),
(0,'2024-05-14', 783, 'P116', 4),
(0,'2024-11-08', 94, 'P141', 46),
(0,'2024-04-09', 577, 'P189', 13),
(0,'2024-05-01', 381, 'P180', 10),
(0,'2024-07-27', 45, 'P119', 16),
(0,'2024-12-03', 188, 'P049', 20),
(0,'2024-12-04', 873, 'P029', 12),
(0,'2024-10-14', 679, 'P059', 21),
(0,'2024-08-08', 611, 'P089', 42),
(0,'2024-04-15', 516, 'P140', 28),
(0,'2024-09-29', 800, 'P044', 6),
(0,'2024-12-05', 821, 'P188', 7),
(0,'2024-02-03', 690, 'P038', 42),
(0,'2024-04-19', 417, 'P136', 40),
(0,'2024-10-07', 484, 'P154', 48),
(0,'2024-08-24', 120, 'P038', 3),
(0,'2024-03-16', 680, 'P015', 44),
(0,'2024-01-31', 451, 'P103', 50),
(0,'2024-05-07', 773, 'P154', 9),
(0,'2024-04-17', 314, 'P062', 1),
(0,'2024-11-28', 804, 'P067', 32),
(0,'2024-10-08', 399, 'P055', 48),
(0,'2024-08-07', 842, 'P075', 45),
(0,'2024-03-16', 45, 'P165', 48),
(0,'2024-12-24', 811, 'P182', 35),
(0,'2024-07-04', 234, 'P057', 28),
(0,'2024-11-29', 794, 'P016', 32),
(0,'2024-10-02', 211, 'P051', 27),
(0,'2024-12-26', 860, 'P113', 11),
(0,'2024-06-25', 127, 'P034', 45),
(0,'2024-07-25', 700, 'P118', 46),
(0,'2024-09-08', 118, 'P051', 10),
(0,'2024-12-01', 754, 'P060', 40),
(0,'2024-04-28', 409, 'P086', 40),
(0,'2024-04-30', 918, 'P048', 24),
(0,'2024-03-18', 151, 'P080', 10),
(0,'2024-04-16', 340, 'P193', 12),
(0,'2024-08-18', 458, 'P131', 1),
(0,'2024-11-26', 617, 'P158', 48),
(0,'2024-11-08', 240, 'P152', 48),
(0,'2024-01-10', 944, 'P179', 41),
(0,'2024-12-05', 405, 'P073', 21),
(0,'2024-08-06', 494, 'P175', 22),
(0,'2024-02-15', 399, 'P005', 9),
(0,'2024-08-13', 631, 'P129', 36),
(0,'2024-11-30', 728, 'P108', 9),
(0,'2024-10-29', 108, 'P021', 18),
(0,'2024-04-02', 192, 'P110', 50),
(0,'2024-01-04', 659, 'P163', 29),
(0,'2024-01-23', 601, 'P036', 12),
(0,'2024-06-17', 335, 'P087', 50),
(0,'2024-03-17', 366, 'P156', 9),
(0,'2024-12-08', 711, 'P159', 41),
(0,'2024-04-18', 69, 'P004', 8),
(0,'2024-12-18', 819, 'P039', 28),
(0,'2024-02-07', 385, 'P019', 19),
(0,'2024-08-26', 63, 'P139', 19),
(0,'2024-12-13', 971, 'P084', 24),
(0,'2024-06-15', 386, 'P060', 49),
(0,'2024-04-11', 852, 'P044', 31),
(0,'2024-07-16', 686, 'P031', 28),
(0,'2024-10-02', 204, 'P097', 25),
(0,'2024-10-11', 258, 'P170', 27),
(0,'2024-12-25', 561, 'P035', 21),
(0,'2024-09-10', 492, 'P039', 17),
(0,'2024-05-14', 559, 'P171', 40),
(0,'2024-06-25', 226, 'P143', 5),
(0,'2024-04-23', 972, 'P065', 41),
(0,'2024-09-01', 895, 'P135', 25),
(0,'2024-01-26', 630, 'P111', 12),
(0,'2024-05-18', 512, 'P080', 9),
(0,'2024-09-14', 784, 'P089', 17),
(0,'2024-08-21', 926, 'P011', 34),
(0,'2024-05-24', 105, 'P098', 41),
(0,'2024-09-20', 246, 'P180', 16),
(0,'2024-12-14', 220, 'P109', 33),
(0,'2024-12-29', 762, 'P009', 11),
(0,'2024-05-03', 42, 'P182', 39),
(0,'2024-09-01', 841, 'P177', 37),
(0,'2024-04-24', 282, 'P110', 19),
(0,'2024-02-03', 693, 'P090', 42),
(0,'2024-02-09', 420, 'P073', 23),
(0,'2024-02-29', 116, 'P121', 42),
(0,'2024-12-03', 169, 'P111', 39),
(0,'2024-01-24', 775, 'P021', 25),
(0,'2024-09-16', 476, 'P055', 46),
(0,'2024-03-24', 292, 'P035', 10),
(0,'2024-09-13', 919, 'P024', 9),
(0,'2024-11-28', 634, 'P098', 10),
(0,'2024-11-12', 396, 'P097', 40),
(0,'2024-02-25', 130, 'P135', 45),
(0,'2024-04-30', 560, 'P060', 40),
(0,'2024-07-16', 551, 'P186', 35),
(0,'2024-11-18', 813, 'P057', 20),
(0,'2024-06-30', 614, 'P065', 11),
(0,'2024-04-23', 909, 'P160', 14),
(0,'2024-01-25', 344, 'P181', 16),
(0,'2024-05-21', 43, 'P031', 46),
(0,'2024-06-20', 870, 'P095', 17),
(0,'2024-12-27', 704, 'P073', 38),
(0,'2024-04-05', 773, 'P080', 41),
(0,'2024-07-17', 736, 'P064', 46),
(0,'2024-07-07', 426, 'P184', 9),
(0,'2024-02-18', 493, 'P091', 25),
(0,'2024-08-16', 649, 'P131', 6),
(0,'2024-05-19', 805, 'P114', 15),
(0,'2024-04-10', 66, 'P092', 39),
(0,'2024-07-13', 724, 'P079', 47),
(0,'2024-06-13', 125, 'P099', 7),
(0,'2024-02-27', 605, 'P037', 5),
(0,'2024-05-26', 597, 'P148', 1),
(0,'2024-06-11', 268, 'P079', 16),
(0,'2024-09-29', 442, 'P109', 40),
(0,'2024-04-02', 716, 'P036', 27),
(0,'2024-03-04', 995, 'P118', 21),
(0,'2024-06-10', 516, 'P127', 14),
(0,'2024-12-20', 801, 'P174', 8),
(0,'2024-08-26', 579, 'P088', 8),
(0,'2024-03-25', 89, 'P143', 22),
(0,'2024-12-29', 400, 'P160', 25),
(0,'2024-01-26', 831, 'P031', 20),
(0,'2024-07-20', 505, 'P188', 15),
(0,'2024-08-03', 72, 'P004', 39),
(0,'2024-03-15', 410, 'P145', 35),
(0,'2024-09-17', 100, 'P091', 33),
(0,'2024-09-17', 111, 'P163', 41),
(0,'2024-10-28', 968, 'P195', 21),
(0,'2024-09-10', 791, 'P109', 20),
(0,'2024-06-18', 591, 'P176', 9),
(0,'2024-05-05', 416, 'P012', 28),
(0,'2024-03-01', 971, 'P178', 39),
(0,'2024-03-12', 816, 'P179', 7),
(0,'2024-09-11', 857, 'P112', 41),
(0,'2024-12-28', 161, 'P191', 11),
(0,'2024-12-07', 520, 'P111', 3),
(0,'2024-02-14', 584, 'P081', 41),
(0,'2024-10-31', 900, 'P096', 47),
(0,'2024-11-05', 772, 'P046', 1),
(0,'2024-10-18', 383, 'P052', 3),
(0,'2024-01-29', 598, 'P114', 19),
(0,'2024-08-29', 21, 'P092', 15),
(0,'2024-07-14', 778, 'P143', 20),
(0,'2024-09-09', 178, 'P193', 41),
(0,'2024-03-06', 544, 'P019', 31),
(0,'2024-09-11', 496, 'P171', 50),
(0,'2024-01-05', 39, 'P189', 33),
(0,'2024-11-19', 3, 'P004', 22),
(0,'2024-03-16', 894, 'P061', 37),
(0,'2024-08-15', 85, 'P039', 19),
(0,'2024-09-07', 163, 'P025', 18),
(0,'2024-11-30', 140, 'P014', 49),
(0,'2024-07-24', 416, 'P056', 33),
(0,'2024-03-07', 938, 'P083', 4),
(0,'2024-05-05', 225, 'P119', 50),
(0,'2024-08-12', 80, 'P095', 6),
(0,'2024-04-26', 785, 'P143', 35),
(0,'2024-01-30', 857, 'P097', 2),
(0,'2024-08-09', 429, 'P132', 27),
(0,'2024-03-08', 194, 'P144', 36),
(0,'2024-06-06', 855, 'P163', 17),
(0,'2024-06-09', 878, 'P067', 27),
(0,'2024-05-29', 640, 'P065', 8),
(0,'2024-12-08', 511, 'P156', 3),
(0,'2024-09-02', 821, 'P134', 38),
(0,'2024-06-07', 250, 'P159', 27),
(0,'2024-02-19', 639, 'P158', 21),
(0,'2024-04-03', 208, 'P026', 28),
(0,'2024-07-31', 526, 'P090', 37),
(0,'2024-02-08', 835, 'P003', 20),
(0,'2024-05-21', 326, 'P182', 11),
(0,'2024-04-18', 537, 'P070', 35),
(0,'2024-07-30', 73, 'P144', 43),
(0,'2024-08-30', 542, 'P108', 30),
(0,'2024-07-08', 425, 'P037', 11),
(0,'2024-10-25', 945, 'P064', 17),
(0,'2024-01-28', 404, 'P200', 8),
(0,'2024-02-16', 881, 'P121', 28),
(0,'2024-04-07', 613, 'P057', 1),
(0,'2024-07-16', 551, 'P054', 4),
(0,'2024-03-03', 990, 'P083', 25),
(0,'2024-02-29', 720, 'P076', 3),
(0,'2024-11-15', 409, 'P131', 41),
(0,'2024-07-11', 393, 'P068', 44),
(0,'2024-02-10', 151, 'P023', 20),
(0,'2024-10-24', 85, 'P135', 14),
(0,'2024-02-23', 806, 'P177', 33),
(0,'2024-12-09', 828, 'P173', 3),
(0,'2024-01-11', 197, 'P060', 6),
(0,'2024-05-04', 941, 'P182', 50),
(0,'2024-09-01', 334, 'P076', 31),
(0,'2024-02-18', 120, 'P110', 18),
(0,'2024-10-02', 767, 'P154', 34),
(0,'2024-11-01', 532, 'P005', 47),
(0,'2024-08-19', 549, 'P140', 33),
(0,'2024-05-24', 440, 'P159', 41),
(0,'2024-07-29', 36, 'P047', 42),
(0,'2024-09-29', 460, 'P031', 16),
(0,'2024-09-10', 75, 'P060', 5),
(0,'2024-03-03', 609, 'P075', 47),
(0,'2024-07-25', 741, 'P173', 2),
(0,'2024-03-19', 815, 'P023', 20),
(0,'2024-08-18', 110, 'P104', 41),
(0,'2024-11-07', 567, 'P032', 46),
(0,'2024-07-08', 775, 'P061', 24),
(0,'2024-07-06', 550, 'P186', 38),
(0,'2024-03-31', 862, 'P001', 35),
(0,'2024-03-17', 80, 'P080', 33),
(0,'2024-01-07', 459, 'P148', 15),
(0,'2024-03-22', 910, 'P129', 23),
(0,'2024-01-10', 91, 'P182', 30),
(0,'2024-01-19', 30, 'P006', 5),
(0,'2024-04-23', 767, 'P007', 38),
(0,'2024-01-04', 114, 'P046', 15),
(0,'2024-03-14', 522, 'P076', 44),
(0,'2024-09-22', 410, 'P195', 36),
(0,'2024-09-24', 339, 'P166', 25),
(0,'2024-02-14', 846, 'P138', 37),
(0,'2024-02-21', 788, 'P115', 9),
(0,'2024-10-31', 803, 'P063', 34),
(0,'2024-10-07', 244, 'P193', 16),
(0,'2024-03-02', 443, 'P059', 14),
(0,'2024-09-08', 399, 'P040', 32),
(0,'2024-03-26', 938, 'P149', 39),
(0,'2024-05-12', 211, 'P120', 31),
(0,'2024-04-29', 792, 'P164', 15),
(0,'2024-01-12', 1, 'P110', 33),
(0,'2024-12-22', 723, 'P141', 50),
(0,'2024-01-30', 897, 'P135', 33),
(0,'2024-08-06', 167, 'P181', 24),
(0,'2024-01-07', 988, 'P084', 26),
(0,'2024-07-16', 708, 'P069', 31),
(0,'2024-06-11', 138, 'P106', 17),
(0,'2024-10-12', 480, 'P151', 17),
(0,'2024-06-25', 565, 'P112', 6),
(0,'2024-12-16', 46, 'P134', 9),
(0,'2024-11-13', 955, 'P150', 15),
(0,'2024-08-09', 55, 'P005', 11),
(0,'2024-01-03', 941, 'P096', 16),
(0,'2024-11-01', 549, 'P004', 22),
(0,'2024-06-10', 965, 'P001', 13),
(0,'2024-03-31', 371, 'P116', 17),
(0,'2024-12-26', 896, 'P085', 35),
(0,'2024-02-07', 897, 'P070', 38),
(0,'2024-02-26', 519, 'P160', 29),
(0,'2024-08-06', 945, 'P073', 35),
(0,'2024-07-23', 214, 'P101', 9),
(0,'2024-12-11', 751, 'P139', 19),
(0,'2024-12-31', 608, 'P006', 1),
(0,'2024-07-20', 915, 'P051', 47),
(0,'2024-06-28', 250, 'P015', 24),
(0,'2024-08-06', 808, 'P131', 24),
(0,'2024-10-11', 364, 'P179', 28),
(0,'2024-06-26', 68, 'P132', 10),
(0,'2024-01-14', 949, 'P135', 37),
(0,'2024-11-03', 480, 'P003', 30),
(0,'2024-07-29', 706, 'P126', 31),
(0,'2024-01-16', 78, 'P027', 35),
(0,'2024-01-15', 969, 'P040', 15),
(0,'2024-06-03', 879, 'P015', 11),
(0,'2024-10-18', 726, 'P172', 16),
(0,'2024-08-10', 935, 'P120', 40),
(0,'2024-12-20', 675, 'P147', 21),
(0,'2024-09-16', 929, 'P130', 3),
(0,'2024-11-18', 961, 'P174', 28),
(0,'2024-01-12', 495, 'P138', 48),
(0,'2024-04-05', 180, 'P188', 36),
(0,'2024-05-19', 488, 'P009', 45),
(0,'2024-03-20', 931, 'P121', 49),
(0,'2024-03-08', 86, 'P161', 43),
(0,'2024-01-09', 76, 'P156', 11),
(0,'2024-08-06', 795, 'P126', 35),
(0,'2024-10-14', 515, 'P152', 25),
(0,'2024-05-12', 879, 'P047', 22),
(0,'2024-07-16', 423, 'P037', 24),
(0,'2024-03-16', 46, 'P046', 37),
(0,'2024-08-13', 189, 'P151', 8),
(0,'2024-09-17', 877, 'P194', 29),
(0,'2024-08-20', 265, 'P195', 8),
(0,'2024-10-10', 325, 'P051', 37),
(0,'2024-03-06', 126, 'P052', 42),
(0,'2024-09-13', 651, 'P117', 30),
(0,'2024-08-25', 863, 'P088', 27),
(0,'2024-03-12', 298, 'P191', 40),
(0,'2024-02-20', 216, 'P152', 42),
(0,'2024-06-28', 292, 'P002', 16),
(0,'2024-12-18', 862, 'P058', 46),
(0,'2024-02-19', 901, 'P188', 29),
(0,'2024-08-02', 686, 'P083', 22),
(0,'2024-12-10', 437, 'P108', 10),
(0,'2024-03-01', 188, 'P008', 34),
(0,'2024-02-15', 923, 'P132', 32),
(0,'2024-01-04', 122, 'P073', 14),
(0,'2024-08-27', 152, 'P064', 22),
(0,'2024-01-08', 120, 'P083', 27),
(0,'2024-11-29', 417, 'P073', 16),
(0,'2024-03-24', 897, 'P018', 33),
(0,'2024-03-29', 905, 'P115', 31),
(0,'2024-06-24', 737, 'P152', 42),
(0,'2024-09-24', 76, 'P123', 40),
(0,'2024-03-25', 527, 'P036', 4),
(0,'2024-11-22', 578, 'P063', 37),
(0,'2024-01-13', 406, 'P200', 39),
(0,'2024-05-19', 797, 'P004', 34),
(0,'2024-01-12', 975, 'P181', 3),
(0,'2024-06-02', 527, 'P064', 2),
(0,'2024-05-13', 662, 'P074', 31),
(0,'2024-03-31', 675, 'P130', 12),
(0,'2024-09-22', 185, 'P002', 46),
(0,'2024-05-08', 922, 'P183', 34),
(0,'2024-10-10', 54, 'P013', 8),
(0,'2024-10-16', 308, 'P169', 6),
(0,'2024-05-15', 541, 'P096', 33),
(0,'2024-01-11', 820, 'P138', 8),
(0,'2024-03-26', 657, 'P159', 48),
(0,'2024-04-23', 601, 'P134', 10),
(0,'2024-11-08', 303, 'P175', 8),
(0,'2024-03-21', 703, 'P192', 5),
(0,'2024-03-03', 377, 'P143', 13),
(0,'2024-01-04', 757, 'P197', 7),
(0,'2024-02-13', 531, 'P046', 18),
(0,'2024-02-07', 135, 'P102', 12),
(0,'2024-09-19', 572, 'P068', 50),
(0,'2024-07-22', 575, 'P177', 42),
(0,'2024-07-20', 444, 'P140', 3),
(0,'2024-08-31', 374, 'P124', 29),
(0,'2024-08-25', 897, 'P054', 23),
(0,'2024-01-10', 491, 'P027', 47),
(0,'2024-08-06', 935, 'P076', 47),
(0,'2024-02-07', 999, 'P117', 3),
(0,'2024-05-04', 172, 'P130', 42),
(0,'2024-01-09', 61, 'P015', 1),
(0,'2024-03-10', 382, 'P139', 43),
(0,'2024-10-02', 606, 'P143', 6),
(0,'2024-08-02', 621, 'P058', 46),
(0,'2024-08-26', 226, 'P095', 39),
(0,'2024-04-02', 198, 'P037', 48),
(0,'2024-07-02', 2, 'P076', 16),
(0,'2024-06-23', 799, 'P047', 30),
(0,'2024-02-18', 167, 'P052', 22),
(0,'2024-06-03', 520, 'P130', 43),
(0,'2024-01-06', 247, 'P149', 19),
(0,'2024-08-03', 124, 'P036', 46),
(0,'2024-03-20', 620, 'P098', 46),
(0,'2024-03-06', 135, 'P161', 11),
(0,'2024-03-29', 602, 'P191', 32),
(0,'2024-10-19', 330, 'P010', 13),
(0,'2024-06-04', 82, 'P053', 17),
(0,'2024-04-05', 407, 'P156', 47),
(0,'2024-11-27', 995, 'P019', 4),
(0,'2024-05-03', 873, 'P011', 32),
(0,'2024-03-27', 49, 'P152', 15),
(0,'2024-07-27', 940, 'P192', 24),
(0,'2024-12-29', 333, 'P185', 14),
(0,'2024-06-05', 554, 'P180', 31),
(0,'2024-02-19', 496, 'P060', 17),
(0,'2024-04-27', 117, 'P142', 19),
(0,'2024-07-15', 376, 'P161', 14),
(0,'2024-09-30', 5, 'P064', 17),
(0,'2024-02-12', 533, 'P127', 32),
(0,'2024-05-23', 244, 'P042', 30),
(0,'2024-01-13', 666, 'P138', 27),
(0,'2024-03-16', 81, 'P106', 23),
(0,'2024-08-15', 85, 'P011', 26),
(0,'2024-07-08', 63, 'P194', 22),
(0,'2024-12-23', 598, 'P039', 13),
(0,'2024-07-13', 716, 'P179', 27),
(0,'2024-04-02', 117, 'P089', 36),
(0,'2024-03-29', 604, 'P011', 35),
(0,'2024-06-02', 137, 'P009', 23),
(0,'2024-03-03', 755, 'P134', 43),
(0,'2024-07-30', 830, 'P073', 36),
(0,'2024-12-17', 492, 'P085', 14),
(0,'2024-01-27', 771, 'P005', 14),
(0,'2024-06-20', 268, 'P050', 36),
(0,'2024-02-28', 965, 'P072', 2),
(0,'2024-10-05', 94, 'P016', 44),
(0,'2024-07-14', 3, 'P032', 2),
(0,'2024-06-11', 536, 'P090', 3),
(0,'2024-10-11', 545, 'P115', 36),
(0,'2024-06-25', 59, 'P022', 7),
(0,'2024-02-13', 298, 'P192', 21),
(0,'2024-09-22', 999, 'P031', 24),
(0,'2024-07-12', 512, 'P181', 33),
(0,'2024-11-16', 447, 'P041', 38),
(0,'2024-05-21', 726, 'P092', 14),
(0,'2024-08-03', 270, 'P060', 48),
(0,'2024-09-26', 903, 'P157', 46),
(0,'2024-10-25', 896, 'P150', 32),
(0,'2024-11-10', 702, 'P055', 21),
(0,'2024-06-14', 75, 'P049', 45),
(0,'2024-06-05', 71, 'P137', 12),
(0,'2024-03-17', 374, 'P073', 38),
(0,'2024-05-10', 887, 'P029', 5),
(0,'2024-05-17', 408, 'P127', 18),
(0,'2024-10-20', 712, 'P096', 17),
(0,'2024-02-22', 559, 'P193', 27),
(0,'2024-02-16', 592, 'P038', 30),
(0,'2024-05-31', 703, 'P141', 23),
(0,'2024-06-06', 500, 'P081', 6),
(0,'2024-11-26', 455, 'P127', 31),
(0,'2024-01-03', 368, 'P159', 38),
(0,'2024-09-24', 527, 'P124', 5),
(0,'2024-07-10', 47, 'P164', 40),
(0,'2024-06-02', 214, 'P016', 17),
(0,'2024-03-10', 135, 'P121', 33),
(0,'2024-06-16', 327, 'P009', 31),
(0,'2024-10-09', 308, 'P070', 28),
(0,'2024-11-11', 128, 'P172', 14),
(0,'2024-01-16', 992, 'P200', 15),
(0,'2024-02-12', 341, 'P110', 38),
(0,'2024-06-04', 560, 'P146', 29),
(0,'2024-12-21', 935, 'P118', 6),
(0,'2024-02-29', 870, 'P038', 47),
(0,'2024-10-05', 732, 'P145', 12),
(0,'2024-10-11', 571, 'P124', 5),
(0,'2024-03-08', 196, 'P006', 28),
(0,'2024-10-12', 823, 'P124', 49),
(0,'2024-09-04', 801, 'P044', 32),
(0,'2024-01-17', 68, 'P179', 5),
(0,'2024-07-09', 463, 'P186', 15),
(0,'2024-01-25', 229, 'P047', 12),
(0,'2024-08-28', 724, 'P174', 3),
(0,'2024-10-03', 750, 'P112', 20),
(0,'2024-11-10', 494, 'P182', 38),
(0,'2024-01-21', 908, 'P001', 35),
(0,'2024-07-12', 197, 'P196', 11),
(0,'2024-02-26', 363, 'P133', 32),
(0,'2024-07-14', 29, 'P013', 13),
(0,'2024-08-14', 833, 'P007', 44),
(0,'2024-04-18', 584, 'P077', 43),
(0,'2024-01-17', 978, 'P188', 7),
(0,'2024-01-31', 711, 'P188', 26),
(0,'2024-09-13', 99, 'P170', 4),
(0,'2024-09-07', 884, 'P012', 50),
(0,'2024-04-30', 967, 'P178', 21),
(0,'2024-10-30', 957, 'P010', 28),
(0,'2024-08-07', 121, 'P195', 6),
(0,'2024-11-27', 331, 'P182', 49),
(0,'2024-02-07', 844, 'P142', 9),
(0,'2024-08-29', 100, 'P184', 40),
(0,'2024-02-22', 100, 'P071', 9),
(0,'2024-02-12', 955, 'P037', 19),
(0,'2024-09-08', 633, 'P047', 4),
(0,'2024-11-01', 649, 'P126', 45),
(0,'2024-09-19', 968, 'P124', 11),
(0,'2024-05-18', 450, 'P119', 15),
(0,'2024-12-27', 791, 'P126', 23),
(0,'2024-09-10', 841, 'P165', 4),
(0,'2024-06-01', 633, 'P030', 18),
(0,'2024-05-23', 502, 'P108', 4),
(0,'2024-03-03', 422, 'P120', 10),
(0,'2024-12-15', 514, 'P189', 5),
(0,'2024-08-31', 545, 'P051', 13),
(0,'2024-03-13', 953, 'P184', 3),
(0,'2024-08-19', 823, 'P187', 49),
(0,'2024-06-26', 352, 'P069', 19),
(0,'2024-03-31', 755, 'P121', 19),
(0,'2024-04-26', 979, 'P180', 13),
(0,'2024-07-09', 915, 'P116', 27),
(0,'2024-08-23', 696, 'P138', 38),
(0,'2024-11-19', 695, 'P139', 5),
(0,'2024-05-13', 156, 'P049', 34),
(0,'2024-10-26', 420, 'P162', 26),
(0,'2024-10-02', 205, 'P180', 9),
(0,'2024-12-08', 957, 'P158', 8),
(0,'2024-12-11', 140, 'P008', 26),
(0,'2024-06-21', 525, 'P001', 43),
(0,'2024-05-24', 639, 'P050', 47),
(0,'2024-05-22', 229, 'P036', 28),
(0,'2024-10-05', 107, 'P018', 5),
(0,'2024-03-03', 449, 'P004', 16),
(0,'2024-03-20', 731, 'P187', 49),
(0,'2024-02-03', 649, 'P113', 17),
(0,'2024-07-22', 171, 'P162', 13),
(0,'2024-10-11', 60, 'P153', 28),
(0,'2024-01-26', 684, 'P185', 37),
(0,'2024-07-28', 559, 'P136', 21),
(0,'2024-11-09', 715, 'P164', 38),
(0,'2024-06-07', 966, 'P051', 29),
(0,'2024-09-12', 896, 'P105', 22),
(0,'2024-08-28', 277, 'P139', 9),
(0,'2024-01-21', 199, 'P169', 8),
(0,'2024-07-31', 646, 'P042', 15),
(0,'2024-11-24', 882, 'P149', 22),
(0,'2024-03-22', 901, 'P006', 40),
(0,'2024-07-02', 461, 'P084', 3),
(0,'2024-01-27', 938, 'P003', 17),
(0,'2024-11-26', 423, 'P120', 43),
(0,'2024-08-09', 656, 'P009', 2),
(0,'2024-08-10', 498, 'P068', 9),
(0,'2024-10-05', 78, 'P127', 33),
(0,'2024-09-20', 782, 'P035', 50),
(0,'2024-02-16', 31, 'P184', 45),
(0,'2024-06-25', 161, 'P013', 37),
(0,'2024-01-09', 620, 'P147', 37),
(0,'2024-08-04', 51, 'P083', 8),
(0,'2024-01-02', 51, 'P059', 9),
(0,'2024-10-20', 873, 'P021', 46),
(0,'2024-01-15', 936, 'P111', 36),
(0,'2024-03-24', 575, 'P149', 19),
(0,'2024-06-12', 549, 'P079', 26),
(0,'2024-01-17', 500, 'P163', 34),
(0,'2024-08-16', 904, 'P006', 26),
(0,'2024-02-12', 680, 'P103', 20),
(0,'2024-09-09', 793, 'P139', 33),
(0,'2024-02-15', 737, 'P007', 22),
(0,'2024-05-28', 341, 'P010', 46),
(0,'2024-11-12', 275, 'P109', 14),
(0,'2024-05-28', 583, 'P019', 49),
(0,'2024-03-18', 378, 'P043', 9),
(0,'2024-06-02', 863, 'P098', 49),
(0,'2024-08-11', 320, 'P008', 24),
(0,'2024-09-21', 760, 'P103', 44),
(0,'2024-09-24', 115, 'P018', 42),
(0,'2024-05-27', 588, 'P037', 12),
(0,'2024-11-21', 23, 'P076', 13),
(0,'2024-03-28', 634, 'P023', 13),
(0,'2024-07-07', 917, 'P044', 24),
(0,'2024-03-27', 559, 'P169', 29),
(0,'2024-04-29', 223, 'P188', 11),
(0,'2024-02-14', 65, 'P145', 27),
(0,'2024-06-24', 277, 'P114', 19),
(0,'2024-11-06', 430, 'P135', 29),
(0,'2024-12-17', 163, 'P100', 47),
(0,'2024-10-12', 402, 'P134', 4),
(0,'2024-06-23', 981, 'P022', 5),
(0,'2024-09-04', 666, 'P192', 6),
(0,'2024-06-19', 526, 'P199', 1),
(0,'2024-10-19', 677, 'P139', 40),
(0,'2024-09-16', 762, 'P003', 6),
(0,'2024-03-26', 38, 'P093', 14),
(0,'2024-04-13', 551, 'P011', 5),
(0,'2024-06-20', 428, 'P147', 9),
(0,'2024-09-23', 800, 'P041', 36),
(0,'2024-10-31', 575, 'P001', 12),
(0,'2024-05-27', 878, 'P043', 31),
(0,'2024-06-07', 300, 'P131', 4),
(0,'2024-12-04', 656, 'P100', 40),
(0,'2024-12-23', 223, 'P130', 43),
(0,'2024-02-09', 970, 'P086', 3),
(0,'2024-07-30', 90, 'P103', 23),
(0,'2024-11-20', 337, 'P133', 35),
(0,'2024-01-12', 830, 'P160', 17),
(0,'2024-09-07', 617, 'P018', 46),
(0,'2024-08-10', 862, 'P008', 9),
(0,'2024-08-25', 815, 'P015', 3),
(0,'2024-05-26', 632, 'P181', 49),
(0,'2024-09-22', 724, 'P183', 18),
(0,'2024-02-16', 779, 'P169', 3),
(0,'2024-11-04', 149, 'P070', 2),
(0,'2024-04-05', 46, 'P167', 44),
(0,'2024-11-25', 779, 'P053', 20),
(0,'2024-03-12', 944, 'P167', 44),
(0,'2024-12-26', 278, 'P098', 8),
(0,'2024-09-16', 497, 'P025', 49),
(0,'2024-07-11', 435, 'P036', 50),
(0,'2024-03-14', 799, 'P085', 29),
(0,'2024-03-25', 470, 'P101', 26),
(0,'2024-06-26', 577, 'P019', 17),
(0,'2024-11-25', 602, 'P184', 2),
(0,'2024-08-08', 502, 'P044', 39),
(0,'2024-02-10', 643, 'P032', 24),
(0,'2024-07-12', 936, 'P043', 27),
(0,'2024-12-29', 217, 'P145', 42),
(0,'2024-08-01', 558, 'P190', 6),
(0,'2024-05-06', 910, 'P138', 39),
(0,'2024-08-29', 264, 'P169', 35),
(0,'2024-03-08', 330, 'P099', 38),
(0,'2024-05-26', 288, 'P118', 9),
(0,'2024-09-23', 287, 'P080', 19),
(0,'2024-07-08', 792, 'P141', 41),
(0,'2024-10-18', 957, 'P028', 10),
(0,'2024-02-09', 248, 'P163', 2),
(0,'2024-02-22', 169, 'P142', 20),
(0,'2024-07-12', 151, 'P010', 48),
(0,'2024-06-14', 54, 'P141', 38),
(0,'2024-07-06', 898, 'P146', 41),
(0,'2024-10-12', 331, 'P075', 16),
(0,'2024-02-29', 511, 'P093', 21),
(0,'2024-06-20', 957, 'P125', 49),
(0,'2024-04-08', 971, 'P029', 33),
(0,'2024-06-24', 65, 'P051', 30),
(0,'2024-09-06', 586, 'P182', 23),
(0,'2024-07-06', 672, 'P008', 39),
(0,'2024-04-13', 42, 'P058', 13),
(0,'2024-07-21', 244, 'P110', 23),
(0,'2024-10-22', 178, 'P132', 31),
(0,'2024-11-12', 496, 'P058', 19),
(0,'2024-02-12', 971, 'P026', 21),
(0,'2024-10-21', 571, 'P088', 26),
(0,'2024-11-22', 270, 'P121', 16),
(0,'2024-12-11', 842, 'P098', 22),
(0,'2024-10-17', 421, 'P122', 48),
(0,'2024-06-12', 889, 'P048', 23),
(0,'2024-11-25', 785, 'P089', 46),
(0,'2024-06-29', 837, 'P115', 16),
(0,'2024-01-26', 831, 'P072', 47),
(0,'2024-09-07', 628, 'P153', 32),
(0,'2024-08-30', 788, 'P081', 12),
(0,'2024-08-25', 969, 'P053', 10),
(0,'2024-02-25', 349, 'P018', 43),
(0,'2024-11-01', 807, 'P040', 11),
(0,'2024-03-16', 642, 'P119', 22),
(0,'2024-09-29', 52, 'P167', 23),
(0,'2024-01-05', 144, 'P074', 17),
(0,'2024-04-24', 362, 'P082', 11),
(0,'2024-03-11', 141, 'P075', 11),
(0,'2024-07-21', 949, 'P025', 23),
(0,'2024-02-07', 55, 'P123', 2),
(0,'2024-10-20', 987, 'P075', 14),
(0,'2024-01-05', 30, 'P184', 27),
(0,'2024-05-19', 158, 'P034', 5),
(0,'2024-08-24', 641, 'P162', 32),
(0,'2024-06-15', 683, 'P086', 21),
(0,'2024-09-04', 582, 'P106', 27),
(0,'2024-01-23', 26, 'P072', 33),
(0,'2024-01-15', 743, 'P137', 20),
(0,'2024-07-02', 278, 'P175', 24),
(0,'2024-06-07', 319, 'P175', 17),
(0,'2024-04-14', 650, 'P171', 2),
(0,'2024-10-30', 866, 'P015', 37),
(0,'2024-02-05', 906, 'P162', 29),
(0,'2024-09-12', 243, 'P192', 4),
(0,'2024-04-02', 423, 'P006', 1),
(0,'2024-01-21', 168, 'P095', 44),
(0,'2024-12-01', 888, 'P123', 50),
(0,'2024-09-10', 265, 'P059', 43),
(0,'2024-01-25', 808, 'P003', 5),
(0,'2024-09-19', 707, 'P096', 6),
(0,'2024-09-13', 68, 'P133', 24),
(0,'2024-04-04', 753, 'P028', 35),
(0,'2024-10-02', 615, 'P151', 31),
(0,'2024-09-23', 340, 'P068', 10),
(0,'2024-01-13', 321, 'P006', 12),
(0,'2024-01-24', 843, 'P133', 28),
(0,'2024-08-10', 239, 'P089', 40),
(0,'2024-12-16', 754, 'P167', 1),
(0,'2024-05-03', 153, 'P153', 37),
(0,'2024-12-23', 576, 'P026', 1),
(0,'2024-06-10', 628, 'P073', 36),
(0,'2024-03-23', 753, 'P179', 43),
(0,'2024-08-17', 236, 'P108', 18),
(0,'2024-11-23', 565, 'P190', 19),
(0,'2024-01-02', 607, 'P111', 22),
(0,'2024-04-09', 894, 'P042', 50),
(0,'2024-08-13', 228, 'P070', 36),
(0,'2024-02-16', 559, 'P014', 5),
(0,'2024-03-03', 628, 'P069', 41),
(0,'2024-08-08', 424, 'P131', 19),
(0,'2024-02-20', 188, 'P013', 19),
(0,'2024-10-09', 995, 'P072', 35),
(0,'2024-09-30', 349, 'P041', 47),
(0,'2024-08-01', 803, 'P065', 4),
(0,'2024-04-28', 535, 'P101', 31),
(0,'2024-06-02', 108, 'P125', 39),
(0,'2024-02-14', 842, 'P032', 49),
(0,'2024-12-29', 744, 'P075', 40),
(0,'2024-10-27', 391, 'P134', 39),
(0,'2024-07-06', 305, 'P109', 25),
(0,'2024-10-28', 278, 'P070', 44),
(0,'2024-01-18', 269, 'P026', 20),
(0,'2024-06-28', 367, 'P062', 2),
(0,'2024-11-21', 12, 'P075', 46),
(0,'2024-02-04', 424, 'P143', 43),
(0,'2024-08-27', 193, 'P095', 39),
(0,'2024-07-18', 647, 'P043', 44),
(0,'2024-07-21', 144, 'P096', 43),
(0,'2024-05-06', 787, 'P170', 24),
(0,'2024-06-12', 366, 'P106', 27),
(0,'2024-02-21', 388, 'P101', 25),
(0,'2024-05-09', 279, 'P056', 36),
(0,'2024-12-05', 487, 'P162', 4),
(0,'2024-08-15', 363, 'P017', 23),
(0,'2024-10-02', 427, 'P150', 10),
(0,'2024-06-01', 655, 'P037', 26),
(0,'2024-11-16', 463, 'P188', 1),
(0,'2024-08-10', 830, 'P014', 28),
(0,'2024-01-09', 126, 'P153', 18),
(0,'2024-08-31', 328, 'P092', 32),
(0,'2024-03-01', 398, 'P081', 26),
(0,'2024-05-18', 678, 'P032', 22),
(0,'2024-11-01', 291, 'P050', 47),
(0,'2024-05-24', 480, 'P168', 19),
(0,'2024-03-12', 963, 'P190', 17),
(0,'2024-02-05', 693, 'P062', 6),
(0,'2024-12-26', 868, 'P176', 15),
(0,'2024-10-29', 403, 'P054', 18),
(0,'2024-11-10', 634, 'P012', 39),
(0,'2024-09-21', 539, 'P074', 24),
(0,'2024-12-08', 257, 'P129', 20),
(0,'2024-02-09', 966, 'P093', 8),
(0,'2024-03-16', 577, 'P065', 23),
(0,'2024-07-03', 359, 'P109', 2),
(0,'2024-04-19', 216, 'P186', 45),
(0,'2024-08-22', 265, 'P047', 24),
(0,'2024-10-26', 988, 'P097', 29),
(0,'2024-09-26', 185, 'P124', 46),
(0,'2024-05-09', 233, 'P076', 21),
(0,'2024-04-21', 865, 'P191', 6),
(0,'2024-02-28', 855, 'P078', 40),
(0,'2024-06-07', 995, 'P165', 7),
(0,'2024-09-07', 85, 'P015', 49),
(0,'2024-06-20', 655, 'P064', 23),
(0,'2024-06-28', 305, 'P045', 24),
(0,'2024-01-25', 94, 'P106', 16),
(0,'2024-12-04', 378, 'P088', 42),
(0,'2024-08-28', 631, 'P139', 31),
(0,'2024-11-03', 278, 'P135', 48),
(0,'2024-11-01', 575, 'P129', 39),
(0,'2024-07-20', 620, 'P077', 35),
(0,'2024-03-16', 705, 'P054', 17),
(0,'2024-06-01', 579, 'P075', 7),
(0,'2024-10-20', 684, 'P066', 27),
(0,'2024-04-08', 386, 'P146', 27),
(0,'2024-01-23', 337, 'P079', 28),
(0,'2024-01-20', 460, 'P124', 14),
(0,'2024-10-06', 278, 'P143', 8),
(0,'2024-06-17', 857, 'P145', 24),
(0,'2024-11-20', 848, 'P079', 21),
(0,'2024-09-28', 727, 'P068', 3),
(0,'2024-11-19', 276, 'P103', 38),
(0,'2024-12-16', 638, 'P120', 48),
(0,'2024-01-24', 613, 'P044', 16),
(0,'2024-10-01', 708, 'P192', 14),
(0,'2024-03-28', 116, 'P019', 13),
(0,'2024-08-16', 667, 'P071', 34),
(0,'2024-02-03', 286, 'P008', 43),
(0,'2024-11-28', 459, 'P056', 14),
(0,'2024-03-12', 210, 'P021', 46),
(0,'2024-12-06', 972, 'P015', 40),
(0,'2024-02-04', 939, 'P078', 43),
(0,'2024-01-20', 670, 'P183', 13),
(0,'2024-07-20', 965, 'P033', 6),
(0,'2024-03-03', 202, 'P103', 17),
(0,'2024-03-22', 548, 'P058', 47),
(0,'2024-01-07', 865, 'P033', 40),
(0,'2024-11-28', 896, 'P062', 39),
(0,'2024-07-31', 373, 'P077', 40),
(0,'2024-06-01', 699, 'P030', 12),
(0,'2024-05-05', 145, 'P054', 47),
(0,'2024-09-20', 307, 'P189', 37),
(0,'2024-10-06', 960, 'P124', 19),
(0,'2024-02-04', 991, 'P104', 17),
(0,'2024-08-21', 667, 'P017', 36),
(0,'2024-01-27', 798, 'P139', 19),
(0,'2024-11-24', 56, 'P195', 38),
(0,'2024-03-03', 670, 'P012', 32),
(0,'2024-03-29', 893, 'P171', 40),
(0,'2024-11-17', 222, 'P014', 44),
(0,'2024-11-09', 501, 'P180', 49),
(0,'2024-11-06', 596, 'P092', 31),
(0,'2024-05-07', 762, 'P101', 32),
(0,'2024-10-23', 804, 'P105', 42),
(0,'2024-01-25', 713, 'P152', 39),
(0,'2024-06-15', 11, 'P049', 7),
(0,'2024-07-13', 960, 'P049', 2),
(0,'2024-01-01', 747, 'P066', 18),
(0,'2024-11-16', 995, 'P156', 27),
(0,'2024-03-22', 60, 'P194', 50),
(0,'2024-12-05', 955, 'P010', 22),
(0,'2024-01-02', 286, 'P119', 42),
(0,'2024-04-19', 249, 'P150', 30),
(0,'2024-04-04', 802, 'P063', 44),
(0,'2024-01-15', 790, 'P030', 40),
(0,'2024-11-09', 634, 'P025', 2),
(0,'2024-06-02', 798, 'P037', 42),
(0,'2024-03-21', 587, 'P192', 38),
(0,'2024-02-16', 134, 'P086', 28),
(0,'2024-12-29', 521, 'P010', 7),
(0,'2024-07-15', 911, 'P043', 45),
(0,'2024-09-18', 55, 'P165', 37),
(0,'2024-02-12', 70, 'P065', 46),
(0,'2024-02-08', 601, 'P166', 39),
(0,'2024-08-20', 987, 'P156', 34),
(0,'2024-03-14', 147, 'P134', 16),
(0,'2024-02-28', 784, 'P166', 1),
(0,'2024-04-11', 441, 'P072', 16),
(0,'2024-04-06', 927, 'P045', 22),
(0,'2024-01-26', 356, 'P056', 43),
(0,'2024-11-09', 201, 'P190', 40),
(0,'2024-01-11', 807, 'P173', 19),
(0,'2024-07-19', 107, 'P075', 38),
(0,'2024-04-19', 22, 'P093', 42),
(0,'2024-09-13', 822, 'P032', 2),
(0,'2024-08-19', 65, 'P193', 12),
(0,'2024-05-07', 480, 'P124', 31),
(0,'2024-06-29', 862, 'P149', 14),
(0,'2024-10-20', 215, 'P060', 11),
(0,'2024-06-17', 843, 'P049', 16),
(0,'2024-07-03', 261, 'P069', 13),
(0,'2024-05-27', 646, 'P189', 46),
(0,'2024-05-25', 512, 'P009', 14),
(0,'2024-09-01', 579, 'P041', 8),
(0,'2024-02-15', 631, 'P180', 2),
(0,'2024-08-25', 186, 'P092', 1),
(0,'2024-01-31', 330, 'P026', 9),
(0,'2024-04-06', 310, 'P065', 50),
(0,'2024-05-23', 33, 'P148', 32),
(0,'2024-04-06', 779, 'P191', 22),
(0,'2024-12-16', 90, 'P059', 47),
(0,'2024-02-07', 64, 'P197', 14),
(0,'2024-10-24', 85, 'P148', 45),
(0,'2024-05-23', 761, 'P197', 38),
(0,'2024-12-10', 436, 'P064', 4),
(0,'2024-05-15', 952, 'P049', 24),
(0,'2024-08-08', 682, 'P174', 19),
(0,'2024-06-06', 427, 'P054', 39),
(0,'2024-06-08', 599, 'P108', 10),
(0,'2024-06-24', 120, 'P065', 50),
(0,'2024-06-01', 187, 'P114', 32),
(0,'2024-09-21', 940, 'P093', 20),
(0,'2024-10-08', 764, 'P152', 15),
(0,'2024-01-22', 429, 'P018', 48),
(0,'2024-07-14', 487, 'P200', 21),
(0,'2024-05-11', 577, 'P153', 27),
(0,'2024-12-02', 385, 'P011', 35),
(0,'2024-09-03', 383, 'P149', 2),
(0,'2024-09-26', 395, 'P122', 23),
(0,'2024-05-06', 261, 'P073', 45),
(0,'2024-12-22', 28, 'P002', 30),
(0,'2024-12-25', 518, 'P133', 46),
(0,'2024-01-19', 574, 'P013', 33),
(0,'2024-12-22', 59, 'P014', 42),
(0,'2024-08-19', 55, 'P130', 2),
(0,'2024-03-17', 306, 'P007', 22),
(0,'2024-08-12', 931, 'P056', 40),
(0,'2024-01-18', 743, 'P136', 16),
(0,'2024-09-06', 80, 'P109', 8),
(0,'2024-04-20', 199, 'P105', 36),
(0,'2024-06-21', 363, 'P129', 48),
(0,'2024-04-18', 738, 'P080', 29),
(0,'2024-04-18', 555, 'P199', 21),
(0,'2024-11-24', 898, 'P134', 47),
(0,'2024-03-21', 196, 'P051', 25),
(0,'2024-06-26', 392, 'P054', 28),
(0,'2024-01-02', 504, 'P164', 28),
(0,'2024-02-13', 332, 'P180', 19),
(0,'2024-01-27', 632, 'P009', 17),
(0,'2024-08-10', 123, 'P027', 34),
(0,'2024-10-16', 830, 'P148', 1),
(0,'2024-02-15', 942, 'P017', 31),
(0,'2024-06-21', 778, 'P109', 4),
(0,'2024-07-31', 278, 'P117', 38),
(0,'2024-09-05', 101, 'P064', 10),
(0,'2024-10-02', 330, 'P038', 3),
(0,'2024-01-06', 332, 'P067', 42),
(0,'2024-12-13', 957, 'P150', 21),
(0,'2024-02-14', 300, 'P023', 18),
(0,'2024-05-18', 932, 'P158', 11),
(0,'2024-11-03', 389, 'P154', 45),
(0,'2024-07-14', 408, 'P055', 10),
(0,'2024-06-24', 77, 'P174', 24),
(0,'2024-04-28', 731, 'P172', 32),
(0,'2024-07-07', 438, 'P118', 7),
(0,'2024-04-12', 516, 'P171', 13),
(0,'2024-09-11', 738, 'P055', 7),
(0,'2024-06-29', 158, 'P120', 3),
(0,'2024-07-03', 523, 'P034', 47),
(0,'2024-01-10', 94, 'P063', 17),
(0,'2024-11-08', 145, 'P128', 4),
(0,'2024-12-19', 327, 'P080', 28),
(0,'2024-03-27', 235, 'P194', 41),
(0,'2024-03-30', 266, 'P036', 48),
(0,'2024-01-30', 851, 'P106', 9),
(0,'2024-04-17', 797, 'P182', 30),
(0,'2024-11-05', 826, 'P060', 40),
(0,'2024-02-07', 955, 'P176', 8),
(0,'2024-03-14', 501, 'P154', 41),
(0,'2024-11-16', 846, 'P045', 3),
(0,'2024-06-27', 948, 'P200', 19),
(0,'2024-03-17', 24, 'P081', 34),
(0,'2024-10-27', 161, 'P043', 47),
(0,'2024-10-03', 861, 'P090', 15),
(0,'2024-07-03', 120, 'P195', 26),
(0,'2024-09-30', 475, 'P183', 34),
(0,'2024-01-30', 311, 'P104', 43),
(0,'2024-05-11', 433, 'P014', 1),
(0,'2024-03-05', 713, 'P081', 17),
(0,'2024-11-25', 430, 'P121', 23),
(0,'2024-01-29', 572, 'P118', 38),
(0,'2024-05-23', 604, 'P115', 18),
(0,'2024-02-21', 543, 'P041', 31),
(0,'2024-01-04', 432, 'P176', 11),
(0,'2024-07-26', 483, 'P128', 4),
(0,'2024-12-12', 879, 'P163', 29),
(0,'2024-03-19', 109, 'P148', 2),
(0,'2024-12-21', 297, 'P062', 42),
(0,'2024-05-12', 621, 'P061', 1),
(0,'2024-05-07', 252, 'P185', 8),
(0,'2024-02-09', 296, 'P144', 43),
(0,'2024-04-14', 6, 'P122', 41),
(0,'2024-01-26', 795, 'P185', 18),
(0,'2024-03-13', 145, 'P138', 39),
(0,'2024-08-18', 317, 'P058', 49),
(0,'2024-04-18', 101, 'P040', 32),
(0,'2024-07-28', 195, 'P020', 5),
(0,'2024-09-24', 816, 'P163', 47),
(0,'2024-01-15', 784, 'P123', 36),
(0,'2024-06-18', 119, 'P146', 33),
(0,'2024-11-14', 909, 'P081', 40),
(0,'2024-09-24', 916, 'P112', 18),
(0,'2024-06-10', 1, 'P200', 31),
(0,'2024-09-03', 293, 'P088', 38),
(0,'2024-10-26', 863, 'P023', 34),
(0,'2024-04-11', 561, 'P175', 3),
(0,'2024-05-31', 62, 'P004', 49),
(0,'2024-01-16', 762, 'P175', 37),
(0,'2024-09-14', 27, 'P125', 26),
(0,'2024-11-20', 245, 'P090', 43),
(0,'2024-07-27', 871, 'P112', 45),
(0,'2024-03-24', 999, 'P169', 14),
(0,'2024-09-29', 699, 'P173', 41),
(0,'2024-02-07', 988, 'P143', 16),
(0,'2024-03-17', 134, 'P132', 27),
(0,'2024-11-14', 20, 'P108', 6),
(0,'2024-08-28', 603, 'P094', 6),
(0,'2024-05-19', 683, 'P121', 11),
(0,'2024-10-21', 744, 'P053', 16),
(0,'2024-03-07', 687, 'P067', 32),
(0,'2024-05-20', 116, 'P081', 23),
(0,'2024-11-17', 310, 'P096', 19),
(0,'2024-11-19', 770, 'P179', 42),
(0,'2024-05-19', 629, 'P144', 5),
(0,'2024-04-27', 790, 'P048', 10),
(0,'2024-11-04', 840, 'P025', 20),
(0,'2024-11-07', 888, 'P112', 15),
(0,'2024-10-15', 739, 'P073', 32),
(0,'2024-11-20', 334, 'P137', 15),
(0,'2024-12-21', 799, 'P020', 20),
(0,'2024-10-07', 746, 'P046', 31),
(0,'2024-11-22', 66, 'P147', 4),
(0,'2024-09-05', 407, 'P194', 26),
(0,'2024-10-07', 409, 'P019', 32),
(0,'2024-07-14', 35, 'P166', 34),
(0,'2024-05-17', 993, 'P070', 17),
(0,'2024-02-24', 370, 'P153', 10),
(0,'2024-05-29', 898, 'P013', 1),
(0,'2024-12-16', 498, 'P178', 30),
(0,'2024-10-23', 451, 'P134', 47),
(0,'2024-01-05', 131, 'P003', 6),
(0,'2024-01-25', 956, 'P122', 5),
(0,'2024-09-13', 184, 'P024', 49),
(0,'2024-01-01', 504, 'P136', 29),
(0,'2024-03-02', 159, 'P145', 32),
(0,'2024-03-15', 362, 'P052', 47),
(0,'2024-06-15', 281, 'P172', 1),
(0,'2024-07-26', 309, 'P005', 14),
(0,'2024-10-08', 712, 'P111', 43),
(0,'2024-08-15', 212, 'P021', 43),
(0,'2024-01-24', 728, 'P182', 30),
(0,'2024-10-10', 85, 'P024', 7),
(0,'2024-07-10', 237, 'P151', 29),
(0,'2024-06-16', 161, 'P015', 38),
(0,'2024-05-09', 972, 'P032', 17),
(0,'2024-06-05', 452, 'P056', 28),
(0,'2024-09-04', 373, 'P068', 8),
(0,'2024-05-26', 761, 'P108', 23),
(0,'2024-02-18', 5, 'P144', 29),
(0,'2024-08-03', 231, 'P166', 2),
(0,'2024-07-10', 733, 'P016', 48),
(0,'2024-06-18', 165, 'P126', 36),
(0,'2024-04-17', 842, 'P171', 32),
(0,'2024-06-20', 412, 'P172', 28),
(0,'2024-05-18', 504, 'P018', 40),
(0,'2024-06-08', 376, 'P118', 49),
(0,'2024-12-25', 408, 'P109', 6),
(0,'2024-09-25', 123, 'P112', 16),
(0,'2024-01-07', 635, 'P159', 14),
(0,'2024-03-26', 46, 'P143', 4),
(0,'2024-11-29', 248, 'P051', 15),
(0,'2024-07-24', 84, 'P093', 11),
(0,'2024-12-26', 319, 'P012', 6),
(0,'2024-04-03', 761, 'P004', 36),
(0,'2024-02-25', 270, 'P094', 5),
(0,'2024-02-29', 450, 'P046', 25),
(0,'2024-09-20', 581, 'P076', 44),
(0,'2024-07-20', 194, 'P083', 25),
(0,'2024-01-20', 536, 'P108', 19),
(0,'2024-08-12', 374, 'P015', 15),
(0,'2024-10-20', 610, 'P069', 25),
(0,'2024-09-06', 632, 'P134', 37),
(0,'2024-12-07', 284, 'P010', 39),
(0,'2024-08-19', 835, 'P071', 2),
(0,'2024-07-26', 946, 'P179', 24),
(0,'2024-11-02', 856, 'P081', 33),
(0,'2024-06-18', 656, 'P121', 34),
(0,'2024-08-10', 318, 'P196', 13),
(0,'2024-02-06', 441, 'P005', 35),
(0,'2024-05-11', 272, 'P105', 47),
(0,'2024-12-11', 62, 'P063', 26),
(0,'2024-12-11', 194, 'P110', 26),
(0,'2024-10-21', 971, 'P070', 46),
(0,'2024-09-04', 925, 'P174', 24),
(0,'2024-11-30', 747, 'P133', 17),
(0,'2024-07-28', 400, 'P194', 44),
(0,'2024-08-30', 117, 'P097', 29),
(0,'2024-10-30', 335, 'P185', 20),
(0,'2024-12-22', 459, 'P030', 44),
(0,'2024-09-26', 735, 'P089', 18),
(0,'2024-09-06', 705, 'P118', 35),
(0,'2024-10-29', 299, 'P153', 43),
(0,'2024-02-25', 649, 'P149', 16),
(0,'2024-06-04', 302, 'P001', 8),
(0,'2024-08-02', 853, 'P176', 7),
(0,'2024-06-03', 721, 'P172', 26),
(0,'2024-01-11', 357, 'P179', 50),
(0,'2024-06-07', 315, 'P150', 5),
(0,'2024-07-21', 239, 'P157', 28),
(0,'2024-12-14', 107, 'P134', 4),
(0,'2024-04-05', 716, 'P029', 19),
(0,'2024-09-26', 660, 'P158', 35),
(0,'2024-04-20', 843, 'P151', 8),
(0,'2024-09-22', 142, 'P195', 41),
(0,'2024-02-21', 349, 'P180', 7),
(0,'2024-04-13', 232, 'P020', 8),
(0,'2024-04-16', 729, 'P121', 3),
(0,'2024-02-07', 443, 'P096', 44),
(0,'2024-10-21', 29, 'P005', 45),
(0,'2024-10-05', 658, 'P028', 5),
(0,'2024-06-20', 94, 'P154', 14),
(0,'2024-01-28', 465, 'P096', 28),
(0,'2024-03-27', 994, 'P149', 15),
(0,'2024-04-28', 391, 'P135', 43),
(0,'2024-02-25', 257, 'P199', 38),
(0,'2024-11-29', 93, 'P131', 7),
(0,'2024-11-19', 493, 'P180', 48),
(0,'2024-12-07', 555, 'P191', 10),
(0,'2024-08-15', 910, 'P069', 23),
(0,'2024-04-17', 485, 'P194', 48),
(0,'2024-12-12', 865, 'P098', 23),
(0,'2024-07-24', 592, 'P174', 41),
(0,'2024-12-28', 96, 'P184', 40),
(0,'2024-10-12', 22, 'P041', 35),
(0,'2024-03-15', 791, 'P156', 47),
(0,'2024-03-12', 428, 'P170', 29),
(0,'2024-03-26', 50, 'P076', 6),
(0,'2024-12-19', 303, 'P191', 22),
(0,'2024-11-13', 336, 'P134', 33),
(0,'2024-08-24', 263, 'P125', 29),
(0,'2024-03-29', 103, 'P025', 44),
(0,'2024-12-11', 761, 'P114', 50),
(0,'2024-06-24', 810, 'P011', 6),
(0,'2024-08-07', 124, 'P176', 18),
(0,'2024-03-24', 980, 'P060', 39),
(0,'2024-06-08', 181, 'P112', 11),
(0,'2024-04-21', 263, 'P087', 22),
(0,'2024-07-01', 724, 'P021', 46),
(0,'2024-12-21', 801, 'P084', 8),
(0,'2024-10-08', 787, 'P137', 4),
(0,'2024-02-28', 987, 'P039', 12),
(0,'2024-10-06', 144, 'P055', 13),
(0,'2024-08-23', 134, 'P089', 26),
(0,'2024-09-21', 212, 'P084', 43),
(0,'2024-09-12', 75, 'P189', 38),
(0,'2024-01-25', 228, 'P118', 5),
(0,'2024-08-19', 68, 'P191', 34),
(0,'2024-03-24', 494, 'P089', 34),
(0,'2024-12-05', 520, 'P166', 34),
(0,'2024-07-15', 281, 'P135', 48),
(0,'2024-06-30', 328, 'P157', 46),
(0,'2024-07-01', 629, 'P135', 29),
(0,'2024-11-22', 474, 'P184', 8),
(0,'2024-12-28', 111, 'P066', 1),
(0,'2024-07-14', 27, 'P054', 36),
(0,'2024-06-30', 932, 'P014', 11),
(0,'2024-07-22', 116, 'P040', 30),
(0,'2024-06-03', 311, 'P027', 10),
(0,'2024-02-23', 649, 'P190', 33),
(0,'2024-02-20', 795, 'P113', 9),
(0,'2024-03-15', 543, 'P193', 39),
(0,'2024-02-01', 126, 'P031', 43),
(0,'2024-01-19', 627, 'P090', 2),
(0,'2024-05-10', 714, 'P171', 24),
(0,'2024-12-07', 107, 'P180', 37),
(0,'2024-05-27', 370, 'P024', 48),
(0,'2024-06-17', 325, 'P035', 46),
(0,'2024-10-05', 678, 'P137', 21),
(0,'2024-09-19', 818, 'P065', 32),
(0,'2024-03-06', 86, 'P168', 25),
(0,'2024-11-15', 19, 'P094', 2),
(0,'2024-06-11', 135, 'P153', 44),
(0,'2024-09-23', 320, 'P114', 28),
(0,'2024-08-27', 207, 'P117', 6),
(0,'2024-06-08', 582, 'P038', 23),
(0,'2024-01-18', 894, 'P154', 11),
(0,'2024-07-13', 865, 'P141', 4),
(0,'2024-12-13', 778, 'P137', 4),
(0,'2024-02-23', 179, 'P134', 4),
(0,'2024-10-21', 594, 'P037', 26),
(0,'2024-09-13', 807, 'P099', 11),
(0,'2024-07-11', 513, 'P123', 45),
(0,'2024-12-23', 119, 'P130', 41),
(0,'2024-11-22', 846, 'P098', 10),
(0,'2024-12-18', 736, 'P189', 5),
(0,'2024-07-27', 876, 'P114', 31),
(0,'2024-08-08', 486, 'P117', 16),
(0,'2024-01-13', 613, 'P054', 48),
(0,'2024-08-13', 19, 'P053', 7),
(0,'2024-11-06', 668, 'P003', 16),
(0,'2024-07-25', 165, 'P174', 15),
(0,'2024-10-21', 360, 'P049', 46),
(0,'2024-08-13', 483, 'P021', 22),
(0,'2024-12-19', 429, 'P116', 50),
(0,'2024-06-16', 493, 'P157', 45),
(0,'2024-03-03', 951, 'P187', 22),
(0,'2024-09-07', 439, 'P005', 27),
(0,'2024-10-09', 711, 'P113', 48),
(0,'2024-01-06', 219, 'P176', 9),
(0,'2024-11-02', 204, 'P102', 31),
(0,'2024-04-28', 214, 'P146', 41),
(0,'2024-10-06', 429, 'P002', 14),
(0,'2024-08-13', 951, 'P012', 24),
(0,'2024-01-13', 878, 'P192', 40),
(0,'2024-07-29', 306, 'P103', 23),
(0,'2024-07-04', 193, 'P080', 3),
(0,'2024-05-27', 837, 'P038', 11),
(0,'2024-07-04', 669, 'P158', 41),
(0,'2024-07-11', 166, 'P159', 42),
(0,'2024-08-15', 119, 'P105', 48),
(0,'2024-09-14', 846, 'P197', 46),
(0,'2024-01-18', 688, 'P115', 20),
(0,'2024-06-12', 976, 'P087', 6),
(0,'2024-05-30', 279, 'P161', 35),
(0,'2024-05-12', 175, 'P042', 41),
(0,'2024-01-19', 566, 'P110', 46),
(0,'2024-11-21', 12, 'P053', 9),
(0,'2024-05-25', 375, 'P157', 26),
(0,'2024-07-14', 775, 'P045', 18),
(0,'2024-06-10', 402, 'P022', 33),
(0,'2024-05-14', 730, 'P068', 10),
(0,'2024-03-21', 695, 'P091', 30),
(0,'2024-06-11', 638, 'P040', 31),
(0,'2024-05-28', 405, 'P117', 37),
(0,'2024-02-20', 761, 'P153', 37),
(0,'2024-11-11', 428, 'P064', 14),
(0,'2024-07-26', 614, 'P115', 23),
(0,'2024-11-03', 123, 'P034', 12),
(0,'2024-05-15', 832, 'P165', 18),
(0,'2024-11-10', 885, 'P111', 19),
(0,'2024-10-22', 273, 'P160', 50),
(0,'2024-11-02', 169, 'P076', 3),
(0,'2024-07-22', 989, 'P127', 17),
(0,'2024-01-15', 731, 'P061', 39),
(0,'2024-04-18', 925, 'P143', 2),
(0,'2024-04-28', 877, 'P157', 14),
(0,'2024-04-21', 314, 'P077', 21),
(0,'2024-08-23', 467, 'P041', 36),
(0,'2024-08-14', 366, 'P171', 31),
(0,'2024-08-07', 937, 'P019', 22),
(0,'2024-04-04', 988, 'P157', 11),
(0,'2024-03-09', 473, 'P046', 9),
(0,'2024-11-03', 940, 'P081', 10),
(0,'2024-05-21', 316, 'P111', 23),
(0,'2024-02-26', 510, 'P029', 46),
(0,'2024-10-16', 278, 'P104', 47),
(0,'2024-08-09', 557, 'P091', 40),
(0,'2024-05-14', 172, 'P100', 30),
(0,'2024-12-04', 235, 'P056', 5),
(0,'2024-11-29', 186, 'P061', 38),
(0,'2024-06-23', 848, 'P007', 14),
(0,'2024-12-20', 40, 'P176', 32),
(0,'2024-06-17', 496, 'P135', 20),
(0,'2024-09-08', 232, 'P060', 43),
(0,'2024-01-30', 495, 'P112', 44),
(0,'2024-02-27', 9, 'P130', 36),
(0,'2024-06-06', 554, 'P112', 21),
(0,'2024-04-26', 413, 'P122', 3),
(0,'2024-05-18', 18, 'P165', 26),
(0,'2024-01-14', 758, 'P049', 33),
(0,'2024-03-24', 724, 'P190', 19),
(0,'2024-12-03', 127, 'P114', 23),
(0,'2024-11-04', 809, 'P147', 20),
(0,'2024-01-19', 926, 'P179', 24),
(0,'2024-06-05', 917, 'P044', 7),
(0,'2024-03-16', 986, 'P083', 47),
(0,'2024-10-05', 188, 'P148', 41),
(0,'2024-09-23', 978, 'P188', 35),
(0,'2024-02-17', 573, 'P067', 1),
(0,'2024-04-23', 907, 'P067', 1),
(0,'2024-10-11', 336, 'P014', 26),
(0,'2024-08-02', 13, 'P057', 36),
(0,'2024-06-18', 537, 'P151', 42),
(0,'2024-11-12', 883, 'P033', 18),
(0,'2024-07-16', 57, 'P150', 21),
(0,'2024-09-26', 469, 'P013', 11),
(0,'2024-12-02', 814, 'P059', 43),
(0,'2024-04-23', 857, 'P024', 50),
(0,'2024-09-22', 561, 'P104', 3),
(0,'2024-01-14', 148, 'P034', 27),
(0,'2024-08-15', 312, 'P166', 11),
(0,'2024-08-12', 220, 'P178', 23),
(0,'2024-01-04', 780, 'P069', 11),
(0,'2024-01-06', 522, 'P021', 40),
(0,'2024-02-18', 853, 'P184', 37),
(0,'2024-07-27', 214, 'P198', 30),
(0,'2024-04-24', 893, 'P166', 14),
(0,'2024-08-20', 938, 'P010', 34),
(0,'2024-10-23', 380, 'P115', 1),
(0,'2024-05-31', 688, 'P099', 50),
(0,'2024-08-15', 133, 'P168', 35),
(0,'2024-12-08', 860, 'P147', 39),
(0,'2024-07-28', 951, 'P157', 35),
(0,'2024-03-14', 436, 'P001', 26),
(0,'2024-05-14', 786, 'P017', 27),
(0,'2024-03-18', 436, 'P195', 22),
(0,'2024-06-16', 277, 'P066', 36),
(0,'2024-10-12', 739, 'P049', 29),
(0,'2024-12-15', 969, 'P029', 35),
(0,'2024-07-21', 164, 'P070', 31),
(0,'2024-04-16', 882, 'P044', 38),
(0,'2024-03-03', 582, 'P096', 50),
(0,'2024-05-26', 244, 'P041', 9),
(0,'2024-08-17', 802, 'P061', 34),
(0,'2024-02-19', 615, 'P184', 43),
(0,'2024-08-14', 977, 'P067', 35),
(0,'2024-02-14', 472, 'P136', 32),
(0,'2024-11-18', 946, 'P035', 12),
(0,'2024-04-21', 964, 'P127', 17),
(0,'2024-12-31', 810, 'P101', 19),
(0,'2024-12-29', 652, 'P072', 16),
(0,'2024-02-14', 703, 'P043', 24),
(0,'2024-08-10', 731, 'P104', 46),
(0,'2024-01-04', 954, 'P109', 15),
(0,'2024-12-06', 548, 'P012', 18),
(0,'2024-04-25', 935, 'P191', 28),
(0,'2024-12-20', 628, 'P068', 37),
(0,'2024-06-17', 837, 'P114', 37),
(0,'2024-07-07', 240, 'P037', 10),
(0,'2024-08-12', 495, 'P099', 44),
(0,'2024-11-28', 358, 'P030', 8),
(0,'2024-10-26', 84, 'P151', 15),
(0,'2024-07-29', 761, 'P052', 41),
(0,'2024-09-19', 969, 'P105', 33),
(0,'2024-06-18', 189, 'P095', 14),
(0,'2024-07-13', 671, 'P135', 13),
(0,'2024-12-29', 25, 'P164', 12),
(0,'2024-10-29', 730, 'P083', 19),
(0,'2024-09-25', 704, 'P083', 11),
(0,'2024-01-03', 545, 'P081', 5),
(0,'2024-12-17', 39, 'P170', 10),
(0,'2024-04-21', 838, 'P040', 47),
(0,'2024-07-16', 442, 'P126', 42),
(0,'2024-01-22', 445, 'P071', 7),
(0,'2024-11-20', 723, 'P126', 47),
(0,'2024-07-24', 618, 'P043', 19),
(0,'2024-04-06', 640, 'P136', 15),
(0,'2024-09-06', 942, 'P112', 12),
(0,'2024-06-28', 386, 'P146', 19),
(0,'2024-11-30', 139, 'P007', 38),
(0,'2024-09-11', 436, 'P176', 50),
(0,'2024-05-03', 860, 'P087', 21),
(0,'2024-07-13', 456, 'P105', 7),
(0,'2024-01-16', 377, 'P193', 6),
(0,'2024-04-08', 978, 'P086', 38),
(0,'2024-03-26', 725, 'P184', 30),
(0,'2024-07-31', 279, 'P158', 27),
(0,'2024-05-16', 364, 'P170', 44),
(0,'2024-08-18', 454, 'P046', 4),
(0,'2024-05-20', 257, 'P001', 2),
(0,'2024-12-03', 197, 'P169', 7),
(0,'2024-11-02', 777, 'P023', 24),
(0,'2024-03-26', 335, 'P161', 35),
(0,'2024-06-15', 660, 'P045', 34),
(0,'2024-08-13', 911, 'P103', 19),
(0,'2024-10-13', 90, 'P148', 47),
(0,'2024-04-11', 866, 'P038', 33),
(0,'2024-06-15', 395, 'P189', 34),
(0,'2024-05-10', 978, 'P019', 32),
(0,'2024-02-03', 135, 'P047', 8),
(0,'2024-10-13', 160, 'P153', 8),
(0,'2024-08-11', 177, 'P128', 39),
(0,'2024-11-12', 568, 'P137', 41),
(0,'2024-09-13', 897, 'P067', 41),
(0,'2024-08-12', 113, 'P010', 32),
(0,'2024-06-04', 683, 'P187', 28),
(0,'2024-08-17', 451, 'P122', 28),
(0,'2024-09-09', 508, 'P054', 23),
(0,'2024-04-20', 814, 'P181', 31),
(0,'2024-09-03', 388, 'P185', 40),
(0,'2024-04-12', 655, 'P153', 19),
(0,'2024-06-19', 942, 'P112', 21),
(0,'2024-07-09', 215, 'P186', 30),
(0,'2024-01-10', 775, 'P044', 36),
(0,'2024-09-14', 716, 'P018', 22),
(0,'2024-11-15', 985, 'P085', 33),
(0,'2024-02-19', 529, 'P076', 50),
(0,'2024-10-11', 433, 'P010', 47),
(0,'2024-07-13', 547, 'P143', 41),
(0,'2024-06-11', 454, 'P103', 1),
(0,'2024-06-01', 542, 'P193', 23),
(0,'2024-01-01', 530, 'P108', 14),
(0,'2024-02-14', 77, 'P122', 40),
(0,'2024-06-12', 832, 'P022', 1),
(0,'2024-05-31', 420, 'P072', 18),
(0,'2024-04-11', 729, 'P082', 9),
(0,'2024-06-14', 934, 'P138', 19),
(0,'2024-02-25', 469, 'P084', 25),
(0,'2024-04-22', 994, 'P041', 14),
(0,'2024-07-04', 291, 'P165', 41),
(0,'2024-12-05', 867, 'P044', 13),
(0,'2024-09-07', 530, 'P170', 11),
(0,'2024-05-01', 336, 'P132', 12),
(0,'2024-11-27', 355, 'P198', 1),
(0,'2024-03-14', 5, 'P016', 13),
(0,'2024-10-18', 401, 'P125', 31),
(0,'2024-09-24', 648, 'P165', 22),
(0,'2024-08-30', 260, 'P083', 12),
(0,'2024-08-31', 242, 'P196', 1),
(0,'2024-01-28', 590, 'P120', 20),
(0,'2024-05-01', 119, 'P135', 24),
(0,'2024-04-30', 328, 'P130', 28),
(0,'2024-05-08', 256, 'P141', 44),
(0,'2024-11-04', 715, 'P157', 31),
(0,'2024-01-10', 682, 'P023', 34),
(0,'2024-03-18', 107, 'P171', 36),
(0,'2024-07-12', 671, 'P185', 9),
(0,'2024-10-02', 5, 'P187', 18),
(0,'2024-03-02', 839, 'P116', 11),
(0,'2024-10-01', 848, 'P170', 22),
(0,'2024-10-18', 921, 'P005', 45),
(0,'2024-10-27', 267, 'P193', 16),
(0,'2024-04-14', 214, 'P083', 47),
(0,'2024-04-30', 149, 'P143', 37),
(0,'2024-07-08', 306, 'P146', 32),
(0,'2024-02-16', 446, 'P072', 36),
(0,'2024-05-05', 890, 'P154', 38),
(0,'2024-12-28', 787, 'P096', 10),
(0,'2024-03-31', 474, 'P063', 14),
(0,'2024-05-20', 615, 'P106', 37),
(0,'2024-09-07', 943, 'P181', 28),
(0,'2024-09-21', 158, 'P135', 17),
(0,'2024-01-21', 741, 'P092', 44),
(0,'2024-01-05', 825, 'P103', 3),
(0,'2024-04-30', 940, 'P125', 44),
(0,'2024-02-23', 664, 'P165', 47),
(0,'2024-03-31', 645, 'P131', 31),
(0,'2024-01-31', 852, 'P134', 37),
(0,'2024-07-10', 571, 'P026', 45),
(0,'2024-12-15', 665, 'P002', 48),
(0,'2024-07-11', 467, 'P165', 15),
(0,'2024-12-07', 905, 'P003', 4),
(0,'2024-12-17', 565, 'P094', 1),
(0,'2024-11-04', 901, 'P160', 15),
(0,'2024-09-12', 781, 'P106', 27),
(0,'2024-06-05', 174, 'P054', 23),
(0,'2024-03-08', 450, 'P156', 20),
(0,'2024-07-22', 63, 'P087', 2),
(0,'2024-03-06', 720, 'P021', 11),
(0,'2024-03-28', 772, 'P145', 22),
(0,'2024-11-09', 635, 'P181', 33),
(0,'2024-06-16', 556, 'P041', 28),
(0,'2024-06-16', 145, 'P001', 8),
(0,'2024-02-09', 94, 'P042', 33),
(0,'2024-04-10', 480, 'P162', 6),
(0,'2024-06-20', 435, 'P026', 41),
(0,'2024-04-28', 794, 'P053', 25),
(0,'2024-05-12', 9, 'P108', 1),
(0,'2024-05-04', 158, 'P074', 27),
(0,'2024-02-10', 856, 'P084', 36),
(0,'2024-08-12', 408, 'P157', 8),
(0,'2024-11-20', 901, 'P113', 25),
(0,'2024-02-09', 824, 'P096', 18),
(0,'2024-05-26', 157, 'P168', 25),
(0,'2024-02-13', 871, 'P184', 27),
(0,'2024-07-14', 92, 'P159', 47),
(0,'2024-07-14', 296, 'P064', 2),
(0,'2024-04-14', 730, 'P163', 32),
(0,'2024-12-08', 143, 'P095', 19),
(0,'2024-06-10', 749, 'P148', 31),
(0,'2024-12-02', 88, 'P083', 32),
(0,'2024-06-17', 902, 'P056', 47),
(0,'2024-02-23', 506, 'P075', 2),
(0,'2024-06-03', 609, 'P146', 9),
(0,'2024-01-14', 561, 'P025', 8),
(0,'2024-11-23', 157, 'P125', 48),
(0,'2024-04-12', 513, 'P195', 26),
(0,'2024-11-30', 513, 'P038', 24),
(0,'2024-02-28', 231, 'P175', 33),
(0,'2024-05-28', 15, 'P100', 44),
(0,'2024-02-06', 956, 'P014', 42),
(0,'2024-10-15', 204, 'P124', 27),
(0,'2024-02-11', 538, 'P200', 2),
(0,'2024-04-14', 499, 'P121', 14),
(0,'2024-07-20', 430, 'P035', 34),
(0,'2024-10-16', 833, 'P022', 9),
(0,'2024-06-25', 39, 'P171', 24),
(0,'2024-07-17', 846, 'P073', 39),
(0,'2024-07-25', 112, 'P135', 32),
(0,'2024-01-08', 458, 'P011', 8),
(0,'2024-01-10', 80, 'P049', 50),
(0,'2024-11-26', 156, 'P199', 11),
(0,'2024-10-10', 892, 'P072', 7),
(0,'2024-11-24', 125, 'P182', 39),
(0,'2024-04-19', 387, 'P100', 45),
(0,'2024-09-02', 214, 'P118', 1),
(0,'2024-01-07', 895, 'P187', 14),
(0,'2024-10-24', 518, 'P045', 40),
(0,'2024-05-04', 602, 'P185', 24),
(0,'2024-07-14', 257, 'P108', 46),
(0,'2024-06-23', 845, 'P007', 36),
(0,'2024-03-31', 181, 'P046', 21),
(0,'2024-05-15', 466, 'P151', 45),
(0,'2024-11-18', 318, 'P191', 10),
(0,'2024-08-19', 394, 'P006', 16),
(0,'2024-02-23', 842, 'P066', 11),
(0,'2024-10-16', 271, 'P001', 40),
(0,'2024-07-12', 518, 'P104', 46),
(0,'2024-04-01', 178, 'P122', 39),
(0,'2024-06-16', 716, 'P066', 16),
(0,'2024-03-23', 217, 'P128', 1),
(0,'2024-06-19', 177, 'P017', 27),
(0,'2024-03-22', 821, 'P084', 1),
(0,'2024-02-16', 19, 'P101', 17),
(0,'2024-12-15', 729, 'P180', 50),
(0,'2024-10-06', 353, 'P189', 6),
(0,'2024-05-17', 709, 'P099', 30),
(0,'2024-03-15', 244, 'P038', 47),
(0,'2024-02-05', 169, 'P105', 50),
(0,'2024-08-31', 802, 'P051', 41),
(0,'2024-08-31', 239, 'P145', 35),
(0,'2024-02-08', 619, 'P192', 26),
(0,'2024-01-21', 659, 'P016', 4),
(0,'2024-08-03', 776, 'P172', 29),
(0,'2024-07-15', 986, 'P084', 17),
(0,'2024-05-15', 335, 'P196', 43),
(0,'2024-08-24', 332, 'P099', 28),
(0,'2024-08-08', 531, 'P197', 29),
(0,'2024-06-02', 135, 'P041', 32),
(0,'2024-08-13', 722, 'P097', 15),
(0,'2024-09-05', 19, 'P080', 28),
(0,'2024-02-28', 345, 'P034', 31),
(0,'2024-11-23', 533, 'P097', 50),
(0,'2024-01-31', 333, 'P089', 2),
(0,'2024-03-19', 221, 'P051', 40),
(0,'2024-03-30', 413, 'P011', 45),
(0,'2024-10-22', 484, 'P092', 10),
(0,'2024-03-15', 716, 'P072', 41),
(0,'2024-11-11', 918, 'P119', 24),
(0,'2024-06-28', 128, 'P046', 5),
(0,'2024-07-02', 274, 'P091', 40),
(0,'2024-11-11', 974, 'P031', 22),
(0,'2024-05-26', 382, 'P156', 3),
(0,'2024-08-12', 900, 'P057', 6),
(0,'2024-03-22', 481, 'P147', 18),
(0,'2024-04-21', 761, 'P054', 11),
(0,'2024-11-06', 991, 'P197', 28),
(0,'2024-05-16', 488, 'P127', 5),
(0,'2024-02-01', 408, 'P031', 20),
(0,'2024-09-22', 734, 'P177', 44),
(0,'2024-10-11', 165, 'P149', 16),
(0,'2024-09-09', 929, 'P105', 40),
(0,'2024-08-02', 58, 'P010', 18),
(0,'2024-10-14', 209, 'P029', 18),
(0,'2024-04-29', 894, 'P184', 38),
(0,'2024-01-11', 838, 'P186', 49),
(0,'2024-11-16', 792, 'P095', 22),
(0,'2024-01-20', 781, 'P130', 47),
(0,'2024-09-01', 720, 'P066', 27),
(0,'2024-09-15', 125, 'P035', 46),
(0,'2024-08-11', 973, 'P095', 41),
(0,'2024-10-12', 499, 'P075', 50),
(0,'2024-05-20', 284, 'P170', 28),
(0,'2024-08-11', 550, 'P092', 21),
(0,'2024-07-25', 14, 'P104', 32),
(0,'2024-10-26', 449, 'P198', 24),
(0,'2024-12-07', 728, 'P151', 10),
(0,'2024-12-23', 520, 'P146', 48),
(0,'2024-05-12', 133, 'P089', 26),
(0,'2024-08-16', 206, 'P100', 6),
(0,'2024-11-07', 998, 'P101', 27),
(0,'2024-04-13', 881, 'P193', 8),
(0,'2024-01-29', 608, 'P027', 28),
(0,'2024-03-18', 449, 'P043', 1),
(0,'2024-02-28', 657, 'P008', 10),
(0,'2024-12-24', 673, 'P104', 41),
(0,'2024-03-31', 150, 'P196', 47),
(0,'2024-11-02', 212, 'P011', 27),
(0,'2024-03-02', 972, 'P126', 38),
(0,'2024-01-12', 868, 'P165', 16),
(0,'2024-05-02', 545, 'P183', 39),
(0,'2024-11-26', 590, 'P065', 7),
(0,'2024-01-01', 547, 'P199', 24),
(0,'2024-04-18', 990, 'P004', 45),
(0,'2024-05-19', 165, 'P020', 16),
(0,'2024-02-26', 553, 'P116', 42),
(0,'2024-05-24', 628, 'P140', 32),
(0,'2024-01-04', 53, 'P154', 32),
(0,'2024-04-26', 57, 'P171', 3),
(0,'2024-07-12', 105, 'P006', 34),
(0,'2024-05-31', 219, 'P154', 20),
(0,'2024-01-13', 276, 'P124', 11),
(0,'2024-11-13', 87, 'P138', 6),
(0,'2024-03-29', 71, 'P069', 29),
(0,'2024-05-02', 600, 'P065', 22),
(0,'2024-01-26', 692, 'P057', 50),
(0,'2024-12-02', 754, 'P134', 3),
(0,'2024-06-02', 246, 'P108', 4),
(0,'2024-03-08', 577, 'P124', 10),
(0,'2024-07-01', 543, 'P098', 45),
(0,'2024-09-04', 678, 'P164', 35),
(0,'2024-05-08', 830, 'P181', 4),
(0,'2024-10-11', 358, 'P127', 36),
(0,'2024-09-24', 572, 'P150', 9),
(0,'2024-08-01', 412, 'P058', 25),
(0,'2024-12-21', 2, 'P061', 36),
(0,'2024-12-09', 491, 'P189', 35),
(0,'2024-10-12', 655, 'P008', 42),
(0,'2024-11-13', 117, 'P062', 24),
(0,'2024-05-25', 167, 'P139', 34),
(0,'2024-08-26', 930, 'P014', 14),
(0,'2024-05-26', 27, 'P055', 21),
(0,'2024-03-27', 245, 'P072', 17),
(0,'2024-04-24', 814, 'P177', 27),
(0,'2024-01-30', 614, 'P186', 5),
(0,'2024-06-01', 513, 'P028', 44),
(0,'2024-12-09', 644, 'P125', 25),
(0,'2024-04-23', 813, 'P094', 19),
(0,'2024-12-23', 198, 'P153', 13),
(0,'2024-11-12', 396, 'P042', 44),
(0,'2024-08-25', 467, 'P055', 33),
(0,'2024-12-14', 196, 'P049', 10),
(0,'2024-04-18', 109, 'P069', 49),
(0,'2024-02-04', 342, 'P123', 40),
(0,'2024-08-06', 656, 'P098', 28),
(0,'2024-03-21', 243, 'P043', 49),
(0,'2024-11-30', 79, 'P140', 6),
(0,'2024-08-01', 865, 'P152', 29),
(0,'2024-06-18', 232, 'P002', 41),
(0,'2024-07-12', 898, 'P075', 6),
(0,'2024-10-31', 563, 'P078', 8),
(0,'2024-04-24', 234, 'P016', 20),
(0,'2024-07-16', 43, 'P182', 38),
(0,'2024-06-17', 890, 'P144', 15),
(0,'2024-12-22', 480, 'P062', 38),
(0,'2024-08-23', 689, 'P026', 29),
(0,'2024-05-08', 369, 'P016', 24),
(0,'2024-10-13', 364, 'P016', 16),
(0,'2024-08-25', 625, 'P055', 50),
(0,'2024-05-15', 474, 'P169', 1),
(0,'2024-10-28', 732, 'P015', 45),
(0,'2024-01-12', 185, 'P114', 24),
(0,'2024-06-26', 129, 'P037', 5),
(0,'2024-04-26', 547, 'P083', 32),
(0,'2024-09-15', 742, 'P150', 42),
(0,'2024-04-28', 998, 'P008', 27),
(0,'2024-12-13', 149, 'P175', 3),
(0,'2024-10-07', 429, 'P084', 40),
(0,'2024-09-20', 148, 'P066', 28),
(0,'2024-08-03', 409, 'P089', 23),
(0,'2024-06-06', 36, 'P025', 10),
(0,'2024-09-03', 338, 'P112', 22),
(0,'2024-08-27', 150, 'P128', 50),
(0,'2024-03-26', 565, 'P058', 22),
(0,'2024-05-17', 368, 'P175', 12),
(0,'2024-03-28', 73, 'P137', 41),
(0,'2024-07-04', 15, 'P047', 37),
(0,'2024-10-22', 308, 'P109', 15),
(0,'2024-06-06', 93, 'P118', 50),
(0,'2024-06-08', 942, 'P162', 42),
(0,'2024-12-22', 673, 'P139', 40),
(0,'2024-04-07', 927, 'P160', 28),
(0,'2024-09-16', 54, 'P126', 40),
(0,'2024-03-16', 821, 'P120', 15),
(0,'2024-08-14', 796, 'P117', 26),
(0,'2024-04-20', 517, 'P087', 27),
(0,'2024-01-02', 3, 'P016', 14),
(0,'2024-06-19', 15, 'P069', 35),
(0,'2024-12-01', 527, 'P077', 25),
(0,'2024-07-27', 588, 'P117', 18),
(0,'2024-05-09', 648, 'P153', 18),
(0,'2024-04-07', 357, 'P121', 11),
(0,'2024-04-25', 634, 'P023', 3),
(0,'2024-07-19', 616, 'P042', 43),
(0,'2024-03-25', 747, 'P176', 47),
(0,'2024-10-18', 646, 'P097', 45),
(0,'2024-03-24', 972, 'P173', 44),
(0,'2024-10-18', 369, 'P134', 10),
(0,'2024-08-13', 782, 'P013', 26),
(0,'2024-04-11', 286, 'P125', 12),
(0,'2024-05-31', 750, 'P145', 44),
(0,'2024-01-27', 681, 'P035', 7),
(0,'2024-02-08', 397, 'P159', 23),
(0,'2024-08-14', 670, 'P051', 5),
(0,'2024-01-12', 966, 'P153', 7),
(0,'2024-01-22', 979, 'P178', 50),
(0,'2024-06-28', 388, 'P136', 18),
(0,'2024-01-28', 724, 'P113', 38),
(0,'2024-01-11', 384, 'P073', 20),
(0,'2024-07-11', 409, 'P054', 44),
(0,'2024-03-16', 763, 'P003', 6),
(0,'2024-01-08', 942, 'P014', 20),
(0,'2024-08-29', 627, 'P060', 17),
(0,'2024-04-11', 136, 'P049', 32),
(0,'2024-11-17', 269, 'P016', 7),
(0,'2024-05-07', 407, 'P039', 12),
(0,'2024-11-28', 565, 'P057', 48),
(0,'2024-12-19', 946, 'P193', 5),
(0,'2024-03-04', 5, 'P114', 11),
(0,'2024-12-17', 54, 'P108', 34),
(0,'2024-02-11', 316, 'P189', 11),
(0,'2024-04-13', 497, 'P171', 32),
(0,'2024-07-15', 73, 'P134', 24),
(0,'2024-09-26', 871, 'P025', 31),
(0,'2024-10-24', 121, 'P131', 43),
(0,'2024-11-12', 863, 'P034', 9),
(0,'2024-02-09', 868, 'P143', 40),
(0,'2024-01-09', 287, 'P175', 20),
(0,'2024-01-12', 304, 'P010', 41),
(0,'2024-01-13', 364, 'P159', 36),
(0,'2024-10-31', 161, 'P062', 45),
(0,'2024-01-16', 62, 'P110', 23),
(0,'2024-10-09', 888, 'P178', 49),
(0,'2024-02-27', 194, 'P139', 21),
(0,'2024-08-23', 646, 'P010', 12),
(0,'2024-11-21', 487, 'P035', 18),
(0,'2024-12-02', 949, 'P061', 28),
(0,'2024-06-19', 191, 'P067', 19),
(0,'2024-09-16', 128, 'P172', 43),
(0,'2024-01-05', 348, 'P097', 39),
(0,'2024-04-11', 918, 'P012', 22),
(0,'2024-09-18', 717, 'P030', 45),
(0,'2024-01-29', 931, 'P031', 1),
(0,'2024-12-28', 599, 'P099', 32),
(0,'2024-12-10', 127, 'P199', 20),
(0,'2024-04-17', 486, 'P057', 35),
(0,'2024-01-08', 793, 'P135', 12),
(0,'2024-09-24', 423, 'P004', 3),
(0,'2024-01-13', 211, 'P140', 15),
(0,'2024-04-23', 369, 'P079', 38),
(0,'2024-05-07', 865, 'P182', 27),
(0,'2024-02-20', 426, 'P148', 23),
(0,'2024-03-05', 312, 'P150', 49),
(0,'2024-12-25', 171, 'P123', 4),
(0,'2024-02-26', 4, 'P027', 6),
(0,'2024-12-27', 391, 'P012', 38),
(0,'2024-12-04', 35, 'P003', 11),
(0,'2024-10-22', 282, 'P023', 13),
(0,'2024-02-06', 46, 'P015', 19),
(0,'2024-11-08', 318, 'P119', 35),
(0,'2024-06-12', 457, 'P059', 49),
(0,'2024-06-29', 942, 'P175', 31),
(0,'2024-03-14', 704, 'P056', 28),
(0,'2024-11-29', 340, 'P059', 26),
(0,'2024-11-28', 210, 'P183', 21),
(0,'2024-05-29', 564, 'P053', 5),
(0,'2024-12-20', 496, 'P197', 40),
(0,'2024-01-24', 650, 'P018', 9),
(0,'2024-01-10', 753, 'P158', 46),
(0,'2024-12-18', 46, 'P019', 1),
(0,'2024-08-22', 358, 'P125', 26),
(0,'2024-04-26', 352, 'P072', 5),
(0,'2024-12-03', 224, 'P066', 5),
(0,'2024-03-11', 626, 'P035', 47),
(0,'2024-11-08', 101, 'P111', 20),
(0,'2024-05-16', 756, 'P088', 36),
(0,'2024-07-10', 106, 'P025', 23),
(0,'2024-12-16', 966, 'P156', 10),
(0,'2024-12-09', 417, 'P195', 47),
(0,'2024-09-11', 264, 'P158', 43),
(0,'2024-11-11', 721, 'P082', 39),
(0,'2024-03-07', 343, 'P019', 12),
(0,'2024-01-15', 50, 'P085', 8),
(0,'2024-03-17', 787, 'P119', 9),
(0,'2024-07-20', 782, 'P112', 3),
(0,'2024-02-17', 79, 'P012', 29),
(0,'2024-08-29', 679, 'P179', 33),
(0,'2024-08-16', 677, 'P099', 47),
(0,'2024-10-03', 764, 'P100', 25),
(0,'2024-02-03', 296, 'P199', 16),
(0,'2024-06-27', 602, 'P080', 27),
(0,'2024-03-06', 492, 'P183', 3),
(0,'2024-02-20', 931, 'P064', 8),
(0,'2024-03-02', 680, 'P079', 32),
(0,'2024-02-07', 183, 'P066', 13),
(0,'2024-11-01', 647, 'P101', 32),
(0,'2024-03-16', 191, 'P129', 33),
(0,'2024-08-07', 466, 'P146', 11),
(0,'2024-08-18', 686, 'P065', 16),
(0,'2024-01-17', 937, 'P125', 48),
(0,'2024-12-31', 637, 'P160', 41),
(0,'2024-05-05', 355, 'P066', 15),
(0,'2024-09-20', 900, 'P016', 33),
(0,'2024-03-15', 441, 'P098', 30),
(0,'2024-01-11', 519, 'P117', 23),
(0,'2024-10-17', 181, 'P053', 3),
(0,'2024-09-08', 883, 'P007', 10),
(0,'2024-07-19', 122, 'P102', 20),
(0,'2024-06-03', 769, 'P178', 29),
(0,'2024-09-02', 356, 'P094', 18),
(0,'2024-09-24', 765, 'P087', 31),
(0,'2024-11-23', 224, 'P147', 13),
(0,'2024-11-22', 457, 'P090', 13),
(0,'2024-05-13', 943, 'P181', 24),
(0,'2024-07-27', 855, 'P118', 34),
(0,'2024-10-20', 6, 'P088', 27),
(0,'2024-01-31', 792, 'P069', 8),
(0,'2024-04-03', 507, 'P135', 43),
(0,'2024-11-29', 416, 'P162', 8),
(0,'2024-11-09', 719, 'P033', 45),
(0,'2024-06-26', 67, 'P163', 27),
(0,'2024-11-03', 383, 'P010', 16),
(0,'2024-03-23', 267, 'P185', 29),
(0,'2024-10-21', 99, 'P061', 45),
(0,'2024-08-04', 473, 'P002', 3),
(0,'2024-05-29', 638, 'P152', 11),
(0,'2024-03-08', 796, 'P067', 27),
(0,'2024-08-12', 192, 'P167', 47),
(0,'2024-03-25', 2, 'P086', 1),
(0,'2024-12-19', 500, 'P159', 50),
(0,'2024-09-05', 880, 'P007', 13),
(0,'2024-10-24', 64, 'P039', 12),
(0,'2024-09-03', 846, 'P051', 32),
(0,'2024-06-12', 324, 'P093', 5),
(0,'2024-10-13', 530, 'P085', 30),
(0,'2024-02-02', 550, 'P164', 25),
(0,'2024-10-30', 352, 'P069', 14),
(0,'2024-03-01', 71, 'P184', 47),
(0,'2024-09-25', 197, 'P148', 25),
(0,'2024-03-24', 604, 'P121', 5),
(0,'2024-08-03', 417, 'P147', 39),
(0,'2024-04-27', 850, 'P035', 24),
(0,'2024-09-19', 80, 'P059', 31),
(0,'2024-05-13', 937, 'P019', 13),
(0,'2024-10-18', 320, 'P064', 11),
(0,'2024-12-21', 808, 'P102', 9),
(0,'2024-12-01', 619, 'P191', 29),
(0,'2024-01-10', 754, 'P043', 14),
(0,'2024-01-05', 606, 'P135', 14),
(0,'2024-02-19', 998, 'P116', 1),
(0,'2024-11-24', 841, 'P078', 29),
(0,'2024-07-17', 394, 'P050', 25),
(0,'2024-06-06', 1, 'P052', 27),
(0,'2024-01-14', 469, 'P172', 33),
(0,'2024-03-10', 652, 'P011', 36),
(0,'2024-12-24', 261, 'P197', 20),
(0,'2024-03-25', 386, 'P043', 41),
(0,'2024-09-22', 79, 'P083', 11),
(0,'2024-09-20', 227, 'P192', 48),
(0,'2024-11-16', 600, 'P149', 38),
(0,'2024-05-18', 393, 'P153', 46),
(0,'2024-09-02', 418, 'P009', 10),
(0,'2024-04-21', 655, 'P115', 30),
(0,'2024-04-15', 595, 'P072', 3),
(0,'2024-11-08', 75, 'P075', 38),
(0,'2024-07-19', 126, 'P169', 7),
(0,'2024-01-29', 851, 'P043', 17),
(0,'2024-11-17', 392, 'P125', 47),
(0,'2024-08-19', 457, 'P140', 22),
(0,'2024-06-06', 757, 'P167', 28),
(0,'2024-07-06', 219, 'P048', 45),
(0,'2024-09-11', 121, 'P193', 3),
(0,'2024-03-24', 679, 'P192', 22),
(0,'2024-06-21', 701, 'P124', 39),
(0,'2024-10-06', 165, 'P131', 25),
(0,'2024-11-18', 381, 'P034', 35),
(0,'2024-03-19', 641, 'P114', 32),
(0,'2024-10-28', 586, 'P175', 22),
(0,'2024-04-20', 473, 'P058', 45),
(0,'2024-07-25', 252, 'P195', 18),
(0,'2024-07-05', 990, 'P198', 20),
(0,'2024-07-03', 454, 'P170', 28),
(0,'2024-08-09', 262, 'P196', 23),
(0,'2024-11-17', 418, 'P023', 23),
(0,'2024-02-13', 248, 'P185', 3),
(0,'2024-01-15', 637, 'P192', 26),
(0,'2024-01-08', 792, 'P029', 32),
(0,'2024-08-06', 266, 'P095', 39),
(0,'2024-09-20', 395, 'P106', 30),
(0,'2024-02-26', 519, 'P063', 32),
(0,'2024-07-16', 916, 'P069', 9),
(0,'2024-01-08', 587, 'P014', 42),
(0,'2024-07-20', 939, 'P064', 13),
(0,'2024-02-28', 196, 'P109', 10),
(0,'2024-12-06', 769, 'P095', 13),
(0,'2024-01-19', 780, 'P035', 46),
(0,'2024-03-27', 121, 'P103', 13),
(0,'2024-12-16', 978, 'P166', 40),
(0,'2024-07-31', 533, 'P070', 50),
(0,'2024-02-04', 536, 'P038', 17),
(0,'2024-03-05', 693, 'P047', 30),
(0,'2024-05-17', 541, 'P003', 15),
(0,'2024-10-26', 454, 'P108', 1),
(0,'2024-03-24', 622, 'P178', 40),
(0,'2024-10-05', 845, 'P114', 15),
(0,'2024-01-17', 824, 'P034', 13),
(0,'2024-11-21', 992, 'P021', 19),
(0,'2024-06-15', 547, 'P076', 48),
(0,'2024-05-05', 66, 'P190', 21),
(0,'2024-09-27', 204, 'P132', 6),
(0,'2024-01-27', 485, 'P189', 49),
(0,'2024-04-12', 597, 'P152', 12),
(0,'2024-06-25', 27, 'P035', 37),
(0,'2024-10-13', 361, 'P091', 5),
(0,'2024-03-04', 53, 'P062', 12),
(0,'2024-12-28', 677, 'P198', 31),
(0,'2024-02-27', 395, 'P081', 30),
(0,'2024-12-08', 674, 'P120', 35),
(0,'2024-12-20', 543, 'P007', 4),
(0,'2024-06-20', 924, 'P025', 16),
(0,'2024-08-15', 278, 'P004', 26),
(0,'2024-12-15', 942, 'P137', 4),
(0,'2024-02-01', 760, 'P109', 17),
(0,'2024-09-30', 70, 'P134', 38),
(0,'2024-04-03', 501, 'P036', 9),
(0,'2024-08-06', 992, 'P050', 40),
(0,'2024-04-26', 646, 'P125', 8),
(0,'2024-04-22', 296, 'P122', 23),
(0,'2024-12-15', 346, 'P163', 41),
(0,'2024-09-18', 318, 'P129', 20),
(0,'2024-11-14', 544, 'P094', 38),
(0,'2024-08-09', 978, 'P165', 6),
(0,'2024-04-18', 869, 'P099', 21),
(0,'2024-08-08', 319, 'P162', 36),
(0,'2024-10-31', 635, 'P057', 14),
(0,'2024-12-17', 435, 'P033', 49),
(0,'2024-10-16', 779, 'P100', 8),
(0,'2024-10-07', 783, 'P039', 21),
(0,'2024-02-11', 74, 'P137', 15),
(0,'2024-12-16', 988, 'P042', 36),
(0,'2024-07-02', 473, 'P018', 31),
(0,'2024-11-23', 546, 'P094', 13),
(0,'2024-08-20', 85, 'P122', 4),
(0,'2024-01-03', 741, 'P167', 20),
(0,'2024-02-26', 200, 'P054', 11),
(0,'2024-08-28', 810, 'P017', 29),
(0,'2024-08-27', 694, 'P163', 17),
(0,'2024-08-05', 44, 'P037', 10),
(0,'2024-10-06', 517, 'P105', 7),
(0,'2024-11-05', 570, 'P012', 15),
(0,'2024-02-01', 397, 'P143', 25),
(0,'2024-08-16', 277, 'P050', 3),
(0,'2024-05-31', 105, 'P158', 22),
(0,'2024-02-28', 609, 'P115', 8),
(0,'2024-07-03', 826, 'P015', 45),
(0,'2024-04-27', 208, 'P058', 10),
(0,'2024-02-03', 78, 'P017', 49),
(0,'2024-02-13', 52, 'P194', 35),
(0,'2024-12-25', 257, 'P044', 19),
(0,'2024-07-10', 468, 'P152', 25),
(0,'2024-09-16', 217, 'P035', 16),
(0,'2024-02-03', 978, 'P070', 24),
(0,'2024-04-05', 166, 'P094', 39),
(0,'2024-01-26', 189, 'P092', 14),
(0,'2024-07-21', 304, 'P037', 43),
(0,'2024-10-07', 837, 'P145', 9),
(0,'2024-12-19', 939, 'P022', 34),
(0,'2024-04-15', 207, 'P142', 22),
(0,'2024-06-25', 534, 'P177', 33),
(0,'2024-06-24', 570, 'P007', 47),
(0,'2024-01-08', 86, 'P169', 10),
(0,'2024-11-08', 811, 'P149', 44),
(0,'2024-01-18', 558, 'P200', 19),
(0,'2024-02-14', 479, 'P035', 31),
(0,'2024-12-11', 583, 'P100', 21),
(0,'2024-03-18', 971, 'P062', 2),
(0,'2024-07-04', 662, 'P058', 15),
(0,'2024-11-25', 964, 'P176', 14),
(0,'2024-09-21', 900, 'P101', 1),
(0,'2024-05-29', 363, 'P032', 13),
(0,'2024-02-02', 109, 'P043', 7),
(0,'2024-06-22', 732, 'P129', 47),
(0,'2024-01-15', 564, 'P074', 27),
(0,'2024-10-18', 171, 'P031', 7),
(0,'2024-10-28', 178, 'P172', 16),
(0,'2024-10-30', 457, 'P196', 12),
(0,'2024-05-26', 157, 'P149', 1),
(0,'2024-03-11', 177, 'P189', 26),
(0,'2024-09-20', 1, 'P174', 4),
(0,'2024-06-18', 86, 'P045', 31),
(0,'2024-10-11', 311, 'P086', 6),
(0,'2024-04-02', 913, 'P073', 28),
(0,'2024-05-01', 334, 'P016', 32),
(0,'2024-09-28', 810, 'P173', 26),
(0,'2024-05-17', 853, 'P052', 37),
(0,'2024-04-07', 876, 'P151', 19),
(0,'2024-10-21', 228, 'P057', 20),
(0,'2024-08-06', 84, 'P094', 26),
(0,'2024-12-24', 623, 'P033', 32),
(0,'2024-09-20', 652, 'P018', 48),
(0,'2024-08-21', 69, 'P059', 7),
(0,'2024-08-01', 957, 'P129', 25),
(0,'2024-10-04', 390, 'P091', 38),
(0,'2024-06-26', 358, 'P030', 43),
(0,'2024-02-28', 471, 'P044', 11),
(0,'2024-06-28', 255, 'P059', 34),
(0,'2024-10-27', 688, 'P027', 12),
(0,'2024-07-17', 111, 'P073', 4),
(0,'2024-04-14', 657, 'P057', 47),
(0,'2024-05-09', 208, 'P154', 40),
(0,'2024-09-15', 373, 'P078', 36),
(0,'2024-03-31', 481, 'P095', 20),
(0,'2024-04-18', 864, 'P014', 10),
(0,'2024-05-11', 487, 'P135', 24),
(0,'2024-02-25', 487, 'P161', 32),
(0,'2024-01-25', 903, 'P028', 13),
(0,'2024-06-10', 870, 'P117', 22),
(0,'2024-08-15', 316, 'P137', 43),
(0,'2024-11-19', 952, 'P156', 7),
(0,'2024-10-29', 665, 'P119', 50),
(0,'2024-02-22', 544, 'P073', 40),
(0,'2024-10-03', 299, 'P100', 14),
(0,'2024-12-22', 834, 'P006', 24),
(0,'2024-01-07', 955, 'P050', 5),
(0,'2024-09-15', 985, 'P124', 43),
(0,'2024-09-15', 546, 'P032', 3),
(0,'2024-03-13', 947, 'P088', 46),
(0,'2024-05-06', 381, 'P012', 1),
(0,'2024-10-14', 493, 'P018', 27),
(0,'2024-07-06', 550, 'P154', 13),
(0,'2024-02-06', 79, 'P084', 7),
(0,'2024-02-22', 350, 'P011', 44),
(0,'2024-05-30', 65, 'P031', 46),
(0,'2024-12-09', 311, 'P140', 15),
(0,'2024-12-10', 636, 'P067', 23),
(0,'2024-06-05', 900, 'P099', 27),
(0,'2024-08-14', 218, 'P013', 30),
(0,'2024-09-08', 316, 'P108', 3),
(0,'2024-02-04', 455, 'P068', 41),
(0,'2024-01-10', 607, 'P191', 40),
(0,'2024-07-04', 171, 'P190', 12),
(0,'2024-07-03', 244, 'P067', 19),
(0,'2024-06-03', 928, 'P004', 30),
(0,'2024-07-01', 380, 'P175', 15),
(0,'2024-05-13', 902, 'P185', 2),
(0,'2024-05-28', 178, 'P104', 35),
(0,'2024-12-22', 914, 'P179', 43),
(0,'2024-05-30', 142, 'P109', 3),
(0,'2024-04-24', 780, 'P051', 49),
(0,'2024-06-20', 441, 'P091', 23),
(0,'2024-11-20', 983, 'P105', 24),
(0,'2024-02-23', 34, 'P195', 40),
(0,'2024-10-14', 492, 'P038', 39),
(0,'2024-07-12', 46, 'P100', 9),
(0,'2024-02-23', 146, 'P096', 22),
(0,'2024-08-31', 900, 'P085', 33),
(0,'2024-01-19', 426, 'P080', 8),
(0,'2024-06-01', 452, 'P167', 26),
(0,'2024-04-25', 842, 'P138', 7),
(0,'2024-05-09', 611, 'P168', 37),
(0,'2024-01-27', 625, 'P156', 6),
(0,'2024-10-10', 56, 'P143', 16),
(0,'2024-04-08', 382, 'P163', 34),
(0,'2024-06-01', 145, 'P154', 6),
(0,'2024-03-13', 161, 'P063', 22),
(0,'2024-06-13', 152, 'P088', 18),
(0,'2024-01-19', 829, 'P022', 11),
(0,'2024-03-01', 139, 'P060', 4),
(0,'2024-05-18', 902, 'P090', 23),
(0,'2024-02-06', 540, 'P037', 34),
(0,'2024-04-19', 93, 'P082', 27),
(0,'2024-02-28', 444, 'P106', 32),
(0,'2024-04-11', 387, 'P046', 22),
(0,'2024-06-26', 710, 'P118', 28),
(0,'2024-12-21', 466, 'P133', 25),
(0,'2024-02-03', 858, 'P046', 9),
(0,'2024-03-13', 297, 'P069', 20),
(0,'2024-06-21', 398, 'P070', 25),
(0,'2024-02-29', 892, 'P183', 30),
(0,'2024-04-04', 194, 'P120', 28),
(0,'2024-10-27', 168, 'P008', 43),
(0,'2024-09-06', 151, 'P193', 6),
(0,'2024-06-11', 832, 'P190', 1),
(0,'2024-09-13', 289, 'P127', 35),
(0,'2024-02-18', 911, 'P108', 24),
(0,'2024-07-27', 535, 'P163', 9),
(0,'2024-07-16', 150, 'P084', 8),
(0,'2024-04-12', 719, 'P060', 33),
(0,'2024-01-21', 376, 'P039', 32),
(0,'2024-10-12', 544, 'P200', 6),
(0,'2024-01-24', 405, 'P110', 12),
(0,'2024-06-11', 323, 'P029', 17),
(0,'2024-11-30', 247, 'P178', 16),
(0,'2024-10-25', 758, 'P058', 4),
(0,'2024-11-07', 661, 'P042', 27),
(0,'2024-11-09', 705, 'P135', 11),
(0,'2024-03-07', 865, 'P184', 22),
(0,'2024-09-28', 992, 'P188', 15),
(0,'2024-03-21', 135, 'P167', 14),
(0,'2024-11-27', 996, 'P091', 43),
(0,'2024-09-05', 184, 'P200', 43),
(0,'2024-06-14', 145, 'P195', 48),
(0,'2024-11-26', 260, 'P112', 6),
(0,'2024-03-14', 986, 'P049', 34),
(0,'2024-06-08', 963, 'P030', 16),
(0,'2024-03-10', 293, 'P057', 15),
(0,'2024-12-26', 224, 'P185', 48),
(0,'2024-08-15', 455, 'P164', 6),
(0,'2024-11-30', 553, 'P162', 31),
(0,'2024-10-22', 870, 'P031', 49),
(0,'2024-03-13', 242, 'P072', 48),
(0,'2024-09-18', 700, 'P129', 16),
(0,'2024-04-22', 352, 'P075', 46),
(0,'2024-02-03', 449, 'P124', 28),
(0,'2024-08-20', 887, 'P025', 23),
(0,'2024-09-08', 412, 'P143', 13),
(0,'2024-05-09', 443, 'P096', 7),
(0,'2024-01-08', 89, 'P089', 43),
(0,'2024-01-04', 145, 'P176', 33),
(0,'2024-10-05', 603, 'P017', 49),
(0,'2024-10-22', 306, 'P125', 32),
(0,'2024-11-07', 49, 'P131', 27),
(0,'2024-11-03', 915, 'P165', 25),
(0,'2024-03-29', 225, 'P193', 18),
(0,'2024-06-07', 727, 'P104', 50),
(0,'2024-03-20', 579, 'P082', 13),
(0,'2024-12-11', 976, 'P136', 47),
(0,'2024-08-30', 566, 'P016', 3),
(0,'2024-09-26', 885, 'P080', 15),
(0,'2024-02-02', 62, 'P187', 9),
(0,'2024-03-20', 296, 'P070', 44),
(0,'2024-09-11', 251, 'P012', 2),
(0,'2024-04-16', 637, 'P160', 13),
(0,'2024-10-07', 331, 'P135', 12),
(0,'2024-02-05', 118, 'P094', 42),
(0,'2024-11-10', 385, 'P139', 31),
(0,'2024-12-24', 241, 'P098', 15),
(0,'2024-01-17', 725, 'P138', 2),
(0,'2024-09-28', 944, 'P069', 50),
(0,'2024-03-05', 26, 'P129', 34),
(0,'2024-02-12', 305, 'P079', 38),
(0,'2024-08-15', 673, 'P192', 49),
(0,'2024-08-16', 557, 'P165', 11),
(0,'2024-12-31', 449, 'P163', 18),
(0,'2024-06-17', 279, 'P030', 34),
(0,'2024-05-20', 416, 'P058', 14),
(0,'2024-09-16', 590, 'P059', 30),
(0,'2024-02-17', 468, 'P188', 43),
(0,'2024-01-23', 321, 'P037', 38),
(0,'2024-11-11', 168, 'P192', 9),
(0,'2024-05-11', 581, 'P108', 40),
(0,'2024-12-06', 794, 'P179', 19),
(0,'2024-02-27', 873, 'P018', 23),
(0,'2024-05-30', 389, 'P014', 49),
(0,'2024-04-11', 226, 'P094', 1),
(0,'2024-02-20', 631, 'P154', 45),
(0,'2024-05-15', 302, 'P146', 30),
(0,'2024-03-19', 808, 'P039', 20),
(0,'2024-11-22', 609, 'P116', 32),
(0,'2024-03-14', 41, 'P144', 49),
(0,'2024-03-18', 34, 'P036', 44),
(0,'2024-11-27', 674, 'P047', 39),
(0,'2024-05-11', 146, 'P051', 30),
(0,'2024-02-29', 380, 'P073', 21),
(0,'2024-06-08', 978, 'P071', 16),
(0,'2024-03-09', 789, 'P050', 1),
(0,'2024-03-23', 208, 'P105', 17),
(0,'2024-12-14', 454, 'P002', 26),
(0,'2024-05-11', 520, 'P098', 12),
(0,'2024-07-03', 319, 'P057', 49),
(0,'2024-11-18', 742, 'P124', 45),
(0,'2024-06-30', 397, 'P043', 47),
(0,'2024-01-09', 101, 'P098', 11),
(0,'2024-01-13', 645, 'P127', 3),
(0,'2024-07-30', 869, 'P190', 15),
(0,'2024-04-30', 428, 'P189', 38),
(0,'2024-02-01', 540, 'P117', 31),
(0,'2024-06-22', 8, 'P100', 47),
(0,'2024-05-28', 785, 'P010', 3),
(0,'2024-08-30', 258, 'P081', 47),
(0,'2024-11-29', 589, 'P030', 44),
(0,'2024-02-16', 176, 'P084', 22),
(0,'2024-02-08', 136, 'P159', 2),
(0,'2024-01-14', 225, 'P174', 40),
(0,'2024-07-27', 109, 'P149', 40),
(0,'2024-09-21', 734, 'P116', 38),
(0,'2024-03-27', 778, 'P018', 6),
(0,'2024-09-21', 966, 'P175', 16),
(0,'2024-01-31', 504, 'P041', 35),
(0,'2024-10-11', 729, 'P084', 33),
(0,'2024-08-06', 900, 'P120', 45),
(0,'2024-08-17', 406, 'P037', 50),
(0,'2024-05-28', 423, 'P170', 44),
(0,'2024-03-13', 806, 'P111', 36),
(0,'2024-01-07', 490, 'P086', 23),
(0,'2024-07-18', 981, 'P057', 28),
(0,'2024-09-30', 321, 'P153', 32),
(0,'2024-01-10', 533, 'P055', 9),
(0,'2024-06-29', 868, 'P113', 12),
(0,'2024-10-24', 960, 'P124', 47),
(0,'2024-12-04', 563, 'P019', 33),
(0,'2024-08-16', 916, 'P005', 7),
(0,'2024-11-06', 418, 'P009', 35),
(0,'2024-05-19', 990, 'P108', 43),
(0,'2024-03-15', 58, 'P144', 2),
(0,'2024-11-09', 403, 'P094', 12),
(0,'2024-11-28', 543, 'P021', 15),
(0,'2024-09-18', 371, 'P140', 20),
(0,'2024-12-04', 28, 'P192', 34),
(0,'2024-01-21', 514, 'P136', 29),
(0,'2024-05-06', 807, 'P132', 28),
(0,'2024-06-25', 913, 'P141', 19),
(0,'2024-01-12', 340, 'P069', 26),
(0,'2024-09-11', 949, 'P173', 22),
(0,'2024-12-04', 843, 'P186', 25),
(0,'2024-03-07', 470, 'P002', 14),
(0,'2024-02-05', 776, 'P022', 49),
(0,'2024-12-14', 752, 'P086', 2),
(0,'2024-10-12', 91, 'P053', 16),
(0,'2024-04-08', 355, 'P079', 3),
(0,'2024-08-15', 347, 'P032', 5),
(0,'2024-08-20', 651, 'P026', 12),
(0,'2024-05-29', 379, 'P073', 45),
(0,'2024-09-14', 644, 'P172', 38),
(0,'2024-02-17', 300, 'P198', 7),
(0,'2024-08-14', 948, 'P188', 48),
(0,'2024-03-22', 489, 'P142', 1),
(0,'2024-12-30', 126, 'P075', 4),
(0,'2024-08-14', 885, 'P069', 41),
(0,'2024-11-27', 467, 'P159', 7),
(0,'2024-05-04', 570, 'P021', 11),
(0,'2024-07-19', 691, 'P148', 15),
(0,'2024-01-07', 519, 'P026', 17),
(0,'2024-01-08', 818, 'P140', 19),
(0,'2024-01-12', 749, 'P181', 19),
(0,'2024-05-06', 208, 'P136', 44),
(0,'2024-01-16', 20, 'P063', 3),
(0,'2024-02-29', 829, 'P032', 32),
(0,'2024-09-23', 224, 'P100', 8),
(0,'2024-04-04', 966, 'P037', 17),
(0,'2024-01-18', 208, 'P091', 7),
(0,'2024-12-12', 365, 'P076', 25),
(0,'2024-05-29', 733, 'P047', 2),
(0,'2024-09-01', 452, 'P028', 32),
(0,'2024-11-20', 409, 'P081', 12),
(0,'2024-07-01', 41, 'P105', 40),
(0,'2024-12-02', 794, 'P065', 6),
(0,'2024-12-04', 805, 'P061', 2),
(0,'2024-01-10', 493, 'P004', 43),
(0,'2024-01-30', 527, 'P123', 27),
(0,'2024-10-26', 940, 'P149', 35),
(0,'2024-01-12', 414, 'P023', 6),
(0,'2024-05-09', 76, 'P174', 7),
(0,'2024-05-04', 90, 'P017', 18),
(0,'2024-12-16', 296, 'P020', 31),
(0,'2024-04-06', 685, 'P112', 1),
(0,'2024-01-02', 988, 'P016', 44),
(0,'2024-12-25', 950, 'P135', 15),
(0,'2024-12-04', 972, 'P018', 38),
(0,'2024-01-04', 996, 'P086', 14),
(0,'2024-05-06', 668, 'P007', 14),
(0,'2024-08-24', 579, 'P007', 34),
(0,'2024-03-11', 295, 'P198', 10),
(0,'2024-02-10', 436, 'P163', 15),
(0,'2024-08-23', 758, 'P126', 3),
(0,'2024-01-12', 973, 'P182', 44),
(0,'2024-04-14', 634, 'P009', 49),
(0,'2024-11-01', 373, 'P039', 37),
(0,'2024-03-22', 654, 'P010', 36),
(0,'2024-04-25', 230, 'P037', 22),
(0,'2024-02-17', 993, 'P125', 43),
(0,'2024-05-20', 815, 'P050', 26),
(0,'2024-04-06', 591, 'P034', 41),
(0,'2024-07-28', 783, 'P069', 11),
(0,'2024-11-04', 666, 'P154', 42),
(0,'2024-02-07', 447, 'P005', 7),
(0,'2024-01-22', 192, 'P169', 4),
(0,'2024-01-21', 980, 'P114', 22),
(0,'2024-10-14', 900, 'P061', 20),
(0,'2024-09-21', 836, 'P076', 36),
(0,'2024-03-14', 291, 'P116', 36),
(0,'2024-07-09', 876, 'P005', 33),
(0,'2024-09-03', 604, 'P051', 24),
(0,'2024-03-08', 130, 'P088', 20),
(0,'2024-10-02', 457, 'P076', 21),
(0,'2024-01-03', 639, 'P073', 15),
(0,'2024-08-03', 67, 'P120', 44),
(0,'2024-07-20', 605, 'P199', 28),
(0,'2024-10-26', 220, 'P200', 13),
(0,'2024-04-23', 296, 'P131', 43),
(0,'2024-01-04', 739, 'P079', 21),
(0,'2024-09-19', 557, 'P100', 37),
(0,'2024-03-05', 575, 'P187', 8),
(0,'2024-10-15', 76, 'P108', 19),
(0,'2024-12-23', 147, 'P151', 27),
(0,'2024-11-09', 181, 'P162', 8),
(0,'2024-07-20', 886, 'P146', 49),
(0,'2024-02-19', 306, 'P097', 41),
(0,'2024-04-12', 808, 'P170', 33),
(0,'2024-06-26', 270, 'P133', 6),
(0,'2024-03-24', 824, 'P092', 9),
(0,'2024-10-27', 84, 'P141', 36),
(0,'2024-04-06', 125, 'P027', 46),
(0,'2024-08-22', 448, 'P109', 29),
(0,'2024-12-09', 515, 'P105', 23),
(0,'2024-12-10', 124, 'P123', 6),
(0,'2024-12-29', 951, 'P147', 18),
(0,'2024-05-28', 276, 'P021', 9),
(0,'2024-09-19', 973, 'P089', 1),
(0,'2024-02-01', 315, 'P151', 16),
(0,'2024-01-04', 443, 'P069', 30),
(0,'2024-01-05', 643, 'P070', 19),
(0,'2024-10-16', 272, 'P007', 4),
(0,'2024-02-15', 737, 'P082', 3),
(0,'2024-08-03', 551, 'P070', 4),
(0,'2024-04-15', 80, 'P108', 10),
(0,'2024-05-22', 558, 'P183', 22),
(0,'2024-05-11', 115, 'P162', 24),
(0,'2024-06-06', 284, 'P023', 45),
(0,'2024-11-26', 145, 'P077', 41),
(0,'2024-11-07', 205, 'P077', 10),
(0,'2024-03-18', 847, 'P188', 11),
(0,'2024-11-06', 967, 'P138', 3),
(0,'2024-04-07', 190, 'P003', 20),
(0,'2024-09-10', 648, 'P096', 31),
(0,'2024-05-03', 233, 'P132', 11),
(0,'2024-10-21', 335, 'P149', 35),
(0,'2024-10-18', 885, 'P156', 48),
(0,'2024-07-26', 791, 'P098', 27),
(0,'2024-07-23', 377, 'P192', 18),
(0,'2024-02-13', 228, 'P137', 30),
(0,'2024-07-10', 688, 'P140', 31),
(0,'2024-02-19', 654, 'P098', 4),
(0,'2024-02-12', 907, 'P188', 4),
(0,'2024-11-12', 303, 'P187', 3),
(0,'2024-05-07', 627, 'P060', 11),
(0,'2024-04-17', 19, 'P075', 7),
(0,'2024-11-06', 888, 'P186', 10),
(0,'2024-03-31', 141, 'P001', 36),
(0,'2024-09-29', 534, 'P120', 8),
(0,'2024-10-07', 254, 'P089', 41),
(0,'2024-11-26', 377, 'P106', 15),
(0,'2024-03-07', 648, 'P112', 45),
(0,'2024-01-02', 185, 'P002', 24),
(0,'2024-12-10', 984, 'P146', 48),
(0,'2024-06-18', 40, 'P173', 14),
(0,'2024-04-04', 98, 'P123', 19),
(0,'2024-03-07', 457, 'P037', 46),
(0,'2024-12-09', 807, 'P061', 38),
(0,'2024-11-30', 541, 'P150', 39),
(0,'2024-12-23', 929, 'P172', 46),
(0,'2024-04-05', 791, 'P007', 14),
(0,'2024-08-20', 950, 'P161', 14),
(0,'2024-09-16', 752, 'P162', 24),
(0,'2024-12-23', 373, 'P156', 36),
(0,'2024-02-01', 81, 'P014', 9),
(0,'2024-10-03', 771, 'P082', 14),
(0,'2024-07-22', 115, 'P166', 17),
(0,'2024-12-11', 79, 'P085', 1),
(0,'2024-03-14', 548, 'P078', 13),
(0,'2024-12-28', 962, 'P053', 39),
(0,'2024-05-02', 827, 'P010', 8),
(0,'2024-04-20', 841, 'P172', 29),
(0,'2024-07-03', 444, 'P165', 49),
(0,'2024-04-10', 262, 'P123', 9),
(0,'2024-04-13', 573, 'P104', 34),
(0,'2024-08-14', 725, 'P196', 43),
(0,'2024-03-25', 161, 'P132', 25),
(0,'2024-12-07', 282, 'P054', 24),
(0,'2024-01-20', 799, 'P060', 24),
(0,'2024-02-17', 192, 'P182', 29),
(0,'2024-04-27', 316, 'P134', 45),
(0,'2024-12-15', 195, 'P123', 50),
(0,'2024-02-02', 641, 'P166', 4),
(0,'2024-05-27', 659, 'P001', 5),
(0,'2024-05-14', 800, 'P077', 4),
(0,'2024-01-19', 144, 'P160', 34),
(0,'2024-06-22', 243, 'P143', 46),
(0,'2024-04-14', 119, 'P161', 49),
(0,'2024-02-01', 660, 'P161', 3),
(0,'2024-06-27', 401, 'P121', 10),
(0,'2024-11-07', 166, 'P046', 9),
(0,'2024-05-02', 369, 'P112', 14),
(0,'2024-04-13', 982, 'P132', 14),
(0,'2024-07-16', 652, 'P019', 38),
(0,'2024-08-04', 902, 'P078', 33),
(0,'2024-12-27', 27, 'P022', 16),
(0,'2024-01-31', 941, 'P158', 6),
(0,'2024-03-13', 357, 'P148', 43),
(0,'2024-06-21', 807, 'P075', 33),
(0,'2024-05-03', 157, 'P037', 41),
(0,'2024-11-11', 351, 'P184', 50),
(0,'2024-03-27', 907, 'P187', 31),
(0,'2024-02-25', 263, 'P074', 26),
(0,'2024-03-27', 359, 'P081', 28),
(0,'2024-11-11', 751, 'P177', 4),
(0,'2024-01-30', 806, 'P001', 1),
(0,'2024-11-19', 354, 'P031', 26),
(0,'2024-05-30', 231, 'P200', 45),
(0,'2024-11-12', 739, 'P004', 1),
(0,'2024-12-26', 451, 'P044', 23),
(0,'2024-07-11', 459, 'P016', 18),
(0,'2024-10-10', 874, 'P066', 35),
(0,'2024-11-09', 727, 'P048', 17),
(0,'2024-11-17', 513, 'P193', 7),
(0,'2024-06-23', 566, 'P144', 33),
(0,'2024-07-27', 670, 'P184', 30),
(0,'2024-07-20', 133, 'P154', 9),
(0,'2024-05-15', 989, 'P041', 46),
(0,'2024-09-28', 688, 'P160', 50),
(0,'2024-07-09', 522, 'P144', 36),
(0,'2024-07-22', 741, 'P042', 14),
(0,'2024-08-25', 516, 'P138', 41),
(0,'2024-01-18', 39, 'P091', 43),
(0,'2024-10-24', 662, 'P032', 47),
(0,'2024-11-13', 439, 'P023', 31),
(0,'2024-05-08', 826, 'P041', 27),
(0,'2024-04-26', 427, 'P111', 42),
(0,'2024-05-31', 134, 'P064', 6),
(0,'2024-04-10', 971, 'P030', 21),
(0,'2024-05-09', 212, 'P002', 16),
(0,'2024-06-15', 366, 'P035', 3),
(0,'2024-03-26', 585, 'P008', 9),
(0,'2024-10-07', 473, 'P087', 37),
(0,'2024-06-19', 282, 'P056', 24),
(0,'2024-01-10', 235, 'P161', 37),
(0,'2024-12-23', 179, 'P140', 3),
(0,'2024-12-21', 841, 'P182', 6),
(0,'2024-04-22', 877, 'P078', 44),
(0,'2024-12-20', 751, 'P150', 21),
(0,'2024-01-21', 65, 'P106', 5),
(0,'2024-06-01', 145, 'P045', 9),
(0,'2024-07-26', 1, 'P182', 45),
(0,'2024-06-03', 440, 'P039', 30),
(0,'2024-04-25', 134, 'P128', 45),
(0,'2024-04-05', 865, 'P115', 30),
(0,'2024-04-02', 270, 'P042', 12),
(0,'2024-04-07', 21, 'P193', 31),
(0,'2024-03-20', 67, 'P167', 12),
(0,'2024-02-09', 134, 'P085', 6),
(0,'2024-09-19', 773, 'P113', 42),
(0,'2024-12-23', 740, 'P168', 41),
(0,'2024-01-24', 30, 'P099', 14),
(0,'2024-10-23', 760, 'P098', 14),
(0,'2024-12-25', 186, 'P175', 3),
(0,'2024-06-20', 383, 'P072', 25),
(0,'2024-12-03', 464, 'P115', 5),
(0,'2024-04-25', 591, 'P170', 31),
(0,'2024-11-27', 610, 'P178', 6),
(0,'2024-06-16', 169, 'P086', 6),
(0,'2024-06-27', 582, 'P095', 45),
(0,'2024-08-09', 343, 'P143', 28),
(0,'2024-08-30', 431, 'P134', 29),
(0,'2024-11-24', 685, 'P031', 41),
(0,'2024-08-02', 145, 'P190', 44),
(0,'2024-07-28', 100, 'P152', 37),
(0,'2024-07-11', 126, 'P024', 38),
(0,'2024-09-01', 482, 'P139', 3),
(0,'2024-12-28', 610, 'P126', 13),
(0,'2024-03-05', 964, 'P028', 14),
(0,'2024-07-26', 191, 'P148', 12),
(0,'2024-02-27', 547, 'P178', 31),
(0,'2024-06-01', 41, 'P103', 41),
(0,'2024-01-24', 326, 'P065', 13),
(0,'2024-05-14', 606, 'P078', 35),
(0,'2024-02-20', 924, 'P147', 39),
(0,'2024-06-01', 453, 'P067', 19),
(0,'2024-02-18', 87, 'P110', 42),
(0,'2024-02-11', 81, 'P019', 37),
(0,'2024-11-10', 887, 'P123', 45),
(0,'2024-07-30', 455, 'P070', 43),
(0,'2024-02-09', 379, 'P121', 41),
(0,'2024-06-30', 317, 'P137', 29),
(0,'2024-02-23', 415, 'P113', 23),
(0,'2024-04-06', 281, 'P019', 24),
(0,'2024-10-10', 651, 'P173', 18),
(0,'2024-04-01', 282, 'P160', 23),
(0,'2024-01-01', 360, 'P042', 10),
(0,'2024-03-30', 378, 'P183', 9),
(0,'2024-12-18', 899, 'P180', 42),
(0,'2024-01-26', 247, 'P195', 39),
(0,'2024-12-23', 427, 'P015', 31),
(0,'2024-12-31', 459, 'P150', 24),
(0,'2024-02-03', 362, 'P079', 8),
(0,'2024-10-22', 268, 'P087', 35),
(0,'2024-04-09', 350, 'P058', 16),
(0,'2024-07-06', 185, 'P039', 19),
(0,'2024-10-17', 185, 'P016', 14),
(0,'2024-03-17', 198, 'P060', 34),
(0,'2024-12-08', 227, 'P035', 18),
(0,'2024-02-18', 179, 'P086', 21),
(0,'2024-08-13', 605, 'P030', 7),
(0,'2024-11-06', 477, 'P193', 16),
(0,'2024-01-04', 553, 'P128', 13),
(0,'2024-10-16', 842, 'P008', 10),
(0,'2024-04-21', 221, 'P135', 3),
(0,'2024-09-02', 299, 'P069', 46),
(0,'2024-06-12', 329, 'P032', 12),
(0,'2024-08-03', 7, 'P200', 16),
(0,'2024-07-15', 408, 'P114', 35),
(0,'2024-02-19', 661, 'P196', 18),
(0,'2024-01-27', 418, 'P115', 31),
(0,'2024-12-04', 302, 'P167', 28),
(0,'2024-11-21', 245, 'P187', 39),
(0,'2024-03-20', 535, 'P146', 22),
(0,'2024-01-09', 961, 'P193', 10),
(0,'2024-04-21', 929, 'P084', 33),
(0,'2024-07-10', 102, 'P152', 22),
(0,'2024-12-08', 560, 'P006', 23),
(0,'2024-12-24', 836, 'P075', 36),
(0,'2024-11-24', 641, 'P189', 21),
(0,'2024-03-25', 706, 'P013', 14),
(0,'2024-11-20', 476, 'P189', 38),
(0,'2024-05-17', 439, 'P141', 29),
(0,'2024-10-30', 543, 'P006', 11),
(0,'2024-10-13', 375, 'P149', 44),
(0,'2024-07-23', 110, 'P127', 43),
(0,'2024-09-24', 847, 'P166', 19),
(0,'2024-11-08', 792, 'P023', 40),
(0,'2024-02-11', 378, 'P036', 43),
(0,'2024-08-22', 766, 'P130', 16),
(0,'2024-03-04', 821, 'P189', 36),
(0,'2024-07-27', 322, 'P140', 15),
(0,'2024-06-05', 137, 'P083', 40),
(0,'2024-12-28', 110, 'P197', 32),
(0,'2024-05-02', 817, 'P108', 1),
(0,'2024-04-01', 45, 'P035', 16),
(0,'2024-02-04', 393, 'P038', 40),
(0,'2024-11-22', 42, 'P016', 23),
(0,'2024-11-24', 594, 'P118', 44),
(0,'2024-03-28', 642, 'P063', 38),
(0,'2024-06-23', 949, 'P058', 19),
(0,'2024-05-21', 967, 'P019', 45),
(0,'2024-12-08', 499, 'P191', 29),
(0,'2024-04-06', 161, 'P022', 41),
(0,'2024-02-09', 523, 'P078', 50),
(0,'2024-11-22', 476, 'P120', 6),
(0,'2024-03-17', 126, 'P033', 6),
(0,'2024-01-10', 550, 'P091', 18),
(0,'2024-02-01', 294, 'P087', 38),
(0,'2024-04-06', 582, 'P104', 46),
(0,'2024-11-24', 647, 'P087', 18),
(0,'2024-12-17', 908, 'P151', 36),
(0,'2024-01-11', 942, 'P066', 45),
(0,'2024-09-18', 249, 'P153', 43),
(0,'2024-02-16', 56, 'P125', 32),
(0,'2024-10-20', 114, 'P147', 40),
(0,'2024-03-25', 506, 'P184', 30),
(0,'2024-06-10', 184, 'P113', 17),
(0,'2024-11-21', 56, 'P138', 31),
(0,'2024-09-26', 503, 'P010', 30),
(0,'2024-09-21', 925, 'P130', 28),
(0,'2024-04-09', 434, 'P177', 35),
(0,'2024-06-13', 378, 'P105', 20),
(0,'2024-04-28', 219, 'P136', 49),
(0,'2024-01-04', 509, 'P007', 18),
(0,'2024-10-27', 476, 'P140', 49),
(0,'2024-12-09', 78, 'P012', 44),
(0,'2024-03-29', 66, 'P134', 26),
(0,'2024-04-30', 207, 'P018', 5),
(0,'2024-11-02', 999, 'P022', 23),
(0,'2024-03-25', 413, 'P108', 17),
(0,'2024-08-14', 334, 'P182', 22),
(0,'2024-01-29', 119, 'P085', 34),
(0,'2024-06-28', 129, 'P066', 42),
(0,'2024-08-11', 660, 'P030', 49),
(0,'2024-06-02', 249, 'P153', 50),
(0,'2024-04-01', 556, 'P006', 30),
(0,'2024-05-17', 667, 'P088', 49),
(0,'2024-06-23', 593, 'P001', 14),
(0,'2024-03-02', 49, 'P138', 26),
(0,'2024-12-12', 14, 'P077', 35),
(0,'2024-09-13', 792, 'P035', 41),
(0,'2024-07-28', 114, 'P141', 17),
(0,'2024-08-31', 504, 'P195', 20),
(0,'2024-05-12', 183, 'P113', 19),
(0,'2024-11-16', 989, 'P065', 28),
(0,'2024-01-01', 312, 'P014', 29),
(0,'2024-08-04', 298, 'P006', 14),
(0,'2024-05-21', 145, 'P104', 2),
(0,'2024-04-20', 177, 'P179', 9),
(0,'2024-02-03', 797, 'P035', 46),
(0,'2024-12-07', 484, 'P021', 49),
(0,'2024-02-04', 463, 'P114', 4),
(0,'2024-09-21', 44, 'P095', 49),
(0,'2024-03-15', 432, 'P094', 11),
(0,'2024-02-11', 3, 'P026', 15),
(0,'2024-01-26', 653, 'P148', 27),
(0,'2024-06-30', 450, 'P121', 5),
(0,'2024-12-17', 176, 'P130', 50),
(0,'2024-03-01', 875, 'P153', 13),
(0,'2024-06-19', 833, 'P048', 28),
(0,'2024-07-25', 97, 'P020', 24),
(0,'2024-09-23', 180, 'P094', 21),
(0,'2024-05-24', 161, 'P071', 16),
(0,'2024-04-20', 217, 'P051', 39),
(0,'2024-04-11', 43, 'P108', 23),
(0,'2024-07-02', 769, 'P003', 35),
(0,'2024-06-12', 952, 'P177', 21),
(0,'2024-07-24', 696, 'P104', 35),
(0,'2024-12-04', 966, 'P129', 32),
(0,'2024-04-23', 872, 'P193', 14),
(0,'2024-02-06', 782, 'P170', 43),
(0,'2024-05-04', 239, 'P161', 15),
(0,'2024-07-01', 683, 'P114', 17),
(0,'2024-04-12', 142, 'P120', 25),
(0,'2024-06-29', 925, 'P163', 17),
(0,'2024-09-20', 722, 'P124', 18),
(0,'2024-09-11', 521, 'P022', 4),
(0,'2024-11-26', 272, 'P023', 24),
(0,'2024-03-31', 572, 'P095', 46),
(0,'2024-11-03', 916, 'P090', 23),
(0,'2024-10-14', 676, 'P153', 45),
(0,'2024-08-30', 35, 'P150', 25),
(0,'2024-02-24', 704, 'P106', 34),
(0,'2024-05-09', 431, 'P148', 48),
(0,'2024-09-11', 953, 'P142', 11),
(0,'2024-10-19', 368, 'P030', 46),
(0,'2024-07-20', 44, 'P116', 7),
(0,'2024-07-28', 543, 'P030', 31),
(0,'2024-02-21', 522, 'P126', 7),
(0,'2024-02-05', 214, 'P018', 21),
(0,'2024-08-07', 654, 'P127', 16),
(0,'2024-06-17', 431, 'P053', 13),
(0,'2024-07-14', 804, 'P186', 30),
(0,'2024-09-01', 949, 'P108', 31),
(0,'2024-03-19', 435, 'P004', 8),
(0,'2024-11-03', 302, 'P154', 7),
(0,'2024-05-28', 481, 'P025', 35),
(0,'2024-01-14', 874, 'P110', 22),
(0,'2024-06-12', 619, 'P108', 38),
(0,'2024-09-11', 305, 'P171', 37),
(0,'2024-05-18', 8, 'P153', 47),
(0,'2024-05-11', 237, 'P002', 35),
(0,'2024-06-16', 704, 'P144', 11),
(0,'2024-07-02', 884, 'P118', 5),
(0,'2024-01-02', 623, 'P114', 50),
(0,'2024-10-18', 670, 'P190', 41),
(0,'2024-08-26', 964, 'P006', 25),
(0,'2024-07-24', 906, 'P084', 21),
(0,'2024-11-22', 389, 'P129', 31),
(0,'2024-03-15', 410, 'P130', 20),
(0,'2024-11-04', 833, 'P164', 28),
(0,'2024-01-23', 443, 'P101', 17),
(0,'2024-01-08', 755, 'P137', 2),
(0,'2024-12-05', 11, 'P077', 14),
(0,'2024-07-25', 745, 'P095', 37),
(0,'2024-07-20', 143, 'P016', 27),
(0,'2024-09-03', 252, 'P140', 42),
(0,'2024-07-03', 840, 'P087', 38),
(0,'2024-03-05', 472, 'P015', 25),
(0,'2024-04-13', 526, 'P174', 40),
(0,'2024-01-03', 624, 'P157', 28),
(0,'2024-06-26', 884, 'P139', 11),
(0,'2024-04-05', 264, 'P102', 1),
(0,'2024-05-26', 712, 'P129', 17),
(0,'2024-11-18', 981, 'P093', 32),
(0,'2024-02-05', 571, 'P031', 28),
(0,'2024-01-06', 94, 'P187', 43),
(0,'2024-11-29', 364, 'P098', 24),
(0,'2024-06-07', 941, 'P049', 34),
(0,'2024-01-17', 877, 'P192', 9),
(0,'2024-05-27', 211, 'P164', 5),
(0,'2024-04-30', 668, 'P179', 13),
(0,'2024-08-28', 360, 'P119', 15),
(0,'2024-01-21', 216, 'P182', 45),
(0,'2024-11-19', 975, 'P017', 30),
(0,'2024-09-26', 403, 'P076', 39),
(0,'2024-05-19', 725, 'P103', 33),
(0,'2024-03-08', 931, 'P064', 22),
(0,'2024-03-13', 37, 'P058', 46),
(0,'2024-12-01', 486, 'P083', 20),
(0,'2024-04-06', 250, 'P111', 37),
(0,'2024-03-08', 129, 'P030', 44),
(0,'2024-01-30', 928, 'P064', 27),
(0,'2024-07-09', 890, 'P139', 17),
(0,'2024-02-19', 59, 'P099', 30),
(0,'2024-06-15', 357, 'P016', 42),
(0,'2024-10-05', 23, 'P029', 9),
(0,'2024-01-30', 924, 'P034', 16),
(0,'2024-11-02', 116, 'P060', 8),
(0,'2024-12-05', 958, 'P121', 50),
(0,'2024-03-02', 502, 'P179', 43),
(0,'2024-09-18', 75, 'P173', 20),
(0,'2024-02-11', 944, 'P039', 44),
(0,'2024-09-05', 268, 'P008', 43),
(0,'2024-03-06', 816, 'P006', 27),
(0,'2024-06-05', 908, 'P167', 29),
(0,'2024-10-17', 320, 'P144', 17),
(0,'2024-06-21', 560, 'P172', 12),
(0,'2024-02-19', 323, 'P061', 25),
(0,'2024-09-26', 208, 'P171', 20),
(0,'2024-03-13', 889, 'P115', 2),
(0,'2024-06-01', 860, 'P133', 7),
(0,'2024-12-02', 117, 'P015', 30),
(0,'2024-07-01', 689, 'P200', 5),
(0,'2024-01-20', 140, 'P148', 48),
(0,'2024-06-25', 162, 'P061', 33),
(0,'2024-10-09', 411, 'P190', 42),
(0,'2024-02-28', 792, 'P126', 50),
(0,'2024-06-23', 557, 'P140', 29),
(0,'2024-06-07', 430, 'P011', 3),
(0,'2024-08-07', 603, 'P180', 48),
(0,'2024-04-22', 944, 'P090', 15),
(0,'2024-07-07', 826, 'P185', 9),
(0,'2024-01-02', 420, 'P043', 41),
(0,'2024-10-19', 352, 'P005', 15),
(0,'2024-04-28', 810, 'P012', 17),
(0,'2024-04-02', 183, 'P010', 13),
(0,'2024-12-25', 203, 'P100', 38),
(0,'2024-02-07', 709, 'P085', 26),
(0,'2024-08-05', 254, 'P041', 21),
(0,'2024-05-24', 931, 'P185', 10),
(0,'2024-04-03', 29, 'P181', 38),
(0,'2024-03-20', 356, 'P046', 38),
(0,'2024-08-03', 262, 'P005', 26),
(0,'2024-11-01', 618, 'P004', 10),
(0,'2024-07-06', 553, 'P182', 39),
(0,'2024-01-22', 577, 'P011', 11),
(0,'2024-07-14', 188, 'P117', 16),
(0,'2024-10-03', 220, 'P055', 31),
(0,'2024-06-18', 942, 'P147', 22),
(0,'2024-06-12', 526, 'P176', 24),
(0,'2024-08-16', 324, 'P187', 31),
(0,'2024-03-19', 787, 'P083', 24),
(0,'2024-06-24', 613, 'P106', 36),
(0,'2024-06-08', 96, 'P145', 48),
(0,'2024-08-04', 359, 'P034', 20),
(0,'2024-02-04', 138, 'P042', 28),
(0,'2024-07-11', 577, 'P131', 42),
(0,'2024-05-05', 895, 'P169', 25),
(0,'2024-01-27', 20, 'P141', 15),
(0,'2024-09-17', 733, 'P136', 38),
(0,'2024-08-21', 587, 'P150', 27),
(0,'2024-12-27', 754, 'P184', 24),
(0,'2024-07-30', 334, 'P066', 33),
(0,'2024-03-09', 66, 'P119', 7),
(0,'2024-08-05', 48, 'P123', 48),
(0,'2024-06-15', 446, 'P062', 3),
(0,'2024-03-08', 659, 'P153', 12),
(0,'2024-10-10', 973, 'P162', 23),
(0,'2024-03-30', 972, 'P152', 29),
(0,'2024-07-18', 918, 'P158', 37),
(0,'2024-12-19', 829, 'P031', 38),
(0,'2024-09-03', 236, 'P141', 16),
(0,'2024-07-29', 975, 'P010', 45),
(0,'2024-11-11', 125, 'P194', 10),
(0,'2024-06-02', 882, 'P048', 23),
(0,'2024-09-22', 826, 'P086', 47),
(0,'2024-05-12', 561, 'P004', 41),
(0,'2024-01-23', 585, 'P092', 36),
(0,'2024-12-22', 354, 'P160', 26),
(0,'2024-03-28', 515, 'P042', 47),
(0,'2024-11-09', 860, 'P112', 21),
(0,'2024-11-23', 656, 'P004', 32),
(0,'2024-10-06', 942, 'P170', 45),
(0,'2024-07-24', 564, 'P061', 33),
(0,'2024-03-22', 218, 'P095', 19),
(0,'2024-08-27', 341, 'P197', 26),
(0,'2024-03-04', 619, 'P051', 45),
(0,'2024-12-18', 160, 'P120', 12),
(0,'2024-07-19', 271, 'P114', 45),
(0,'2024-08-26', 961, 'P029', 35),
(0,'2024-06-05', 407, 'P003', 44),
(0,'2024-09-08', 391, 'P172', 1),
(0,'2024-09-20', 162, 'P060', 21),
(0,'2024-05-20', 784, 'P143', 42),
(0,'2024-11-08', 48, 'P153', 30),
(0,'2024-07-30', 964, 'P068', 9),
(0,'2024-03-13', 246, 'P118', 5),
(0,'2024-03-15', 140, 'P148', 40),
(0,'2024-05-14', 796, 'P071', 50),
(0,'2024-04-04', 159, 'P019', 24),
(0,'2024-04-21', 521, 'P070', 23),
(0,'2024-08-13', 826, 'P022', 12),
(0,'2024-10-07', 690, 'P185', 27),
(0,'2024-06-26', 968, 'P156', 2),
(0,'2024-12-13', 381, 'P085', 35),
(0,'2024-12-26', 906, 'P007', 10),
(0,'2024-03-27', 729, 'P195', 11),
(0,'2024-02-19', 219, 'P019', 38),
(0,'2024-01-06', 487, 'P160', 20),
(0,'2024-10-19', 788, 'P078', 48),
(0,'2024-05-07', 578, 'P115', 44),
(0,'2024-10-25', 287, 'P113', 41),
(0,'2024-10-08', 125, 'P130', 13),
(0,'2024-04-22', 263, 'P005', 42),
(0,'2024-09-03', 688, 'P005', 9),
(0,'2024-10-10', 338, 'P035', 22),
(0,'2024-05-26', 443, 'P145', 50),
(0,'2024-05-03', 206, 'P080', 36),
(0,'2024-12-03', 868, 'P070', 21),
(0,'2024-09-19', 46, 'P066', 39),
(0,'2024-05-29', 931, 'P170', 46),
(0,'2024-03-19', 575, 'P127', 10),
(0,'2024-06-03', 399, 'P007', 18),
(0,'2024-12-13', 113, 'P026', 34),
(0,'2024-08-29', 100, 'P175', 44),
(0,'2024-06-20', 441, 'P022', 37),
(0,'2024-12-18', 863, 'P148', 22),
(0,'2024-10-03', 426, 'P108', 34),
(0,'2024-10-21', 380, 'P027', 26),
(0,'2024-01-24', 545, 'P135', 6),
(0,'2024-09-02', 769, 'P140', 44),
(0,'2024-07-03', 473, 'P025', 13),
(0,'2024-03-27', 324, 'P165', 5),
(0,'2024-05-05', 252, 'P124', 39),
(0,'2024-06-16', 267, 'P001', 23),
(0,'2024-06-26', 472, 'P106', 31),
(0,'2024-08-05', 776, 'P037', 26),
(0,'2024-03-17', 199, 'P029', 7),
(0,'2024-01-05', 578, 'P174', 2),
(0,'2024-09-20', 41, 'P033', 10),
(0,'2024-12-10', 88, 'P095', 21),
(0,'2024-09-30', 250, 'P199', 26),
(0,'2024-11-19', 689, 'P176', 28),
(0,'2024-09-20', 919, 'P122', 47),
(0,'2024-10-01', 814, 'P079', 13),
(0,'2024-11-25', 417, 'P082', 24),
(0,'2024-10-18', 984, 'P051', 38),
(0,'2024-02-25', 592, 'P037', 2),
(0,'2024-04-28', 104, 'P122', 43),
(0,'2024-11-06', 119, 'P132', 13),
(0,'2024-08-18', 402, 'P014', 8),
(0,'2024-06-22', 965, 'P143', 23),
(0,'2024-06-02', 793, 'P095', 1),
(0,'2024-09-12', 224, 'P082', 20),
(0,'2024-03-11', 928, 'P023', 37),
(0,'2024-12-30', 33, 'P010', 31),
(0,'2024-09-25', 669, 'P134', 48),
(0,'2024-01-02', 710, 'P144', 6),
(0,'2024-10-11', 608, 'P181', 31),
(0,'2024-01-23', 759, 'P077', 7),
(0,'2024-04-12', 601, 'P190', 1),
(0,'2024-10-28', 255, 'P084', 29),
(0,'2024-09-10', 77, 'P068', 34),
(0,'2024-12-07', 682, 'P029', 4),
(0,'2024-07-27', 544, 'P147', 48),
(0,'2024-06-25', 717, 'P150', 27),
(0,'2024-04-05', 259, 'P115', 27),
(0,'2024-01-04', 756, 'P104', 41),
(0,'2024-09-19', 285, 'P061', 14),
(0,'2024-06-24', 895, 'P171', 26),
(0,'2024-07-12', 48, 'P083', 18),
(0,'2024-02-04', 831, 'P151', 13),
(0,'2024-11-10', 791, 'P070', 35),
(0,'2024-02-09', 918, 'P115', 38),
(0,'2024-01-06', 186, 'P137', 34),
(0,'2024-11-29', 979, 'P038', 34),
(0,'2024-05-23', 119, 'P096', 43),
(0,'2024-01-05', 806, 'P066', 44),
(0,'2024-06-24', 692, 'P055', 4),
(0,'2024-10-22', 212, 'P131', 34),
(0,'2024-07-29', 471, 'P108', 10),
(0,'2024-07-23', 321, 'P139', 12),
(0,'2024-09-15', 987, 'P121', 31),
(0,'2024-07-27', 721, 'P192', 50),
(0,'2024-06-26', 629, 'P159', 44),
(0,'2024-05-04', 287, 'P135', 43),
(0,'2024-05-05', 186, 'P117', 31),
(0,'2024-12-07', 159, 'P018', 44),
(0,'2024-09-30', 925, 'P128', 8),
(0,'2024-01-28', 93, 'P079', 37),
(0,'2024-08-09', 86, 'P108', 36),
(0,'2024-07-09', 437, 'P115', 6),
(0,'2024-01-25', 721, 'P002', 22),
(0,'2024-06-11', 691, 'P035', 49),
(0,'2024-04-27', 264, 'P130', 20),
(0,'2024-01-21', 288, 'P198', 18),
(0,'2024-07-18', 579, 'P092', 31),
(0,'2024-05-09', 773, 'P169', 3),
(0,'2024-04-20', 269, 'P140', 5),
(0,'2024-11-30', 690, 'P013', 23),
(0,'2024-09-19', 880, 'P101', 45),
(0,'2024-04-21', 401, 'P104', 8),
(0,'2024-04-09', 382, 'P119', 2),
(0,'2024-12-19', 164, 'P054', 11),
(0,'2024-01-23', 114, 'P129', 37),
(0,'2024-12-29', 136, 'P116', 28),
(0,'2024-10-08', 153, 'P117', 30),
(0,'2024-04-17', 188, 'P048', 50),
(0,'2024-11-17', 461, 'P189', 47),
(0,'2024-06-17', 687, 'P135', 34),
(0,'2024-05-26', 551, 'P074', 17),
(0,'2024-06-22', 875, 'P064', 11),
(0,'2024-08-19', 828, 'P056', 18),
(0,'2024-04-16', 680, 'P184', 20),
(0,'2024-07-02', 110, 'P020', 1),
(0,'2024-05-13', 218, 'P186', 37),
(0,'2024-06-15', 274, 'P049', 50),
(0,'2024-02-24', 366, 'P104', 26),
(0,'2024-11-04', 572, 'P132', 34),
(0,'2024-09-30', 964, 'P094', 46),
(0,'2024-12-27', 540, 'P140', 48),
(0,'2024-12-25', 2, 'P070', 18),
(0,'2024-03-29', 356, 'P013', 34),
(0,'2024-07-05', 841, 'P157', 40),
(0,'2024-02-09', 993, 'P027', 44),
(0,'2024-06-27', 376, 'P017', 45),
(0,'2024-02-13', 658, 'P080', 4),
(0,'2024-11-24', 220, 'P118', 31),
(0,'2024-02-14', 188, 'P055', 29),
(0,'2024-04-18', 614, 'P033', 15),
(0,'2024-05-07', 907, 'P126', 50),
(0,'2024-02-10', 433, 'P174', 48),
(0,'2024-04-27', 526, 'P102', 38),
(0,'2024-12-29', 442, 'P191', 44),
(0,'2024-09-08', 485, 'P198', 49),
(0,'2024-10-21', 971, 'P035', 43),
(0,'2024-04-08', 890, 'P145', 44),
(0,'2024-09-04', 193, 'P170', 28),
(0,'2024-10-03', 48, 'P096', 38),
(0,'2024-08-18', 138, 'P030', 24),
(0,'2024-10-13', 120, 'P160', 47),
(0,'2024-10-16', 679, 'P110', 48),
(0,'2024-12-19', 159, 'P193', 18),
(0,'2024-02-25', 130, 'P044', 14),
(0,'2024-03-25', 748, 'P127', 12),
(0,'2024-04-02', 244, 'P195', 29),
(0,'2024-08-31', 294, 'P154', 20),
(0,'2024-07-02', 281, 'P181', 18),
(0,'2024-04-03', 694, 'P112', 14),
(0,'2024-07-02', 677, 'P176', 23),
(0,'2024-10-15', 930, 'P054', 21),
(0,'2024-10-29', 405, 'P122', 31),
(0,'2024-04-11', 441, 'P117', 2),
(0,'2024-10-13', 295, 'P164', 37),
(0,'2024-08-13', 43, 'P142', 42),
(0,'2024-08-04', 139, 'P006', 13),
(0,'2024-07-01', 185, 'P017', 7),
(0,'2024-11-29', 87, 'P106', 20),
(0,'2024-07-25', 293, 'P103', 3),
(0,'2024-12-29', 412, 'P003', 19),
(0,'2024-09-03', 901, 'P016', 12),
(0,'2024-11-20', 345, 'P093', 20),
(0,'2024-03-27', 450, 'P102', 9),
(0,'2024-08-27', 79, 'P093', 44),
(0,'2024-06-24', 182, 'P090', 24),
(0,'2024-09-08', 525, 'P015', 39),
(0,'2024-09-05', 567, 'P167', 47),
(0,'2024-08-06', 156, 'P172', 47),
(0,'2024-10-15', 57, 'P148', 19),
(0,'2024-09-21', 637, 'P124', 42),
(0,'2024-02-02', 564, 'P108', 45),
(0,'2024-08-30', 925, 'P185', 29),
(0,'2024-10-04', 602, 'P098', 3),
(0,'2024-07-22', 412, 'P067', 3),
(0,'2024-02-13', 507, 'P131', 27),
(0,'2024-11-15', 830, 'P027', 30),
(0,'2024-05-21', 272, 'P106', 2),
(0,'2024-04-24', 949, 'P153', 36),
(0,'2024-07-27', 710, 'P108', 16),
(0,'2024-02-14', 925, 'P194', 17),
(0,'2024-10-25', 218, 'P060', 40),
(0,'2024-11-28', 181, 'P049', 48),
(0,'2024-10-31', 887, 'P068', 38),
(0,'2024-02-22', 626, 'P111', 10),
(0,'2024-01-28', 931, 'P054', 28),
(0,'2024-06-27', 380, 'P028', 49),
(0,'2024-10-16', 378, 'P007', 45),
(0,'2024-08-10', 369, 'P015', 3),
(0,'2024-06-03', 746, 'P006', 35),
(0,'2024-07-25', 267, 'P091', 39),
(0,'2024-01-01', 463, 'P053', 35),
(0,'2024-01-21', 796, 'P018', 33),
(0,'2024-04-04', 985, 'P171', 45),
(0,'2024-07-03', 370, 'P188', 21),
(0,'2024-03-04', 568, 'P139', 2),
(0,'2024-04-05', 525, 'P044', 49),
(0,'2024-03-30', 119, 'P024', 44),
(0,'2024-08-08', 415, 'P129', 18),
(0,'2024-09-17', 113, 'P168', 8),
(0,'2024-10-12', 362, 'P164', 35),
(0,'2024-10-12', 813, 'P015', 37),
(0,'2024-12-11', 78, 'P068', 44),
(0,'2024-09-12', 627, 'P141', 32),
(0,'2024-07-10', 479, 'P090', 41),
(0,'2024-08-13', 988, 'P186', 37),
(0,'2024-10-19', 98, 'P043', 43),
(0,'2024-07-25', 394, 'P092', 35),
(0,'2024-09-27', 370, 'P083', 8),
(0,'2024-11-10', 741, 'P098', 37),
(0,'2024-03-14', 466, 'P148', 42),
(0,'2024-03-21', 443, 'P163', 31),
(0,'2024-02-28', 610, 'P052', 5),
(0,'2024-07-04', 942, 'P160', 21),
(0,'2024-01-30', 203, 'P008', 35),
(0,'2024-08-19', 710, 'P094', 23),
(0,'2024-08-31', 902, 'P185', 31),
(0,'2024-04-02', 926, 'P146', 48),
(0,'2024-05-03', 130, 'P144', 3),
(0,'2024-11-07', 684, 'P187', 28),
(0,'2024-07-26', 223, 'P126', 42),
(0,'2024-05-27', 434, 'P176', 40),
(0,'2024-11-13', 234, 'P040', 43),
(0,'2024-06-29', 536, 'P066', 36),
(0,'2024-11-12', 506, 'P099', 23),
(0,'2024-12-19', 510, 'P015', 36),
(0,'2024-04-15', 496, 'P051', 6),
(0,'2024-07-04', 435, 'P143', 39),
(0,'2024-01-15', 891, 'P061', 10),
(0,'2024-12-11', 96, 'P061', 15),
(0,'2024-03-22', 436, 'P083', 23),
(0,'2024-01-30', 575, 'P101', 42),
(0,'2024-05-13', 712, 'P075', 47),
(0,'2024-09-25', 658, 'P035', 44),
(0,'2024-11-26', 325, 'P200', 15),
(0,'2024-03-19', 260, 'P056', 22),
(0,'2024-06-26', 610, 'P073', 18),
(0,'2024-02-08', 878, 'P035', 46),
(0,'2024-10-11', 596, 'P141', 9),
(0,'2024-03-07', 381, 'P109', 23),
(0,'2024-02-08', 790, 'P144', 5),
(0,'2024-05-21', 468, 'P046', 19),
(0,'2024-10-27', 280, 'P047', 3),
(0,'2024-12-10', 727, 'P109', 40),
(0,'2024-11-06', 74, 'P179', 6),
(0,'2024-09-10', 773, 'P127', 21),
(0,'2024-09-23', 956, 'P173', 34),
(0,'2024-10-10', 520, 'P039', 32),
(0,'2024-04-14', 898, 'P153', 11),
(0,'2024-05-12', 703, 'P004', 14),
(0,'2024-11-26', 829, 'P145', 21),
(0,'2024-12-21', 904, 'P024', 43),
(0,'2024-04-01', 339, 'P046', 7),
(0,'2024-12-09', 69, 'P124', 39),
(0,'2024-05-01', 53, 'P166', 18),
(0,'2024-01-14', 491, 'P009', 45),
(0,'2024-02-14', 888, 'P114', 18),
(0,'2024-10-01', 752, 'P099', 49),
(0,'2024-05-04', 933, 'P031', 7),
(0,'2024-10-05', 933, 'P097', 14),
(0,'2024-01-11', 206, 'P197', 19),
(0,'2024-08-19', 305, 'P033', 21),
(0,'2024-05-03', 936, 'P199', 18),
(0,'2024-03-25', 815, 'P042', 30),
(0,'2024-09-13', 494, 'P156', 41),
(0,'2024-04-04', 142, 'P190', 12),
(0,'2024-03-27', 125, 'P046', 19),
(0,'2024-09-17', 142, 'P026', 6),
(0,'2024-08-25', 735, 'P045', 33),
(0,'2024-05-29', 396, 'P026', 40),
(0,'2024-10-08', 748, 'P125', 9),
(0,'2024-03-01', 406, 'P087', 4),
(0,'2024-06-28', 591, 'P075', 13),
(0,'2024-07-01', 459, 'P036', 13),
(0,'2024-11-29', 381, 'P129', 48),
(0,'2024-02-16', 183, 'P112', 13),
(0,'2024-08-07', 618, 'P030', 36),
(0,'2024-05-01', 551, 'P043', 4),
(0,'2024-05-11', 540, 'P098', 7),
(0,'2024-04-02', 58, 'P110', 27),
(0,'2024-04-12', 473, 'P164', 9),
(0,'2024-03-13', 574, 'P115', 10),
(0,'2024-02-19', 971, 'P074', 38),
(0,'2024-05-19', 516, 'P148', 38),
(0,'2024-02-02', 486, 'P188', 5),
(0,'2024-08-16', 20, 'P105', 39),
(0,'2024-11-20', 628, 'P146', 47),
(0,'2024-07-31', 443, 'P045', 11),
(0,'2024-12-10', 704, 'P154', 37),
(0,'2024-08-12', 945, 'P120', 50),
(0,'2024-10-03', 259, 'P141', 15),
(0,'2024-06-02', 3, 'P128', 18),
(0,'2024-08-06', 578, 'P175', 35),
(0,'2024-07-02', 407, 'P135', 41),
(0,'2024-01-14', 824, 'P047', 22),
(0,'2024-11-25', 626, 'P014', 1),
(0,'2024-07-26', 539, 'P026', 21),
(0,'2024-09-20', 79, 'P130', 36),
(0,'2024-04-09', 483, 'P084', 15),
(0,'2024-02-15', 175, 'P102', 14),
(0,'2024-07-05', 839, 'P073', 44),
(0,'2024-11-23', 746, 'P041', 42),
(0,'2024-05-29', 729, 'P119', 41),
(0,'2024-09-05', 331, 'P199', 19),
(0,'2024-04-30', 852, 'P088', 24),
(0,'2024-08-06', 440, 'P104', 40),
(0,'2024-06-28', 655, 'P064', 37),
(0,'2024-02-14', 665, 'P183', 10),
(0,'2024-07-09', 385, 'P172', 25),
(0,'2024-04-29', 607, 'P118', 5),
(0,'2024-07-17', 57, 'P136', 19),
(0,'2024-09-17', 322, 'P028', 23),
(0,'2024-08-23', 727, 'P197', 15),
(0,'2024-02-17', 949, 'P183', 31),
(0,'2024-12-20', 383, 'P097', 15),
(0,'2024-12-30', 184, 'P051', 13),
(0,'2024-02-08', 399, 'P068', 17),
(0,'2024-01-18', 488, 'P187', 41),
(0,'2024-02-05', 533, 'P183', 19),
(0,'2024-03-15', 87, 'P064', 2),
(0,'2024-08-10', 675, 'P088', 17),
(0,'2024-07-29', 696, 'P153', 43),
(0,'2024-11-26', 255, 'P143', 48),
(0,'2024-11-27', 114, 'P030', 28),
(0,'2024-06-03', 700, 'P046', 45),
(0,'2024-02-26', 239, 'P132', 41),
(0,'2024-12-13', 780, 'P113', 12),
(0,'2024-06-11', 402, 'P093', 7),
(0,'2024-07-12', 880, 'P054', 33),
(0,'2024-12-13', 969, 'P178', 31),
(0,'2024-03-24', 939, 'P061', 29),
(0,'2024-08-21', 960, 'P075', 32),
(0,'2024-12-17', 830, 'P128', 35),
(0,'2024-10-10', 856, 'P145', 26),
(0,'2024-12-07', 448, 'P097', 1),
(0,'2024-02-27', 252, 'P111', 26),
(0,'2024-02-07', 818, 'P038', 26),
(0,'2024-02-22', 717, 'P040', 13),
(0,'2024-08-25', 830, 'P156', 29),
(0,'2024-09-19', 321, 'P199', 21),
(0,'2024-01-20', 677, 'P119', 24),
(0,'2024-06-12', 430, 'P007', 24),
(0,'2024-12-01', 548, 'P136', 4),
(0,'2024-08-31', 37, 'P028', 42),
(0,'2024-04-08', 768, 'P074', 15),
(0,'2024-11-14', 576, 'P173', 48),
(0,'2024-04-17', 14, 'P092', 15),
(0,'2024-10-13', 614, 'P158', 49),
(0,'2024-10-20', 940, 'P125', 35),
(0,'2024-08-31', 455, 'P195', 39),
(0,'2024-10-21', 928, 'P034', 18),
(0,'2024-06-01', 873, 'P159', 32),
(0,'2024-01-27', 119, 'P064', 19),
(0,'2024-06-30', 795, 'P112', 11),
(0,'2024-03-31', 59, 'P116', 44),
(0,'2024-09-13', 986, 'P160', 17),
(0,'2024-01-21', 332, 'P019', 35),
(0,'2024-11-12', 583, 'P192', 14),
(0,'2024-08-20', 758, 'P089', 26),
(0,'2024-08-18', 783, 'P018', 19),
(0,'2024-05-11', 33, 'P065', 41),
(0,'2024-08-18', 922, 'P167', 2),
(0,'2024-12-31', 584, 'P183', 48),
(0,'2024-12-27', 144, 'P022', 35),
(0,'2024-10-08', 512, 'P185', 17),
(0,'2024-07-15', 640, 'P109', 11),
(0,'2024-08-14', 342, 'P016', 35),
(0,'2024-07-07', 167, 'P024', 45),
(0,'2024-12-27', 875, 'P048', 9),
(0,'2024-11-19', 688, 'P035', 18),
(0,'2024-07-20', 747, 'P041', 25),
(0,'2024-04-29', 826, 'P049', 47),
(0,'2024-05-27', 915, 'P183', 16),
(0,'2024-05-22', 398, 'P196', 37),
(0,'2024-06-02', 39, 'P016', 11),
(0,'2024-11-28', 460, 'P057', 32),
(0,'2024-06-20', 732, 'P052', 1),
(0,'2024-08-20', 945, 'P184', 34),
(0,'2024-01-31', 131, 'P117', 13),
(0,'2024-08-08', 991, 'P169', 50),
(0,'2024-02-01', 204, 'P118', 48),
(0,'2024-03-30', 314, 'P038', 39),
(0,'2024-10-13', 891, 'P056', 50),
(0,'2024-10-14', 488, 'P066', 3),
(0,'2024-06-07', 174, 'P146', 23),
(0,'2024-07-20', 740, 'P113', 28),
(0,'2024-03-09', 317, 'P072', 16),
(0,'2024-12-15', 733, 'P010', 12),
(0,'2024-07-20', 150, 'P052', 7),
(0,'2024-09-03', 935, 'P086', 2),
(0,'2024-06-29', 362, 'P183', 27),
(0,'2024-03-20', 286, 'P008', 23),
(0,'2024-07-24', 40, 'P101', 12),
(0,'2024-12-14', 361, 'P171', 43),
(0,'2024-03-25', 611, 'P156', 6),
(0,'2024-06-02', 282, 'P178', 31),
(0,'2024-11-07', 947, 'P017', 19),
(0,'2024-08-29', 221, 'P023', 26),
(0,'2024-10-20', 973, 'P079', 21),
(0,'2024-10-21', 587, 'P194', 8),
(0,'2024-09-01', 476, 'P172', 39),
(0,'2024-01-10', 268, 'P017', 10),
(0,'2024-07-22', 835, 'P163', 46),
(0,'2024-07-05', 271, 'P015', 48),
(0,'2024-10-16', 341, 'P190', 42),
(0,'2024-03-23', 506, 'P019', 40),
(0,'2024-09-10', 828, 'P028', 28),
(0,'2024-04-12', 390, 'P043', 29),
(0,'2024-07-05', 3, 'P153', 2),
(0,'2024-07-19', 244, 'P025', 23),
(0,'2024-11-16', 537, 'P095', 33),
(0,'2024-08-05', 131, 'P087', 4),
(0,'2024-07-25', 10, 'P085', 46),
(0,'2024-05-28', 140, 'P184', 37),
(0,'2024-03-06', 297, 'P007', 48),
(0,'2024-07-23', 520, 'P111', 8),
(0,'2024-07-08', 491, 'P129', 49),
(0,'2024-05-08', 317, 'P065', 44),
(0,'2024-02-27', 853, 'P078', 37),
(0,'2024-01-14', 664, 'P120', 20),
(0,'2024-06-06', 133, 'P035', 37),
(0,'2024-07-22', 144, 'P198', 19),
(0,'2024-08-22', 552, 'P035', 46),
(0,'2024-03-20', 816, 'P196', 23),
(0,'2024-07-07', 744, 'P041', 7),
(0,'2024-11-05', 912, 'P010', 49),
(0,'2024-09-12', 323, 'P019', 40),
(0,'2024-07-21', 923, 'P090', 18),
(0,'2024-09-04', 448, 'P009', 46),
(0,'2024-02-09', 952, 'P052', 28),
(0,'2024-01-20', 446, 'P199', 47),
(0,'2024-07-08', 815, 'P009', 34),
(0,'2024-07-10', 621, 'P051', 34),
(0,'2024-11-17', 505, 'P194', 10),
(0,'2024-07-23', 974, 'P062', 2),
(0,'2024-09-05', 891, 'P078', 32),
(0,'2024-05-26', 446, 'P114', 38),
(0,'2024-06-29', 907, 'P018', 7),
(0,'2024-04-17', 850, 'P143', 49),
(0,'2024-12-02', 802, 'P041', 17),
(0,'2024-02-03', 240, 'P049', 19),
(0,'2024-06-25', 506, 'P127', 2),
(0,'2024-11-06', 324, 'P152', 8),
(0,'2024-08-13', 1, 'P075', 12),
(0,'2024-11-25', 680, 'P109', 18),
(0,'2024-09-22', 256, 'P081', 34),
(0,'2024-01-20', 603, 'P153', 7),
(0,'2024-10-20', 923, 'P091', 42),
(0,'2024-04-23', 787, 'P141', 14),
(0,'2024-07-28', 803, 'P185', 6),
(0,'2024-11-23', 943, 'P092', 34),
(0,'2024-07-27', 890, 'P170', 33),
(0,'2024-01-12', 27, 'P053', 12),
(0,'2024-09-14', 771, 'P117', 19),
(0,'2024-10-24', 270, 'P029', 19),
(0,'2024-03-19', 210, 'P125', 34),
(0,'2024-10-05', 420, 'P115', 2),
(0,'2024-02-29', 672, 'P102', 48),
(0,'2024-03-26', 17, 'P069', 29),
(0,'2024-08-25', 5, 'P159', 10),
(0,'2024-03-22', 789, 'P116', 35),
(0,'2024-11-10', 436, 'P171', 46),
(0,'2024-03-18', 413, 'P103', 9),
(0,'2024-02-26', 105, 'P131', 32),
(0,'2024-04-11', 712, 'P068', 9),
(0,'2024-09-11', 175, 'P170', 20),
(0,'2024-10-08', 812, 'P157', 35),
(0,'2024-07-05', 379, 'P025', 25),
(0,'2024-01-24', 35, 'P092', 38),
(0,'2024-02-19', 200, 'P173', 48),
(0,'2024-02-18', 452, 'P163', 34),
(0,'2024-06-25', 70, 'P047', 42),
(0,'2024-09-27', 893, 'P170', 26),
(0,'2024-10-22', 183, 'P139', 34),
(0,'2024-08-13', 540, 'P157', 42),
(0,'2024-12-05', 110, 'P034', 13),
(0,'2024-10-22', 850, 'P051', 46),
(0,'2024-01-10', 327, 'P141', 13),
(0,'2024-12-21', 762, 'P039', 26),
(0,'2024-04-18', 121, 'P063', 39),
(0,'2024-01-04', 25, 'P103', 4),
(0,'2024-04-17', 846, 'P189', 36),
(0,'2024-06-04', 644, 'P044', 27),
(0,'2024-05-19', 800, 'P142', 11),
(0,'2024-07-29', 672, 'P030', 34),
(0,'2024-09-10', 939, 'P176', 29),
(0,'2024-02-06', 335, 'P084', 15),
(0,'2024-01-03', 878, 'P128', 25),
(0,'2024-09-06', 200, 'P016', 13),
(0,'2024-02-26', 611, 'P149', 7),
(0,'2024-10-03', 289, 'P059', 42),
(0,'2024-02-09', 801, 'P049', 26),
(0,'2024-04-29', 922, 'P132', 24),
(0,'2024-10-23', 428, 'P073', 23),
(0,'2024-04-21', 379, 'P175', 25),
(0,'2024-04-23', 139, 'P109', 43),
(0,'2024-11-28', 142, 'P184', 38),
(0,'2024-10-02', 288, 'P039', 29),
(0,'2024-01-10', 961, 'P187', 3),
(0,'2024-06-02', 227, 'P096', 20),
(0,'2024-06-01', 706, 'P200', 31),
(0,'2024-12-11', 144, 'P070', 33),
(0,'2024-08-26', 174, 'P104', 30),
(0,'2024-03-03', 27, 'P197', 47),
(0,'2024-01-05', 907, 'P103', 27),
(0,'2024-09-28', 998, 'P034', 34),
(0,'2024-04-28', 836, 'P181', 48),
(0,'2024-09-29', 449, 'P131', 31),
(0,'2024-05-14', 778, 'P053', 11),
(0,'2024-06-05', 429, 'P171', 15),
(0,'2024-10-13', 518, 'P152', 5),
(0,'2024-01-02', 739, 'P080', 33),
(0,'2024-06-16', 446, 'P098', 43),
(0,'2024-07-13', 586, 'P085', 1),
(0,'2024-03-19', 396, 'P146', 50),
(0,'2024-01-30', 392, 'P058', 2),
(0,'2024-02-25', 457, 'P073', 26),
(0,'2024-07-17', 791, 'P173', 20),
(0,'2024-03-07', 161, 'P111', 11),
(0,'2024-08-23', 617, 'P102', 5),
(0,'2024-12-02', 165, 'P114', 15),
(0,'2024-05-03', 277, 'P044', 10),
(0,'2024-10-18', 284, 'P068', 40),
(0,'2024-06-04', 378, 'P060', 47),
(0,'2024-07-14', 118, 'P011', 42),
(0,'2024-08-08', 200, 'P041', 44),
(0,'2024-03-18', 745, 'P157', 42),
(0,'2024-11-11', 361, 'P183', 39),
(0,'2024-07-10', 43, 'P076', 26),
(0,'2024-10-27', 32, 'P123', 25),
(0,'2024-03-15', 924, 'P167', 20),
(0,'2024-01-06', 604, 'P159', 21),
(0,'2024-07-17', 703, 'P070', 37),
(0,'2024-05-15', 546, 'P116', 10),
(0,'2024-10-19', 461, 'P098', 19),
(0,'2024-07-13', 870, 'P117', 31),
(0,'2024-12-27', 60, 'P072', 30),
(0,'2024-04-21', 140, 'P029', 19),
(0,'2024-08-09', 536, 'P079', 16),
(0,'2024-07-20', 390, 'P133', 42),
(0,'2024-10-05', 970, 'P019', 15),
(0,'2024-06-14', 665, 'P053', 6),
(0,'2024-04-21', 295, 'P173', 27),
(0,'2024-01-15', 782, 'P152', 25),
(0,'2024-02-04', 395, 'P042', 33),
(0,'2024-02-22', 118, 'P157', 5),
(0,'2024-04-27', 802, 'P054', 46),
(0,'2024-06-28', 973, 'P142', 10),
(0,'2024-08-29', 570, 'P032', 21),
(0,'2024-07-09', 47, 'P067', 50),
(0,'2024-08-05', 295, 'P070', 44),
(0,'2024-12-24', 890, 'P034', 30),
(0,'2024-01-26', 795, 'P006', 18),
(0,'2024-04-23', 212, 'P085', 16),
(0,'2024-01-16', 413, 'P140', 15),
(0,'2024-10-30', 226, 'P168', 26),
(0,'2024-03-10', 976, 'P192', 24),
(0,'2024-10-25', 271, 'P172', 5),
(0,'2024-11-01', 24, 'P184', 20),
(0,'2024-11-23', 140, 'P166', 28),
(0,'2024-06-11', 638, 'P075', 47),
(0,'2024-05-31', 562, 'P029', 1),
(0,'2024-04-06', 149, 'P115', 47),
(0,'2024-12-03', 532, 'P080', 36),
(0,'2024-09-08', 245, 'P091', 27),
(0,'2024-11-21', 659, 'P091', 48),
(0,'2024-11-15', 508, 'P129', 8),
(0,'2024-11-23', 564, 'P140', 11),
(0,'2024-03-20', 310, 'P094', 14),
(0,'2024-04-18', 726, 'P025', 8),
(0,'2024-03-29', 68, 'P087', 19),
(0,'2024-08-29', 844, 'P161', 12),
(0,'2024-03-29', 179, 'P033', 48),
(0,'2024-08-05', 490, 'P005', 8),
(0,'2024-08-05', 494, 'P133', 37),
(0,'2024-04-24', 786, 'P082', 34),
(0,'2024-01-27', 741, 'P072', 26),
(0,'2024-04-23', 965, 'P002', 20),
(0,'2024-11-14', 898, 'P145', 49),
(0,'2024-07-20', 888, 'P159', 12),
(0,'2024-09-01', 15, 'P175', 47),
(0,'2024-09-02', 635, 'P069', 2),
(0,'2024-12-17', 740, 'P126', 11),
(0,'2024-04-15', 441, 'P086', 4),
(0,'2024-05-25', 714, 'P197', 2),
(0,'2024-08-12', 555, 'P153', 8),
(0,'2024-07-10', 863, 'P165', 36),
(0,'2024-05-30', 827, 'P122', 40),
(0,'2024-11-03', 231, 'P100', 50),
(0,'2024-03-27', 877, 'P172', 29),
(0,'2024-07-11', 609, 'P191', 30),
(0,'2024-03-28', 692, 'P114', 26),
(0,'2024-09-11', 595, 'P109', 10),
(0,'2024-05-08', 760, 'P125', 29),
(0,'2024-09-23', 383, 'P134', 2),
(0,'2024-01-22', 988, 'P012', 42),
(0,'2024-02-13', 914, 'P164', 19),
(0,'2024-10-09', 851, 'P134', 45),
(0,'2024-03-23', 750, 'P151', 34),
(0,'2024-06-26', 360, 'P102', 45),
(0,'2024-11-30', 197, 'P090', 14),
(0,'2024-02-14', 506, 'P063', 35),
(0,'2024-06-08', 30, 'P186', 27),
(0,'2024-12-01', 4, 'P042', 35),
(0,'2024-10-04', 537, 'P175', 33),
(0,'2024-08-23', 349, 'P040', 20),
(0,'2024-10-21', 527, 'P147', 7),
(0,'2024-07-04', 606, 'P071', 9),
(0,'2024-07-17', 899, 'P178', 40),
(0,'2024-07-16', 269, 'P157', 38),
(0,'2024-01-16', 915, 'P104', 48),
(0,'2024-04-25', 265, 'P028', 20),
(0,'2024-07-10', 469, 'P174', 26),
(0,'2024-11-05', 127, 'P001', 6),
(0,'2024-09-08', 956, 'P075', 30),
(0,'2024-07-28', 910, 'P051', 19),
(0,'2024-02-09', 194, 'P101', 5),
(0,'2024-04-06', 329, 'P173', 3),
(0,'2024-01-19', 21, 'P043', 7),
(0,'2024-10-21', 442, 'P199', 21),
(0,'2024-12-17', 761, 'P184', 19),
(0,'2024-10-03', 173, 'P177', 8),
(0,'2024-07-19', 310, 'P191', 21),
(0,'2024-09-12', 46, 'P085', 7),
(0,'2024-04-10', 283, 'P084', 9),
(0,'2024-03-23', 788, 'P114', 12),
(0,'2024-06-07', 744, 'P199', 41),
(0,'2024-10-26', 351, 'P104', 32),
(0,'2024-06-28', 642, 'P157', 43),
(0,'2024-02-12', 782, 'P021', 1),
(0,'2024-07-23', 540, 'P020', 38),
(0,'2024-01-19', 629, 'P082', 32),
(0,'2024-05-05', 462, 'P083', 42),
(0,'2024-10-14', 789, 'P070', 41),
(0,'2024-04-12', 910, 'P115', 39),
(0,'2024-04-18', 480, 'P161', 36),
(0,'2024-01-17', 596, 'P101', 29),
(0,'2024-08-07', 177, 'P182', 9),
(0,'2024-01-29', 715, 'P085', 5),
(0,'2024-08-18', 23, 'P060', 18),
(0,'2024-04-30', 444, 'P092', 49),
(0,'2024-02-27', 286, 'P141', 50),
(0,'2024-01-14', 603, 'P057', 20),
(0,'2024-07-08', 36, 'P096', 27),
(0,'2024-03-27', 63, 'P108', 16),
(0,'2024-10-10', 758, 'P014', 30),
(0,'2024-12-21', 805, 'P094', 4),
(0,'2024-05-12', 532, 'P125', 25),
(0,'2024-07-10', 114, 'P168', 6),
(0,'2024-06-24', 516, 'P068', 2),
(0,'2024-02-10', 167, 'P119', 42),
(0,'2024-02-02', 333, 'P060', 16),
(0,'2024-01-31', 573, 'P034', 47),
(0,'2024-11-17', 301, 'P100', 24),
(0,'2024-12-17', 674, 'P016', 45),
(0,'2024-02-24', 971, 'P081', 49),
(0,'2024-10-24', 73, 'P191', 39),
(0,'2024-02-07', 897, 'P045', 15),
(0,'2024-12-07', 275, 'P137', 28),
(0,'2024-05-30', 905, 'P008', 31),
(0,'2024-05-25', 99, 'P100', 43),
(0,'2024-11-07', 392, 'P156', 41),
(0,'2024-02-22', 198, 'P163', 37),
(0,'2024-04-14', 556, 'P101', 2),
(0,'2024-11-29', 364, 'P082', 50),
(0,'2024-10-18', 798, 'P001', 7),
(0,'2024-06-11', 21, 'P035', 21),
(0,'2024-01-09', 841, 'P135', 29),
(0,'2024-08-31', 354, 'P175', 49),
(0,'2024-06-21', 920, 'P046', 9),
(0,'2024-09-20', 257, 'P015', 33),
(0,'2024-04-10', 173, 'P188', 45),
(0,'2024-07-20', 908, 'P195', 2),
(0,'2024-07-09', 594, 'P026', 18),
(0,'2024-10-19', 451, 'P071', 40),
(0,'2024-12-02', 908, 'P102', 5),
(0,'2024-01-28', 280, 'P170', 10),
(0,'2024-03-09', 683, 'P085', 11),
(0,'2024-04-27', 460, 'P187', 5),
(0,'2024-10-03', 430, 'P061', 32),
(0,'2024-10-07', 381, 'P015', 19),
(0,'2024-07-11', 155, 'P185', 19),
(0,'2024-11-08', 521, 'P177', 5),
(0,'2024-02-11', 995, 'P150', 20),
(0,'2024-02-13', 940, 'P042', 34),
(0,'2024-08-23', 789, 'P075', 48),
(0,'2024-01-14', 8, 'P086', 4),
(0,'2024-05-23', 585, 'P055', 23),
(0,'2024-03-23', 135, 'P009', 27),
(0,'2024-03-20', 119, 'P141', 50),
(0,'2024-04-05', 855, 'P070', 21),
(0,'2024-08-06', 602, 'P053', 34),
(0,'2024-10-06', 353, 'P063', 32),
(0,'2024-11-22', 283, 'P083', 32),
(0,'2024-05-24', 315, 'P161', 27),
(0,'2024-05-21', 628, 'P100', 42),
(0,'2024-09-03', 942, 'P136', 28),
(0,'2024-04-25', 363, 'P109', 38),
(0,'2024-02-01', 618, 'P109', 28),
(0,'2024-06-22', 656, 'P180', 23),
(0,'2024-03-26', 865, 'P047', 38),
(0,'2024-11-18', 61, 'P075', 30),
(0,'2024-10-24', 576, 'P073', 18),
(0,'2024-05-13', 84, 'P112', 8),
(0,'2024-06-22', 780, 'P019', 23),
(0,'2024-09-14', 74, 'P038', 37),
(0,'2024-02-01', 542, 'P093', 44),
(0,'2024-04-12', 358, 'P056', 33),
(0,'2024-05-27', 160, 'P094', 32),
(0,'2024-10-08', 804, 'P165', 40),
(0,'2024-08-20', 803, 'P131', 39),
(0,'2024-04-17', 243, 'P141', 43),
(0,'2024-12-22', 684, 'P040', 40),
(0,'2024-11-11', 831, 'P044', 19),
(0,'2024-11-19', 312, 'P045', 1),
(0,'2024-03-14', 450, 'P167', 37),
(0,'2024-01-15', 515, 'P008', 7),
(0,'2024-10-26', 113, 'P111', 7),
(0,'2024-05-15', 19, 'P168', 38),
(0,'2024-06-14', 394, 'P118', 3),
(0,'2024-05-04', 436, 'P039', 1),
(0,'2024-04-27', 102, 'P094', 15),
(0,'2024-04-23', 160, 'P103', 13),
(0,'2024-07-31', 293, 'P018', 31),
(0,'2024-12-13', 578, 'P013', 44),
(0,'2024-05-02', 180, 'P123', 36),
(0,'2024-01-30', 741, 'P091', 42),
(0,'2024-10-07', 855, 'P004', 10),
(0,'2024-04-01', 687, 'P158', 47),
(0,'2024-10-07', 454, 'P061', 29),
(0,'2024-06-14', 597, 'P064', 24),
(0,'2024-09-13', 439, 'P006', 49),
(0,'2024-12-22', 258, 'P076', 1),
(0,'2024-05-15', 217, 'P069', 23),
(0,'2024-12-31', 477, 'P198', 15),
(0,'2024-05-04', 85, 'P116', 13),
(0,'2024-12-11', 867, 'P051', 24),
(0,'2024-07-08', 243, 'P009', 15),
(0,'2024-03-17', 446, 'P048', 27),
(0,'2024-05-17', 17, 'P097', 33),
(0,'2024-01-14', 45, 'P085', 4),
(0,'2024-02-10', 968, 'P172', 25),
(0,'2024-03-09', 369, 'P166', 27),
(0,'2024-05-31', 217, 'P013', 30),
(0,'2024-09-10', 355, 'P112', 19),
(0,'2024-02-12', 907, 'P093', 17),
(0,'2024-12-03', 682, 'P041', 43),
(0,'2024-09-26', 946, 'P152', 22),
(0,'2024-05-20', 352, 'P036', 22),
(0,'2024-08-07', 485, 'P089', 22),
(0,'2024-05-28', 221, 'P048', 16),
(0,'2024-08-25', 498, 'P027', 27),
(0,'2024-11-21', 669, 'P096', 31),
(0,'2024-05-05', 485, 'P053', 3),
(0,'2024-11-02', 285, 'P072', 22),
(0,'2024-08-21', 117, 'P018', 10),
(0,'2024-12-25', 556, 'P125', 24),
(0,'2024-01-08', 283, 'P040', 43),
(0,'2024-01-09', 526, 'P082', 32),
(0,'2024-06-09', 562, 'P185', 26),
(0,'2024-01-08', 295, 'P126', 9),
(0,'2024-12-23', 930, 'P040', 13),
(0,'2024-09-26', 328, 'P076', 43),
(0,'2024-11-27', 642, 'P022', 8),
(0,'2024-03-12', 413, 'P165', 9),
(0,'2024-12-19', 980, 'P077', 27),
(0,'2024-07-30', 608, 'P124', 21),
(0,'2024-12-15', 316, 'P058', 3),
(0,'2024-06-28', 95, 'P154', 15),
(0,'2024-05-05', 913, 'P012', 18),
(0,'2024-03-18', 766, 'P136', 24),
(0,'2024-10-25', 538, 'P037', 27),
(0,'2024-02-29', 357, 'P013', 41),
(0,'2024-12-31', 481, 'P176', 27),
(0,'2024-04-23', 734, 'P106', 49),
(0,'2024-05-04', 32, 'P113', 13),
(0,'2024-09-12', 934, 'P133', 23),
(0,'2024-07-08', 420, 'P176', 25),
(0,'2024-12-16', 636, 'P096', 46),
(0,'2024-03-17', 166, 'P169', 9),
(0,'2024-01-17', 108, 'P029', 50),
(0,'2024-02-15', 96, 'P118', 48),
(0,'2024-09-09', 366, 'P127', 25),
(0,'2024-05-18', 766, 'P133', 1),
(0,'2024-08-19', 630, 'P142', 18),
(0,'2024-04-11', 376, 'P042', 22),
(0,'2024-05-27', 219, 'P057', 49),
(0,'2024-01-19', 243, 'P004', 35),
(0,'2024-11-18', 225, 'P176', 11),
(0,'2024-06-07', 296, 'P095', 14),
(0,'2024-05-04', 848, 'P080', 41),
(0,'2024-03-14', 188, 'P154', 19),
(0,'2024-06-02', 930, 'P129', 16),
(0,'2024-02-07', 789, 'P033', 47),
(0,'2024-03-14', 518, 'P129', 38),
(0,'2024-10-04', 109, 'P083', 34),
(0,'2024-12-02', 84, 'P103', 27),
(0,'2024-03-19', 752, 'P094', 33),
(0,'2024-09-01', 998, 'P117', 28),
(0,'2024-05-03', 938, 'P098', 42),
(0,'2024-09-18', 486, 'P052', 2),
(0,'2024-12-09', 211, 'P097', 19),
(0,'2024-01-19', 782, 'P199', 8),
(0,'2024-03-31', 577, 'P030', 20),
(0,'2024-09-18', 508, 'P172', 21),
(0,'2024-01-20', 537, 'P052', 4),
(0,'2024-08-18', 984, 'P050', 27),
(0,'2024-06-25', 351, 'P087', 21),
(0,'2024-03-15', 581, 'P156', 43),
(0,'2024-10-05', 16, 'P015', 33),
(0,'2024-07-12', 104, 'P022', 42),
(0,'2024-05-28', 902, 'P068', 30),
(0,'2024-09-08', 817, 'P019', 18),
(0,'2024-08-25', 547, 'P070', 25),
(0,'2024-08-31', 489, 'P077', 46),
(0,'2024-11-21', 86, 'P146', 30),
(0,'2024-02-23', 74, 'P128', 21),
(0,'2024-05-19', 247, 'P027', 21),
(0,'2024-09-28', 381, 'P034', 15),
(0,'2024-01-09', 155, 'P130', 13),
(0,'2024-10-24', 203, 'P111', 33),
(0,'2024-04-04', 963, 'P017', 36),
(0,'2024-04-01', 166, 'P108', 33),
(0,'2024-05-28', 158, 'P179', 1),
(0,'2024-06-06', 636, 'P049', 45),
(0,'2024-03-08', 686, 'P161', 9),
(0,'2024-03-07', 534, 'P094', 25),
(0,'2024-03-01', 271, 'P062', 1),
(0,'2024-11-09', 596, 'P139', 25),
(0,'2024-08-30', 221, 'P061', 37),
(0,'2024-07-05', 356, 'P165', 39),
(0,'2024-02-16', 139, 'P020', 48),
(0,'2024-12-27', 983, 'P197', 7),
(0,'2024-01-10', 20, 'P171', 11),
(0,'2024-08-09', 952, 'P003', 46),
(0,'2024-04-04', 540, 'P192', 20),
(0,'2024-12-16', 476, 'P139', 1),
(0,'2024-12-30', 696, 'P099', 44),
(0,'2024-08-29', 759, 'P002', 18),
(0,'2024-08-02', 57, 'P068', 24),
(0,'2024-08-14', 89, 'P160', 24),
(0,'2024-05-23', 555, 'P141', 17),
(0,'2024-06-08', 840, 'P197', 41),
(0,'2024-05-31', 17, 'P020', 17),
(0,'2024-10-02', 645, 'P012', 38),
(0,'2024-03-21', 464, 'P189', 49),
(0,'2024-11-04', 77, 'P132', 31),
(0,'2024-05-10', 654, 'P009', 31),
(0,'2024-01-19', 920, 'P070', 33),
(0,'2024-04-18', 686, 'P069', 32),
(0,'2024-09-19', 910, 'P153', 21),
(0,'2024-12-18', 637, 'P009', 9),
(0,'2024-09-23', 547, 'P095', 41),
(0,'2024-06-16', 248, 'P113', 42),
(0,'2024-03-21', 85, 'P117', 27),
(0,'2024-01-03', 406, 'P108', 24),
(0,'2024-05-23', 490, 'P001', 33),
(0,'2024-05-31', 155, 'P095', 21),
(0,'2024-12-11', 872, 'P124', 24),
(0,'2024-05-18', 563, 'P088', 18),
(0,'2024-03-29', 126, 'P143', 7),
(0,'2024-06-01', 848, 'P121', 2),
(0,'2024-03-16', 536, 'P137', 6),
(0,'2024-08-03', 631, 'P100', 32),
(0,'2024-02-20', 705, 'P100', 44),
(0,'2024-01-05', 824, 'P054', 18),
(0,'2024-01-29', 893, 'P190', 39),
(0,'2024-02-08', 991, 'P083', 32),
(0,'2024-04-30', 539, 'P042', 28),
(0,'2024-04-11', 256, 'P139', 19),
(0,'2024-05-15', 894, 'P183', 28),
(0,'2024-06-22', 985, 'P044', 17),
(0,'2024-10-15', 72, 'P140', 33),
(0,'2024-10-06', 538, 'P188', 13),
(0,'2024-10-03', 588, 'P060', 2),
(0,'2024-11-05', 815, 'P097', 7),
(0,'2024-02-21', 968, 'P173', 24),
(0,'2024-02-09', 339, 'P115', 29),
(0,'2024-08-23', 75, 'P044', 7),
(0,'2024-12-29', 354, 'P085', 46),
(0,'2024-07-05', 868, 'P072', 43),
(0,'2024-07-05', 569, 'P193', 8),
(0,'2024-03-30', 327, 'P046', 2),
(0,'2024-11-16', 362, 'P156', 27),
(0,'2024-01-22', 164, 'P028', 23),
(0,'2024-12-23', 769, 'P185', 44),
(0,'2024-09-01', 852, 'P175', 9),
(0,'2024-03-24', 173, 'P187', 41),
(0,'2024-12-17', 54, 'P193', 10),
(0,'2024-05-22', 726, 'P130', 16),
(0,'2024-05-27', 732, 'P095', 12),
(0,'2024-03-24', 705, 'P126', 2),
(0,'2024-02-06', 637, 'P090', 5),
(0,'2024-02-09', 197, 'P022', 37),
(0,'2024-10-06', 858, 'P125', 15),
(0,'2024-01-19', 603, 'P142', 16),
(0,'2024-05-24', 206, 'P012', 15),
(0,'2024-03-03', 477, 'P128', 9),
(0,'2024-07-01', 938, 'P108', 21),
(0,'2024-09-09', 791, 'P072', 42),
(0,'2024-07-06', 401, 'P073', 27),
(0,'2024-07-07', 913, 'P150', 42),
(0,'2024-11-02', 618, 'P188', 11),
(0,'2024-08-19', 548, 'P117', 33),
(0,'2024-03-06', 875, 'P023', 35),
(0,'2024-09-08', 492, 'P038', 21),
(0,'2024-08-24', 249, 'P013', 19),
(0,'2024-03-08', 3, 'P109', 46),
(0,'2024-01-24', 856, 'P034', 5),
(0,'2024-07-21', 101, 'P054', 7),
(0,'2024-10-18', 211, 'P184', 43),
(0,'2024-02-24', 507, 'P091', 31),
(0,'2024-02-27', 890, 'P169', 34),
(0,'2024-05-19', 178, 'P054', 42),
(0,'2024-01-21', 756, 'P003', 4),
(0,'2024-09-17', 201, 'P156', 31),
(0,'2024-01-14', 45, 'P133', 48),
(0,'2024-01-18', 143, 'P143', 42),
(0,'2024-06-04', 490, 'P014', 7),
(0,'2024-08-01', 563, 'P090', 33),
(0,'2024-03-29', 634, 'P124', 7),
(0,'2024-10-14', 920, 'P102', 14),
(0,'2024-09-19', 374, 'P137', 17),
(0,'2024-06-14', 640, 'P047', 1),
(0,'2024-12-21', 743, 'P087', 31),
(0,'2024-07-13', 374, 'P032', 11),
(0,'2024-04-22', 245, 'P193', 6),
(0,'2024-10-13', 467, 'P004', 48),
(0,'2024-04-14', 910, 'P106', 46),
(0,'2024-09-20', 770, 'P101', 47),
(0,'2024-08-29', 365, 'P186', 10),
(0,'2024-08-30', 91, 'P005', 2),
(0,'2024-10-14', 831, 'P052', 23),
(0,'2024-03-10', 915, 'P034', 26),
(0,'2024-02-16', 851, 'P181', 42),
(0,'2024-02-27', 867, 'P194', 16),
(0,'2024-11-20', 322, 'P063', 41),
(0,'2024-02-19', 166, 'P189', 24),
(0,'2024-07-20', 537, 'P171', 44),
(0,'2024-10-01', 749, 'P048', 35),
(0,'2024-04-24', 34, 'P071', 46),
(0,'2024-03-16', 720, 'P105', 2),
(0,'2024-01-25', 618, 'P135', 2),
(0,'2024-11-12', 158, 'P034', 45),
(0,'2024-06-04', 205, 'P041', 26),
(0,'2024-09-06', 602, 'P169', 30),
(0,'2024-10-21', 25, 'P161', 47),
(0,'2024-07-27', 50, 'P192', 46),
(0,'2024-07-04', 9, 'P007', 32),
(0,'2024-02-14', 155, 'P015', 17),
(0,'2024-09-03', 238, 'P001', 45),
(0,'2024-04-04', 943, 'P097', 49),
(0,'2024-09-03', 490, 'P024', 8),
(0,'2024-08-16', 550, 'P064', 43),
(0,'2024-01-27', 112, 'P170', 34),
(0,'2024-12-03', 4, 'P196', 7),
(0,'2024-02-17', 676, 'P171', 15),
(0,'2024-05-24', 56, 'P158', 12),
(0,'2024-09-10', 348, 'P015', 31),
(0,'2024-02-04', 74, 'P148', 33),
(0,'2024-04-20', 321, 'P099', 41),
(0,'2024-06-08', 322, 'P086', 18),
(0,'2024-09-21', 500, 'P145', 26),
(0,'2024-02-09', 513, 'P057', 27),
(0,'2024-04-13', 54, 'P030', 16),
(0,'2024-08-15', 370, 'P059', 4),
(0,'2024-03-27', 247, 'P074', 10),
(0,'2024-07-31', 386, 'P192', 12),
(0,'2024-01-22', 191, 'P117', 5),
(0,'2024-04-06', 657, 'P192', 25),
(0,'2024-08-29', 379, 'P007', 50),
(0,'2024-10-04', 742, 'P144', 43),
(0,'2024-04-24', 948, 'P057', 17),
(0,'2024-02-13', 952, 'P171', 46),
(0,'2024-10-12', 655, 'P170', 42),
(0,'2024-12-16', 311, 'P042', 5),
(0,'2024-01-18', 878, 'P156', 33),
(0,'2024-09-06', 400, 'P142', 48),
(0,'2024-04-01', 534, 'P145', 7),
(0,'2024-11-28', 242, 'P145', 1),
(0,'2024-05-08', 985, 'P032', 27),
(0,'2024-07-06', 318, 'P022', 34),
(0,'2024-05-14', 879, 'P071', 4),
(0,'2024-11-05', 829, 'P002', 26),
(0,'2024-03-07', 853, 'P124', 6),
(0,'2024-03-02', 231, 'P019', 16),
(0,'2024-06-20', 428, 'P154', 16),
(0,'2024-07-25', 293, 'P165', 6),
(0,'2024-11-28', 796, 'P021', 47),
(0,'2024-04-21', 830, 'P067', 17),
(0,'2024-04-16', 797, 'P055', 49),
(0,'2024-04-22', 140, 'P123', 47),
(0,'2024-06-16', 199, 'P181', 17),
(0,'2024-06-05', 581, 'P018', 48),
(0,'2024-09-30', 781, 'P026', 5),
(0,'2024-03-08', 900, 'P165', 46),
(0,'2024-02-14', 21, 'P093', 39),
(0,'2024-06-12', 416, 'P078', 27),
(0,'2024-08-13', 169, 'P173', 37),
(0,'2024-02-11', 20, 'P065', 15),
(0,'2024-02-04', 508, 'P042', 41),
(0,'2024-01-07', 996, 'P044', 25),
(0,'2024-07-11', 865, 'P020', 38),
(0,'2024-06-09', 765, 'P193', 47),
(0,'2024-02-25', 192, 'P159', 28),
(0,'2024-06-30', 403, 'P048', 36),
(0,'2024-08-17', 662, 'P063', 9),
(0,'2024-07-13', 611, 'P052', 16),
(0,'2024-09-17', 990, 'P119', 39),
(0,'2024-07-30', 195, 'P150', 41),
(0,'2024-01-10', 995, 'P029', 37),
(0,'2024-05-27', 830, 'P017', 7),
(0,'2024-02-07', 516, 'P031', 43),
(0,'2024-03-02', 787, 'P126', 49),
(0,'2024-01-15', 175, 'P001', 48),
(0,'2024-10-11', 637, 'P045', 30),
(0,'2024-11-08', 4, 'P006', 47),
(0,'2024-11-01', 704, 'P200', 19),
(0,'2024-05-20', 635, 'P019', 35),
(0,'2024-02-25', 468, 'P110', 8),
(0,'2024-05-12', 47, 'P043', 41),
(0,'2024-01-26', 103, 'P140', 5),
(0,'2024-01-11', 877, 'P189', 41),
(0,'2024-08-20', 896, 'P171', 38),
(0,'2024-04-02', 677, 'P178', 22),
(0,'2024-01-06', 209, 'P154', 39),
(0,'2024-11-01', 831, 'P089', 2),
(0,'2024-06-13', 686, 'P115', 41),
(0,'2024-11-22', 63, 'P045', 25),
(0,'2024-02-06', 660, 'P094', 39),
(0,'2024-07-13', 944, 'P066', 5),
(0,'2024-09-18', 201, 'P104', 31),
(0,'2024-07-09', 310, 'P067', 22),
(0,'2024-06-24', 674, 'P197', 21),
(0,'2024-07-11', 148, 'P160', 1),
(0,'2024-11-08', 902, 'P029', 41),
(0,'2024-03-05', 666, 'P103', 47),
(0,'2024-03-21', 408, 'P093', 2),
(0,'2024-10-15', 991, 'P131', 29),
(0,'2024-09-17', 58, 'P052', 23),
(0,'2024-01-09', 673, 'P196', 43),
(0,'2024-02-03', 269, 'P132', 20),
(0,'2024-06-10', 64, 'P172', 33),
(0,'2024-06-09', 76, 'P104', 2),
(0,'2024-03-14', 687, 'P009', 25),
(0,'2024-05-05', 36, 'P167', 46),
(0,'2024-01-22', 947, 'P152', 4),
(0,'2024-12-06', 195, 'P002', 48),
(0,'2024-06-14', 849, 'P118', 13),
(0,'2024-07-19', 601, 'P059', 15),
(0,'2024-11-16', 964, 'P026', 37),
(0,'2024-09-21', 890, 'P175', 30),
(0,'2024-12-07', 888, 'P016', 42),
(0,'2024-06-27', 546, 'P160', 34),
(0,'2024-09-11', 522, 'P079', 30),
(0,'2024-12-19', 381, 'P029', 35),
(0,'2024-01-09', 692, 'P039', 29),
(0,'2024-02-25', 282, 'P034', 5),
(0,'2024-03-29', 694, 'P185', 9),
(0,'2024-08-04', 423, 'P159', 37),
(0,'2024-11-04', 111, 'P123', 3),
(0,'2024-03-08', 770, 'P127', 28),
(0,'2024-07-05', 239, 'P196', 11),
(0,'2024-07-22', 465, 'P068', 5),
(0,'2024-07-26', 898, 'P139', 36),
(0,'2024-04-05', 315, 'P039', 2),
(0,'2024-09-24', 306, 'P121', 9),
(0,'2024-01-13', 187, 'P187', 10),
(0,'2024-09-25', 867, 'P110', 32),
(0,'2024-09-14', 502, 'P151', 17),
(0,'2024-03-14', 603, 'P082', 21),
(0,'2024-01-11', 613, 'P098', 16),
(0,'2024-09-30', 809, 'P040', 41),
(0,'2024-11-30', 50, 'P134', 26),
(0,'2024-12-16', 44, 'P099', 45),
(0,'2024-10-23', 372, 'P019', 45),
(0,'2024-10-11', 37, 'P066', 38),
(0,'2024-02-28', 869, 'P180', 24),
(0,'2024-04-30', 668, 'P120', 24),
(0,'2024-09-26', 823, 'P189', 18),
(0,'2024-03-19', 678, 'P048', 19),
(0,'2024-01-11', 773, 'P085', 31),
(0,'2024-02-04', 573, 'P104', 27),
(0,'2024-04-09', 749, 'P169', 34),
(0,'2024-10-26', 379, 'P199', 40),
(0,'2024-04-25', 904, 'P041', 10),
(0,'2024-12-04', 646, 'P011', 20),
(0,'2024-06-16', 781, 'P002', 40),
(0,'2024-01-25', 346, 'P125', 7),
(0,'2024-12-10', 571, 'P066', 30),
(0,'2024-08-26', 556, 'P046', 43),
(0,'2024-01-02', 444, 'P152', 15),
(0,'2024-03-02', 530, 'P003', 31),
(0,'2024-12-18', 530, 'P161', 4),
(0,'2024-11-26', 384, 'P180', 24),
(0,'2024-10-25', 519, 'P002', 43),
(0,'2024-03-18', 700, 'P061', 12),
(0,'2024-05-12', 712, 'P062', 20),
(0,'2024-02-27', 288, 'P125', 2),
(0,'2024-05-23', 253, 'P157', 33),
(0,'2024-11-18', 384, 'P052', 24),
(0,'2024-03-10', 57, 'P086', 14),
(0,'2024-07-02', 631, 'P044', 31),
(0,'2024-11-08', 136, 'P178', 1),
(0,'2024-01-13', 142, 'P043', 6),
(0,'2024-10-15', 598, 'P077', 22),
(0,'2024-01-21', 365, 'P079', 34),
(0,'2024-03-31', 871, 'P064', 3),
(0,'2024-08-21', 591, 'P108', 1),
(0,'2024-09-02', 429, 'P050', 28),
(0,'2024-04-24', 858, 'P151', 5),
(0,'2024-11-07', 93, 'P006', 27),
(0,'2024-11-14', 405, 'P189', 50),
(0,'2024-10-12', 453, 'P092', 8),
(0,'2024-06-12', 280, 'P024', 24),
(0,'2024-01-21', 65, 'P031', 19),
(0,'2024-04-29', 991, 'P143', 36),
(0,'2024-02-06', 509, 'P003', 15),
(0,'2024-01-31', 512, 'P182', 7),
(0,'2024-03-16', 657, 'P073', 33),
(0,'2024-12-24', 875, 'P093', 50),
(0,'2024-03-30', 146, 'P045', 1),
(0,'2024-06-28', 894, 'P010', 20),
(0,'2024-01-12', 328, 'P075', 28),
(0,'2024-08-31', 426, 'P020', 28),
(0,'2024-11-21', 369, 'P093', 2),
(0,'2024-01-02', 494, 'P157', 48),
(0,'2024-12-31', 294, 'P114', 21),
(0,'2024-03-13', 140, 'P057', 36),
(0,'2024-12-28', 672, 'P139', 7),
(0,'2024-12-13', 471, 'P003', 4),
(0,'2024-04-15', 367, 'P001', 24),
(0,'2024-02-12', 66, 'P175', 1),
(0,'2024-10-28', 40, 'P011', 46),
(0,'2024-11-28', 731, 'P049', 1),
(0,'2024-07-13', 2, 'P086', 33),
(0,'2024-07-19', 607, 'P006', 5),
(0,'2024-11-17', 176, 'P100', 17),
(0,'2024-10-03', 722, 'P060', 15),
(0,'2024-01-25', 880, 'P058', 9),
(0,'2024-01-26', 461, 'P091', 2),
(0,'2024-11-09', 871, 'P164', 24),
(0,'2024-02-04', 546, 'P018', 38),
(0,'2024-05-12', 423, 'P093', 22),
(0,'2024-05-07', 70, 'P186', 33),
(0,'2024-11-25', 581, 'P044', 23),
(0,'2024-12-03', 892, 'P165', 29),
(0,'2024-06-16', 737, 'P012', 49),
(0,'2024-11-26', 40, 'P123', 30),
(0,'2024-07-12', 187, 'P142', 49),
(0,'2024-11-08', 744, 'P115', 13),
(0,'2024-06-24', 66, 'P166', 48),
(0,'2024-02-26', 97, 'P037', 44),
(0,'2024-07-05', 453, 'P184', 6),
(0,'2024-06-14', 70, 'P056', 34),
(0,'2024-03-23', 462, 'P105', 12),
(0,'2024-05-30', 146, 'P182', 8),
(0,'2024-03-01', 10, 'P139', 37),
(0,'2024-10-20', 81, 'P067', 17),
(0,'2024-05-10', 104, 'P100', 22),
(0,'2024-02-09', 382, 'P129', 50),
(0,'2024-04-06', 310, 'P082', 49),
(0,'2024-01-15', 278, 'P145', 47),
(0,'2024-12-06', 761, 'P056', 1),
(0,'2024-05-02', 184, 'P050', 50),
(0,'2024-04-15', 641, 'P083', 37),
(0,'2024-05-16', 479, 'P094', 4),
(0,'2024-05-11', 669, 'P050', 32),
(0,'2024-01-18', 574, 'P120', 41),
(0,'2024-11-15', 994, 'P198', 1),
(0,'2024-01-18', 151, 'P138', 33),
(0,'2024-12-18', 729, 'P010', 22),
(0,'2024-10-02', 113, 'P025', 48),
(0,'2024-06-26', 199, 'P037', 13),
(0,'2024-10-31', 107, 'P106', 12),
(0,'2024-02-03', 505, 'P116', 49),
(0,'2024-02-18', 16, 'P049', 44),
(0,'2024-03-28', 827, 'P174', 41),
(0,'2024-09-14', 363, 'P081', 19),
(0,'2024-08-19', 830, 'P017', 9),
(0,'2024-01-24', 324, 'P068', 31),
(0,'2024-03-08', 774, 'P152', 40),
(0,'2024-08-04', 192, 'P018', 45),
(0,'2024-07-22', 726, 'P062', 33),
(0,'2024-08-20', 610, 'P123', 49),
(0,'2024-03-17', 850, 'P113', 47),
(0,'2024-07-24', 772, 'P197', 31),
(0,'2024-01-07', 427, 'P142', 8),
(0,'2024-12-03', 511, 'P143', 31),
(0,'2024-05-18', 979, 'P143', 13),
(0,'2024-04-02', 960, 'P125', 46),
(0,'2024-02-04', 27, 'P073', 27),
(0,'2024-11-05', 203, 'P028', 35),
(0,'2024-01-10', 584, 'P116', 24),
(0,'2024-03-19', 703, 'P160', 42),
(0,'2024-05-26', 533, 'P034', 4),
(0,'2024-03-09', 344, 'P089', 4),
(0,'2024-11-07', 887, 'P134', 41),
(0,'2024-12-31', 773, 'P148', 25),
(0,'2024-04-04', 973, 'P139', 9),
(0,'2024-09-03', 806, 'P023', 13),
(0,'2024-01-14', 586, 'P109', 12),
(0,'2024-04-20', 750, 'P143', 30),
(0,'2024-12-17', 252, 'P077', 12),
(0,'2024-09-11', 903, 'P088', 23),
(0,'2024-07-25', 216, 'P094', 39),
(0,'2024-12-28', 278, 'P020', 41),
(0,'2024-10-28', 299, 'P088', 17),
(0,'2024-10-13', 40, 'P181', 12),
(0,'2024-08-21', 451, 'P101', 32),
(0,'2024-10-04', 882, 'P002', 32),
(0,'2024-05-24', 537, 'P075', 1),
(0,'2024-06-10', 829, 'P084', 38),
(0,'2024-06-01', 76, 'P153', 20),
(0,'2024-04-12', 203, 'P124', 35),
(0,'2024-12-28', 899, 'P200', 41),
(0,'2024-06-24', 996, 'P195', 49),
(0,'2024-05-28', 814, 'P074', 11),
(0,'2024-02-09', 60, 'P102', 38),
(0,'2024-04-23', 475, 'P159', 11),
(0,'2024-03-18', 215, 'P150', 39),
(0,'2024-07-04', 472, 'P020', 26),
(0,'2024-01-22', 260, 'P145', 12),
(0,'2024-09-25', 791, 'P134', 33),
(0,'2024-07-10', 188, 'P128', 2),
(0,'2024-12-08', 816, 'P057', 8),
(0,'2024-02-13', 934, 'P055', 31),
(0,'2024-08-20', 857, 'P172', 14),
(0,'2024-09-24', 158, 'P034', 21),
(0,'2024-02-14', 471, 'P052', 26),
(0,'2024-04-06', 935, 'P047', 44),
(0,'2024-05-19', 515, 'P165', 16),
(0,'2024-07-19', 454, 'P178', 5),
(0,'2024-02-29', 700, 'P082', 7),
(0,'2024-02-23', 75, 'P119', 2),
(0,'2024-01-24', 242, 'P120', 48),
(0,'2024-02-16', 822, 'P187', 50),
(0,'2024-08-21', 136, 'P094', 7),
(0,'2024-02-16', 845, 'P119', 10),
(0,'2024-09-26', 46, 'P068', 18),
(0,'2024-08-19', 902, 'P056', 33),
(0,'2024-11-14', 453, 'P123', 41),
(0,'2024-05-21', 482, 'P071', 40),
(0,'2024-01-17', 318, 'P114', 16),
(0,'2024-01-31', 615, 'P149', 41),
(0,'2024-01-19', 545, 'P139', 32),
(0,'2024-09-25', 833, 'P045', 5),
(0,'2024-01-22', 968, 'P116', 34),
(0,'2024-03-11', 982, 'P162', 45),
(0,'2024-07-14', 335, 'P015', 4),
(0,'2024-07-21', 409, 'P087', 33),
(0,'2024-11-20', 332, 'P080', 49),
(0,'2024-01-09', 422, 'P032', 14),
(0,'2024-02-01', 705, 'P069', 24),
(0,'2024-08-06', 107, 'P139', 31),
(0,'2024-03-14', 967, 'P077', 6),
(0,'2024-01-29', 420, 'P053', 20),
(0,'2024-11-15', 201, 'P014', 1),
(0,'2024-05-27', 595, 'P134', 32),
(0,'2024-02-04', 909, 'P186', 12),
(0,'2024-06-15', 909, 'P169', 47),
(0,'2024-07-16', 924, 'P165', 34),
(0,'2024-03-20', 766, 'P008', 33),
(0,'2024-11-24', 163, 'P069', 18),
(0,'2024-06-09', 954, 'P116', 27),
(0,'2024-10-31', 741, 'P163', 12),
(0,'2024-06-21', 658, 'P149', 6),
(0,'2024-09-13', 171, 'P007', 42),
(0,'2024-03-31', 59, 'P009', 21),
(0,'2024-08-11', 301, 'P066', 30),
(0,'2024-01-27', 288, 'P009', 29),
(0,'2024-07-24', 356, 'P078', 1),
(0,'2024-05-08', 857, 'P082', 39),
(0,'2024-02-28', 13, 'P087', 34),
(0,'2024-10-02', 165, 'P098', 24),
(0,'2024-09-01', 844, 'P083', 33),
(0,'2024-05-12', 136, 'P045', 20),
(0,'2024-06-17', 633, 'P004', 21),
(0,'2024-02-02', 589, 'P082', 20),
(0,'2024-02-27', 231, 'P076', 26),
(0,'2024-06-16', 989, 'P028', 29),
(0,'2024-05-07', 735, 'P153', 42),
(0,'2024-05-06', 318, 'P163', 48),
(0,'2024-02-18', 234, 'P018', 36),
(0,'2024-04-07', 226, 'P102', 16),
(0,'2024-02-29', 183, 'P082', 8),
(0,'2024-09-08', 666, 'P037', 17),
(0,'2024-02-08', 351, 'P182', 35),
(0,'2024-05-24', 908, 'P002', 35),
(0,'2024-03-08', 87, 'P106', 2),
(0,'2024-07-23', 213, 'P013', 37),
(0,'2024-12-03', 902, 'P033', 12),
(0,'2024-06-19', 235, 'P016', 40),
(0,'2024-01-16', 127, 'P167', 47),
(0,'2024-09-04', 485, 'P114', 10),
(0,'2024-10-30', 3, 'P022', 19),
(0,'2024-11-29', 365, 'P138', 46),
(0,'2024-08-06', 266, 'P148', 1),
(0,'2024-03-07', 778, 'P058', 6),
(0,'2024-09-08', 839, 'P019', 34),
(0,'2024-08-26', 283, 'P157', 9),
(0,'2024-06-10', 564, 'P153', 29),
(0,'2024-11-01', 701, 'P085', 28),
(0,'2024-12-01', 457, 'P012', 8),
(0,'2024-01-24', 672, 'P042', 5),
(0,'2024-10-07', 875, 'P093', 4),
(0,'2024-05-18', 910, 'P153', 7),
(0,'2024-02-09', 280, 'P186', 32),
(0,'2024-05-16', 3, 'P026', 19),
(0,'2024-07-05', 309, 'P067', 20),
(0,'2024-12-22', 237, 'P070', 23),
(0,'2024-10-12', 198, 'P092', 34),
(0,'2024-11-30', 577, 'P114', 39),
(0,'2024-08-16', 659, 'P098', 37),
(0,'2024-08-18', 863, 'P144', 45),
(0,'2024-06-08', 468, 'P073', 6),
(0,'2024-07-31', 112, 'P003', 29),
(0,'2024-03-14', 309, 'P120', 35),
(0,'2024-09-21', 394, 'P092', 16),
(0,'2024-06-06', 183, 'P175', 24),
(0,'2024-02-27', 388, 'P193', 11),
(0,'2024-10-05', 20, 'P020', 35),
(0,'2024-04-04', 905, 'P149', 44),
(0,'2024-02-25', 478, 'P019', 30),
(0,'2024-10-18', 435, 'P143', 6),
(0,'2024-08-04', 835, 'P126', 13),
(0,'2024-08-13', 687, 'P158', 11),
(0,'2024-11-04', 624, 'P050', 7),
(0,'2024-06-14', 218, 'P028', 41),
(0,'2024-12-25', 726, 'P050', 49),
(0,'2024-01-03', 248, 'P082', 2),
(0,'2024-07-21', 71, 'P146', 9),
(0,'2024-04-22', 474, 'P059', 11),
(0,'2024-09-23', 957, 'P180', 34),
(0,'2024-04-06', 641, 'P054', 48),
(0,'2024-01-16', 538, 'P147', 23),
(0,'2024-09-10', 990, 'P134', 8),
(0,'2024-07-04', 885, 'P200', 37),
(0,'2024-02-10', 202, 'P077', 32),
(0,'2024-08-20', 950, 'P133', 8),
(0,'2024-06-04', 990, 'P066', 25),
(0,'2024-09-24', 127, 'P125', 46),
(0,'2024-12-19', 523, 'P146', 34),
(0,'2024-06-29', 550, 'P039', 41),
(0,'2024-01-18', 456, 'P106', 8),
(0,'2024-12-05', 697, 'P166', 25),
(0,'2024-10-07', 133, 'P169', 1),
(0,'2024-12-11', 795, 'P026', 15),
(0,'2024-11-27', 890, 'P089', 45),
(0,'2024-09-11', 947, 'P046', 29),
(0,'2024-12-16', 313, 'P135', 48),
(0,'2024-12-04', 738, 'P005', 40),
(0,'2024-07-05', 484, 'P095', 2),
(0,'2024-12-30', 858, 'P038', 25),
(0,'2024-06-02', 221, 'P099', 49),
(0,'2024-05-28', 715, 'P172', 14),
(0,'2024-06-30', 605, 'P057', 2),
(0,'2024-12-18', 660, 'P181', 49),
(0,'2024-11-22', 69, 'P132', 33),
(0,'2024-02-28', 819, 'P058', 11),
(0,'2024-03-26', 267, 'P017', 5),
(0,'2024-10-07', 479, 'P068', 24),
(0,'2024-01-19', 126, 'P138', 33),
(0,'2024-12-10', 269, 'P157', 48),
(0,'2024-05-27', 211, 'P094', 30),
(0,'2024-07-23', 492, 'P121', 9),
(0,'2024-02-18', 685, 'P185', 29),
(0,'2024-10-24', 726, 'P024', 15),
(0,'2024-04-29', 485, 'P136', 50),
(0,'2024-06-07', 502, 'P047', 40),
(0,'2024-04-11', 402, 'P068', 45),
(0,'2024-06-01', 342, 'P136', 7),
(0,'2024-12-22', 760, 'P057', 6),
(0,'2024-07-04', 840, 'P059', 37),
(0,'2024-06-22', 181, 'P061', 41),
(0,'2024-10-26', 61, 'P025', 24),
(0,'2024-10-11', 252, 'P102', 37),
(0,'2024-07-27', 105, 'P061', 47),
(0,'2024-10-28', 664, 'P041', 49),
(0,'2024-03-08', 455, 'P001', 27),
(0,'2024-02-22', 270, 'P109', 26),
(0,'2024-12-07', 789, 'P027', 21),
(0,'2024-04-02', 847, 'P006', 40),
(0,'2024-11-16', 635, 'P057', 10),
(0,'2024-05-09', 486, 'P014', 42),
(0,'2024-02-04', 282, 'P166', 24),
(0,'2024-07-08', 752, 'P014', 17),
(0,'2024-12-20', 474, 'P179', 3),
(0,'2024-03-17', 755, 'P154', 40),
(0,'2024-01-15', 565, 'P047', 41),
(0,'2024-11-24', 138, 'P156', 6),
(0,'2024-04-26', 12, 'P200', 16),
(0,'2024-12-22', 387, 'P187', 28),
(0,'2024-10-12', 5, 'P181', 32),
(0,'2024-12-31', 939, 'P044', 2),
(0,'2024-11-25', 902, 'P157', 23),
(0,'2024-01-20', 626, 'P059', 32),
(0,'2024-10-09', 134, 'P185', 5),
(0,'2024-08-20', 29, 'P123', 41),
(0,'2024-09-18', 817, 'P197', 2),
(0,'2024-10-19', 828, 'P032', 7),
(0,'2024-07-20', 846, 'P074', 29),
(0,'2024-08-31', 754, 'P042', 2),
(0,'2024-07-13', 827, 'P143', 11),
(0,'2024-09-02', 68, 'P064', 13),
(0,'2024-06-04', 465, 'P187', 25),
(0,'2024-07-30', 846, 'P133', 18),
(0,'2024-04-30', 46, 'P198', 32),
(0,'2024-08-15', 279, 'P142', 40),
(0,'2024-03-15', 171, 'P128', 2),
(0,'2024-08-22', 656, 'P110', 34),
(0,'2024-11-16', 363, 'P105', 1),
(0,'2024-01-29', 314, 'P106', 33),
(0,'2024-06-21', 889, 'P085', 27),
(0,'2024-03-07', 348, 'P010', 47),
(0,'2024-07-23', 219, 'P093', 35),
(0,'2024-10-26', 798, 'P074', 1),
(0,'2024-07-23', 405, 'P066', 13),
(0,'2024-05-08', 529, 'P093', 39),
(0,'2024-02-07', 165, 'P027', 46),
(0,'2024-09-07', 46, 'P004', 29),
(0,'2024-08-25', 959, 'P049', 31),
(0,'2024-09-28', 280, 'P188', 43),
(0,'2024-08-29', 53, 'P078', 19),
(0,'2024-02-09', 679, 'P114', 49),
(0,'2024-07-17', 558, 'P074', 29),
(0,'2024-01-10', 65, 'P175', 17),
(0,'2024-10-14', 297, 'P195', 7),
(0,'2024-02-24', 979, 'P004', 49),
(0,'2024-04-18', 83, 'P185', 10),
(0,'2024-08-06', 557, 'P030', 39),
(0,'2024-08-27', 229, 'P084', 40),
(0,'2024-07-17', 856, 'P097', 10),
(0,'2024-06-07', 974, 'P064', 34),
(0,'2024-11-24', 671, 'P070', 2),
(0,'2024-01-12', 136, 'P024', 25),
(0,'2024-11-29', 481, 'P048', 9),
(0,'2024-07-13', 411, 'P122', 29),
(0,'2024-11-22', 184, 'P011', 26),
(0,'2024-08-25', 47, 'P166', 44),
(0,'2024-11-02', 16, 'P012', 24),
(0,'2024-01-14', 101, 'P184', 50),
(0,'2024-08-31', 799, 'P118', 49),
(0,'2024-07-19', 557, 'P004', 31),
(0,'2024-06-02', 170, 'P076', 14),
(0,'2024-05-09', 502, 'P061', 40),
(0,'2024-05-22', 169, 'P027', 43),
(0,'2024-10-11', 117, 'P001', 47),
(0,'2024-10-20', 313, 'P012', 6),
(0,'2024-09-22', 418, 'P082', 13),
(0,'2024-03-30', 19, 'P071', 19),
(0,'2024-04-26', 866, 'P122', 34),
(0,'2024-06-21', 671, 'P137', 11),
(0,'2024-07-09', 771, 'P075', 46),
(0,'2024-03-05', 138, 'P147', 16),
(0,'2024-06-09', 945, 'P158', 43),
(0,'2024-07-09', 807, 'P157', 30),
(0,'2024-03-03', 143, 'P111', 46),
(0,'2024-11-21', 233, 'P106', 43),
(0,'2024-12-10', 303, 'P145', 44),
(0,'2024-12-04', 539, 'P027', 7),
(0,'2024-05-04', 467, 'P009', 47),
(0,'2024-03-03', 967, 'P174', 26),
(0,'2024-11-12', 791, 'P196', 13),
(0,'2024-08-06', 472, 'P200', 30),
(0,'2024-10-08', 680, 'P022', 38),
(0,'2024-10-23', 137, 'P002', 10),
(0,'2024-05-04', 171, 'P076', 1),
(0,'2024-04-01', 116, 'P169', 10),
(0,'2024-02-17', 572, 'P083', 41),
(0,'2024-06-20', 50, 'P054', 47),
(0,'2024-02-24', 468, 'P020', 34),
(0,'2024-12-18', 597, 'P169', 23),
(0,'2024-12-11', 941, 'P062', 15),
(0,'2024-02-14', 928, 'P100', 47),
(0,'2024-12-23', 985, 'P060', 1),
(0,'2024-09-10', 975, 'P148', 25),
(0,'2024-05-11', 878, 'P081', 34),
(0,'2024-05-07', 712, 'P055', 48),
(0,'2024-10-23', 803, 'P150', 12),
(0,'2024-12-01', 381, 'P017', 12),
(0,'2024-07-17', 584, 'P199', 22),
(0,'2024-05-15', 345, 'P169', 3),
(0,'2024-06-14', 612, 'P051', 45),
(0,'2024-07-19', 28, 'P167', 49),
(0,'2024-04-07', 703, 'P018', 26),
(0,'2024-11-17', 855, 'P183', 37),
(0,'2024-08-15', 709, 'P089', 40),
(0,'2024-06-17', 746, 'P196', 49),
(0,'2024-11-27', 27, 'P093', 44),
(0,'2024-06-08', 167, 'P008', 41),
(0,'2024-04-02', 196, 'P105', 29),
(0,'2024-11-21', 98, 'P103', 34),
(0,'2024-11-25', 79, 'P188', 4),
(0,'2024-12-27', 87, 'P151', 48),
(0,'2024-01-31', 30, 'P084', 40),
(0,'2024-10-03', 552, 'P108', 42),
(0,'2024-10-02', 918, 'P117', 18),
(0,'2024-11-11', 310, 'P005', 40),
(0,'2024-07-19', 748, 'P145', 50),
(0,'2024-01-31', 132, 'P182', 13),
(0,'2024-08-02', 523, 'P041', 27),
(0,'2024-10-22', 702, 'P081', 18),
(0,'2024-06-28', 9, 'P120', 14),
(0,'2024-07-05', 95, 'P073', 27),
(0,'2024-08-12', 917, 'P117', 40),
(0,'2024-12-19', 284, 'P123', 50),
(0,'2024-04-04', 559, 'P033', 24),
(0,'2024-12-14', 691, 'P169', 11),
(0,'2024-08-26', 204, 'P171', 8),
(0,'2024-11-19', 291, 'P068', 23),
(0,'2024-07-31', 234, 'P056', 11),
(0,'2024-06-04', 553, 'P103', 45),
(0,'2024-01-14', 195, 'P006', 36),
(0,'2024-02-14', 734, 'P101', 38),
(0,'2024-01-10', 490, 'P021', 19),
(0,'2024-12-30', 45, 'P109', 30),
(0,'2024-06-21', 165, 'P058', 31),
(0,'2024-07-04', 272, 'P175', 11),
(0,'2024-05-21', 764, 'P006', 8),
(0,'2024-02-23', 387, 'P169', 23),
(0,'2024-12-28', 38, 'P077', 31),
(0,'2024-07-04', 76, 'P015', 15),
(0,'2024-12-04', 901, 'P130', 10),
(0,'2024-11-02', 393, 'P057', 3),
(0,'2024-07-04', 586, 'P102', 41),
(0,'2024-05-17', 593, 'P108', 1),
(0,'2024-12-22', 665, 'P195', 24),
(0,'2024-03-26', 241, 'P075', 41),
(0,'2024-09-10', 652, 'P143', 11),
(0,'2024-05-28', 159, 'P110', 48),
(0,'2024-11-29', 139, 'P156', 45),
(0,'2024-11-07', 378, 'P012', 16),
(0,'2024-09-29', 154, 'P099', 9),
(0,'2024-04-16', 891, 'P153', 34),
(0,'2024-11-05', 586, 'P196', 24),
(0,'2024-02-11', 613, 'P177', 15),
(0,'2024-12-12', 633, 'P024', 11),
(0,'2024-12-12', 666, 'P065', 13),
(0,'2024-01-23', 723, 'P186', 40),
(0,'2024-10-19', 595, 'P056', 29),
(0,'2024-12-18', 536, 'P043', 10),
(0,'2024-01-29', 399, 'P084', 26),
(0,'2024-03-22', 118, 'P131', 2),
(0,'2024-01-28', 217, 'P051', 33),
(0,'2024-01-04', 457, 'P049', 46),
(0,'2024-07-13', 188, 'P128', 47),
(0,'2024-05-19', 6, 'P141', 45),
(0,'2024-04-26', 364, 'P090', 39),
(0,'2024-02-25', 289, 'P082', 34),
(0,'2024-11-24', 301, 'P022', 2),
(0,'2024-11-21', 535, 'P044', 10),
(0,'2024-07-12', 522, 'P003', 25),
(0,'2024-02-23', 979, 'P160', 31),
(0,'2024-06-06', 684, 'P093', 23),
(0,'2024-10-06', 372, 'P157', 14),
(0,'2024-09-30', 502, 'P099', 24),
(0,'2024-09-21', 641, 'P129', 43),
(0,'2024-01-21', 925, 'P187', 18),
(0,'2024-06-28', 824, 'P048', 3),
(0,'2024-04-19', 941, 'P082', 29),
(0,'2024-11-03', 451, 'P190', 23),
(0,'2024-04-07', 404, 'P161', 21),
(0,'2024-08-09', 480, 'P091', 41),
(0,'2024-04-21', 603, 'P140', 49),
(0,'2024-02-11', 311, 'P047', 30),
(0,'2024-07-29', 462, 'P090', 5),
(0,'2024-03-26', 9, 'P092', 27),
(0,'2024-09-22', 490, 'P129', 16),
(0,'2024-09-04', 438, 'P190', 16),
(0,'2024-06-26', 737, 'P140', 43),
(0,'2024-04-24', 799, 'P144', 11),
(0,'2024-11-20', 906, 'P014', 1),
(0,'2024-08-16', 978, 'P078', 14),
(0,'2024-07-11', 757, 'P001', 49),
(0,'2024-01-01', 636, 'P060', 39),
(0,'2024-11-26', 486, 'P075', 28),
(0,'2024-03-29', 286, 'P086', 11),
(0,'2024-06-26', 262, 'P012', 39),
(0,'2024-08-17', 322, 'P005', 15),
(0,'2024-04-18', 627, 'P029', 37),
(0,'2024-07-11', 507, 'P187', 15),
(0,'2024-11-02', 238, 'P021', 41),
(0,'2024-06-20', 702, 'P026', 14),
(0,'2024-01-02', 896, 'P079', 16),
(0,'2024-02-01', 913, 'P038', 43),
(0,'2024-11-27', 37, 'P122', 47),
(0,'2024-12-20', 447, 'P148', 42),
(0,'2024-10-26', 708, 'P095', 33),
(0,'2024-06-02', 721, 'P145', 20),
(0,'2024-05-31', 964, 'P017', 43),
(0,'2024-04-26', 661, 'P103', 14),
(0,'2024-09-28', 842, 'P065', 49),
(0,'2024-11-13', 701, 'P110', 29),
(0,'2024-06-20', 572, 'P005', 26),
(0,'2024-11-21', 90, 'P053', 44),
(0,'2024-10-25', 261, 'P063', 42),
(0,'2024-07-27', 56, 'P114', 26),
(0,'2024-12-21', 638, 'P064', 47),
(0,'2024-01-03', 23, 'P189', 35),
(0,'2024-01-05', 385, 'P036', 26),
(0,'2024-12-07', 471, 'P170', 1),
(0,'2024-03-14', 587, 'P001', 35),
(0,'2024-07-26', 958, 'P153', 13),
(0,'2024-04-10', 493, 'P014', 6),
(0,'2024-08-02', 657, 'P084', 38),
(0,'2024-07-09', 533, 'P174', 6),
(0,'2024-02-07', 84, 'P130', 37),
(0,'2024-10-25', 382, 'P006', 34),
(0,'2024-02-20', 801, 'P167', 37),
(0,'2024-09-11', 147, 'P173', 7),
(0,'2024-05-04', 616, 'P069', 26),
(0,'2024-06-14', 246, 'P047', 21),
(0,'2024-01-30', 768, 'P134', 36),
(0,'2024-04-07', 721, 'P064', 3),
(0,'2024-08-25', 311, 'P101', 34),
(0,'2024-08-14', 149, 'P076', 44),
(0,'2024-10-15', 117, 'P098', 4),
(0,'2024-02-21', 667, 'P061', 42),
(0,'2024-03-19', 20, 'P172', 5),
(0,'2024-12-19', 757, 'P029', 48),
(0,'2024-05-27', 61, 'P181', 23),
(0,'2024-09-17', 922, 'P169', 44),
(0,'2024-04-12', 694, 'P052', 14),
(0,'2024-10-22', 331, 'P072', 12),
(0,'2024-05-25', 774, 'P196', 10),
(0,'2024-05-21', 567, 'P005', 6),
(0,'2024-08-29', 343, 'P081', 4),
(0,'2024-09-04', 774, 'P185', 45),
(0,'2024-10-11', 777, 'P161', 3),
(0,'2024-08-14', 447, 'P013', 15),
(0,'2024-12-22', 740, 'P056', 44),
(0,'2024-08-17', 261, 'P007', 33),
(0,'2024-05-05', 430, 'P014', 43),
(0,'2024-09-16', 440, 'P029', 43),
(0,'2024-12-01', 456, 'P110', 3),
(0,'2024-10-31', 809, 'P090', 18),
(0,'2024-04-14', 83, 'P016', 40),
(0,'2024-02-22', 401, 'P134', 43),
(0,'2024-10-29', 201, 'P103', 32),
(0,'2024-11-07', 315, 'P156', 47),
(0,'2024-01-05', 132, 'P078', 3),
(0,'2024-08-06', 996, 'P009', 9),
(0,'2024-08-02', 905, 'P039', 38),
(0,'2024-08-06', 786, 'P094', 6),
(0,'2024-06-05', 408, 'P154', 21),
(0,'2024-12-09', 939, 'P178', 48),
(0,'2024-09-09', 488, 'P048', 5),
(0,'2024-10-03', 527, 'P018', 34),
(0,'2024-08-06', 119, 'P162', 38),
(0,'2024-09-11', 963, 'P026', 41),
(0,'2024-07-28', 135, 'P038', 48),
(0,'2024-09-21', 474, 'P183', 9),
(0,'2024-02-12', 32, 'P138', 15),
(0,'2024-09-05', 768, 'P035', 47),
(0,'2024-02-05', 930, 'P030', 26),
(0,'2024-03-21', 433, 'P126', 34),
(0,'2024-06-30', 636, 'P127', 47),
(0,'2024-09-13', 126, 'P075', 16),
(0,'2024-05-24', 822, 'P002', 18),
(0,'2024-05-17', 85, 'P011', 17),
(0,'2024-11-21', 841, 'P069', 12),
(0,'2024-08-13', 309, 'P185', 27),
(0,'2024-01-17', 436, 'P006', 32),
(0,'2024-12-28', 186, 'P134', 43),
(0,'2024-09-06', 241, 'P041', 26),
(0,'2024-06-16', 769, 'P156', 18),
(0,'2024-09-12', 9, 'P014', 35),
(0,'2024-01-16', 487, 'P123', 40),
(0,'2024-07-18', 96, 'P194', 39),
(0,'2024-09-27', 591, 'P051', 8),
(0,'2024-03-08', 959, 'P042', 42),
(0,'2024-10-05', 634, 'P166', 14),
(0,'2024-06-22', 39, 'P102', 20),
(0,'2024-02-22', 247, 'P177', 46),
(0,'2024-11-09', 798, 'P134', 5),
(0,'2024-09-21', 316, 'P115', 33),
(0,'2024-04-08', 579, 'P053', 14),
(0,'2024-05-08', 300, 'P187', 26),
(0,'2024-11-06', 442, 'P090', 48),
(0,'2024-04-23', 580, 'P049', 24),
(0,'2024-01-08', 680, 'P172', 9),
(0,'2024-05-01', 518, 'P092', 48),
(0,'2024-08-10', 892, 'P178', 19),
(0,'2024-12-13', 488, 'P090', 39),
(0,'2024-01-21', 106, 'P126', 43),
(0,'2024-11-29', 932, 'P007', 46),
(0,'2024-05-22', 244, 'P071', 24),
(0,'2024-01-24', 833, 'P037', 50),
(0,'2024-03-19', 491, 'P075', 35),
(0,'2024-06-15', 277, 'P042', 24),
(0,'2024-06-15', 181, 'P108', 4),
(0,'2024-04-06', 714, 'P122', 20),
(0,'2024-08-09', 438, 'P049', 43),
(0,'2024-06-25', 71, 'P028', 47),
(0,'2024-12-10', 203, 'P142', 39),
(0,'2024-02-11', 849, 'P138', 10),
(0,'2024-06-16', 782, 'P161', 4),
(0,'2024-03-31', 553, 'P042', 14),
(0,'2024-03-11', 836, 'P097', 8),
(0,'2024-06-17', 461, 'P173', 14),
(0,'2024-06-27', 158, 'P070', 8),
(0,'2024-04-15', 940, 'P031', 40),
(0,'2024-06-08', 6, 'P153', 22),
(0,'2024-10-04', 751, 'P178', 19),
(0,'2024-08-01', 508, 'P065', 42),
(0,'2024-03-24', 935, 'P089', 9),
(0,'2024-08-10', 908, 'P004', 36),
(0,'2024-10-02', 120, 'P111', 34),
(0,'2024-10-23', 322, 'P083', 29),
(0,'2024-10-15', 576, 'P145', 35),
(0,'2024-07-28', 676, 'P079', 50),
(0,'2024-09-03', 710, 'P079', 42),
(0,'2024-08-20', 563, 'P158', 12),
(0,'2024-08-15', 659, 'P126', 10),
(0,'2024-02-06', 676, 'P011', 14),
(0,'2024-06-24', 693, 'P167', 20),
(0,'2024-10-09', 261, 'P139', 30),
(0,'2024-09-05', 899, 'P121', 7),
(0,'2024-03-26', 554, 'P065', 6),
(0,'2024-05-19', 929, 'P123', 47),
(0,'2024-05-24', 598, 'P110', 17),
(0,'2024-05-24', 914, 'P122', 32),
(0,'2024-05-18', 608, 'P148', 28),
(0,'2024-01-19', 672, 'P110', 42),
(0,'2024-01-31', 624, 'P161', 42),
(0,'2024-03-24', 769, 'P087', 14),
(0,'2024-10-20', 907, 'P042', 17),
(0,'2024-01-21', 671, 'P034', 2),
(0,'2024-03-22', 517, 'P075', 31),
(0,'2024-11-26', 958, 'P044', 4),
(0,'2024-08-22', 99, 'P122', 24),
(0,'2024-01-17', 605, 'P034', 13),
(0,'2024-05-20', 348, 'P179', 6),
(0,'2024-06-20', 165, 'P186', 25),
(0,'2024-05-11', 414, 'P198', 27),
(0,'2024-04-29', 158, 'P088', 23),
(0,'2024-10-22', 885, 'P053', 49),
(0,'2024-01-30', 689, 'P104', 7),
(0,'2024-11-07', 687, 'P115', 38),
(0,'2024-09-18', 835, 'P153', 17),
(0,'2024-12-07', 254, 'P125', 5),
(0,'2024-11-07', 155, 'P152', 6),
(0,'2024-12-22', 13, 'P087', 20),
(0,'2024-09-08', 725, 'P183', 50),
(0,'2024-09-17', 480, 'P142', 19),
(0,'2024-09-10', 921, 'P170', 33),
(0,'2024-07-03', 136, 'P191', 39),
(0,'2024-06-19', 852, 'P044', 26),
(0,'2024-04-06', 653, 'P060', 20),
(0,'2024-01-10', 77, 'P083', 7),
(0,'2024-02-09', 174, 'P096', 13),
(0,'2024-03-26', 938, 'P178', 21),
(0,'2024-07-06', 113, 'P146', 34),
(0,'2024-03-30', 816, 'P099', 42),
(0,'2024-05-21', 507, 'P068', 13),
(0,'2024-10-03', 115, 'P067', 13),
(0,'2024-06-09', 825, 'P172', 9),
(0,'2024-11-10', 921, 'P172', 30),
(0,'2024-02-26', 444, 'P095', 49),
(0,'2024-01-05', 373, 'P094', 4),
(0,'2024-05-08', 404, 'P055', 20),
(0,'2024-11-01', 716, 'P048', 4),
(0,'2024-11-17', 618, 'P184', 46),
(0,'2024-05-04', 665, 'P062', 23),
(0,'2024-08-28', 903, 'P093', 30),
(0,'2024-04-16', 533, 'P131', 38),
(0,'2024-03-18', 204, 'P096', 43),
(0,'2024-11-20', 822, 'P101', 10),
(0,'2024-06-07', 952, 'P076', 23),
(0,'2024-10-01', 716, 'P088', 45),
(0,'2024-09-17', 439, 'P010', 11),
(0,'2024-01-21', 620, 'P010', 47),
(0,'2024-03-06', 865, 'P193', 6),
(0,'2024-10-26', 973, 'P081', 40),
(0,'2024-01-06', 347, 'P193', 5),
(0,'2024-03-07', 273, 'P027', 2),
(0,'2024-10-13', 636, 'P182', 23),
(0,'2024-11-22', 556, 'P070', 22),
(0,'2024-10-30', 930, 'P058', 50),
(0,'2024-04-29', 424, 'P115', 45),
(0,'2024-04-28', 778, 'P099', 26),
(0,'2024-08-15', 926, 'P124', 39),
(0,'2024-01-09', 115, 'P173', 41),
(0,'2024-05-01', 839, 'P128', 13),
(0,'2024-01-16', 978, 'P022', 41),
(0,'2024-11-08', 345, 'P058', 45),
(0,'2024-09-18', 699, 'P145', 37),
(0,'2024-07-13', 318, 'P158', 45),
(0,'2024-10-27', 942, 'P166', 50),
(0,'2024-02-07', 668, 'P197', 30),
(0,'2024-06-22', 477, 'P128', 30),
(0,'2024-07-06', 284, 'P112', 16),
(0,'2024-05-28', 273, 'P182', 29),
(0,'2024-06-21', 784, 'P127', 38),
(0,'2024-12-13', 135, 'P191', 21),
(0,'2024-06-07', 467, 'P025', 14),
(0,'2024-10-12', 943, 'P198', 39),
(0,'2024-08-11', 781, 'P173', 2),
(0,'2024-09-27', 213, 'P166', 1),
(0,'2024-11-23', 353, 'P099', 23),
(0,'2024-04-25', 307, 'P163', 45),
(0,'2024-01-31', 813, 'P145', 2),
(0,'2024-05-31', 954, 'P121', 30),
(0,'2024-01-30', 148, 'P066', 1),
(0,'2024-08-21', 317, 'P182', 16),
(0,'2024-06-10', 177, 'P105', 20),
(0,'2024-01-16', 517, 'P017', 14),
(0,'2024-06-25', 568, 'P053', 14),
(0,'2024-06-26', 347, 'P141', 42),
(0,'2024-07-10', 263, 'P033', 13),
(0,'2024-02-07', 410, 'P170', 13),
(0,'2024-11-05', 497, 'P082', 12),
(0,'2024-05-02', 85, 'P078', 8),
(0,'2024-04-24', 259, 'P078', 16),
(0,'2024-02-17', 548, 'P076', 9),
(0,'2024-02-17', 128, 'P125', 32),
(0,'2024-10-06', 481, 'P002', 33),
(0,'2024-10-27', 850, 'P099', 42),
(0,'2024-06-19', 735, 'P138', 5),
(0,'2024-10-26', 506, 'P022', 31),
(0,'2024-10-21', 324, 'P111', 16),
(0,'2024-06-12', 300, 'P097', 39),
(0,'2024-08-19', 482, 'P095', 12),
(0,'2024-05-23', 317, 'P041', 46),
(0,'2024-10-07', 377, 'P007', 14),
(0,'2024-01-30', 222, 'P127', 26),
(0,'2024-10-21', 916, 'P035', 34),
(0,'2024-04-13', 944, 'P151', 31),
(0,'2024-09-17', 771, 'P075', 13),
(0,'2024-07-19', 954, 'P084', 44),
(0,'2024-09-09', 64, 'P078', 29),
(0,'2024-07-10', 992, 'P182', 10),
(0,'2024-04-10', 666, 'P064', 49),
(0,'2024-06-26', 183, 'P098', 25),
(0,'2024-06-29', 187, 'P164', 42),
(0,'2024-06-10', 990, 'P016', 38),
(0,'2024-09-15', 855, 'P001', 49),
(0,'2024-10-30', 326, 'P188', 44),
(0,'2024-11-26', 852, 'P001', 2),
(0,'2024-06-21', 82, 'P054', 15),
(0,'2024-07-28', 424, 'P021', 6),
(0,'2024-11-06', 364, 'P052', 1),
(0,'2024-07-13', 26, 'P003', 18),
(0,'2024-09-10', 356, 'P039', 49),
(0,'2024-08-03', 898, 'P185', 11),
(0,'2024-08-27', 976, 'P127', 3),
(0,'2024-03-28', 978, 'P067', 37),
(0,'2024-09-18', 590, 'P059', 26),
(0,'2024-04-27', 532, 'P018', 40),
(0,'2024-03-17', 306, 'P055', 41),
(0,'2024-05-27', 912, 'P007', 40),
(0,'2024-10-17', 544, 'P175', 1),
(0,'2024-02-28', 448, 'P116', 2),
(0,'2024-08-18', 158, 'P168', 41),
(0,'2024-05-22', 228, 'P090', 32),
(0,'2024-03-15', 395, 'P010', 6),
(0,'2024-10-12', 85, 'P151', 4),
(0,'2024-05-10', 29, 'P108', 13),
(0,'2024-04-10', 296, 'P178', 21),
(0,'2024-05-29', 698, 'P050', 16),
(0,'2024-05-25', 666, 'P017', 48),
(0,'2024-02-23', 490, 'P043', 10),
(0,'2024-04-25', 793, 'P196', 48),
(0,'2024-02-08', 694, 'P009', 29),
(0,'2024-01-30', 859, 'P114', 33),
(0,'2024-06-09', 803, 'P193', 45),
(0,'2024-12-20', 137, 'P147', 17),
(0,'2024-05-25', 320, 'P110', 10),
(0,'2024-09-15', 415, 'P102', 22),
(0,'2024-10-25', 378, 'P054', 42),
(0,'2024-05-19', 39, 'P118', 20),
(0,'2024-05-06', 38, 'P096', 23),
(0,'2024-09-29', 37, 'P145', 27),
(0,'2024-05-17', 989, 'P062', 39),
(0,'2024-04-13', 117, 'P174', 4),
(0,'2024-08-07', 252, 'P184', 4),
(0,'2024-09-30', 420, 'P040', 9),
(0,'2024-10-03', 704, 'P157', 31),
(0,'2024-11-24', 680, 'P010', 50),
(0,'2024-11-27', 528, 'P003', 2),
(0,'2024-12-02', 613, 'P106', 39),
(0,'2024-12-18', 469, 'P042', 38),
(0,'2024-03-27', 945, 'P050', 7),
(0,'2024-09-15', 9, 'P142', 9),
(0,'2024-03-01', 643, 'P018', 31),
(0,'2024-06-15', 816, 'P103', 31),
(0,'2024-04-14', 648, 'P113', 5),
(0,'2024-09-07', 93, 'P182', 44),
(0,'2024-07-08', 462, 'P114', 6),
(0,'2024-05-16', 164, 'P182', 5),
(0,'2024-04-29', 437, 'P093', 33),
(0,'2024-06-02', 797, 'P033', 46),
(0,'2024-07-02', 623, 'P002', 44),
(0,'2024-04-03', 485, 'P197', 37),
(0,'2024-01-20', 975, 'P011', 8),
(0,'2024-11-03', 789, 'P039', 48),
(0,'2024-11-29', 762, 'P174', 11),
(0,'2024-09-04', 197, 'P163', 13),
(0,'2024-06-15', 779, 'P094', 14),
(0,'2024-12-09', 982, 'P190', 50),
(0,'2024-05-07', 694, 'P038', 15),
(0,'2024-12-10', 785, 'P085', 2),
(0,'2024-07-01', 82, 'P179', 32),
(0,'2024-06-16', 430, 'P090', 40),
(0,'2024-11-06', 925, 'P116', 7),
(0,'2024-09-12', 317, 'P070', 18),
(0,'2024-05-06', 716, 'P095', 48),
(0,'2024-06-13', 659, 'P068', 49),
(0,'2024-02-26', 397, 'P109', 6),
(0,'2024-10-28', 690, 'P091', 12),
(0,'2024-09-27', 579, 'P135', 50),
(0,'2024-12-08', 491, 'P198', 6),
(0,'2024-06-09', 27, 'P147', 46),
(0,'2024-09-16', 374, 'P148', 38),
(0,'2024-07-21', 114, 'P072', 15),
(0,'2024-03-19', 346, 'P154', 2),
(0,'2024-03-27', 995, 'P067', 39),
(0,'2024-02-22', 231, 'P141', 34),
(0,'2024-06-18', 883, 'P063', 14),
(0,'2024-07-31', 777, 'P176', 10),
(0,'2024-12-28', 840, 'P048', 48),
(0,'2024-08-03', 48, 'P188', 28),
(0,'2024-06-20', 806, 'P139', 15),
(0,'2024-03-19', 672, 'P010', 21),
(0,'2024-11-18', 686, 'P180', 5),
(0,'2024-10-13', 455, 'P156', 15),
(0,'2024-03-13', 553, 'P199', 27),
(0,'2024-02-24', 533, 'P028', 29),
(0,'2024-11-25', 455, 'P177', 27),
(0,'2024-09-06', 506, 'P137', 13),
(0,'2024-09-25', 168, 'P002', 29),
(0,'2024-07-28', 127, 'P144', 45),
(0,'2024-06-12', 726, 'P137', 2),
(0,'2024-11-29', 92, 'P100', 23),
(0,'2024-10-27', 897, 'P198', 1),
(0,'2024-12-23', 513, 'P106', 13),
(0,'2024-03-19', 856, 'P100', 32),
(0,'2024-09-04', 423, 'P024', 33),
(0,'2024-07-10', 527, 'P141', 47),
(0,'2024-02-12', 931, 'P025', 41),
(0,'2024-11-16', 61, 'P105', 44),
(0,'2024-09-24', 344, 'P176', 25),
(0,'2024-03-03', 722, 'P180', 5),
(0,'2024-06-29', 779, 'P133', 31),
(0,'2024-11-26', 564, 'P147', 17),
(0,'2024-04-04', 668, 'P063', 29),
(0,'2024-11-13', 143, 'P025', 25),
(0,'2024-08-04', 819, 'P174', 42),
(0,'2024-04-13', 333, 'P146', 15),
(0,'2024-11-17', 657, 'P181', 36),
(0,'2024-07-20', 759, 'P063', 6),
(0,'2024-05-15', 231, 'P113', 4),
(0,'2024-04-18', 505, 'P131', 36),
(0,'2024-11-20', 148, 'P121', 49),
(0,'2024-04-21', 254, 'P023', 47),
(0,'2024-12-04', 501, 'P110', 25),
(0,'2024-08-29', 643, 'P188', 24),
(0,'2024-07-02', 898, 'P145', 13),
(0,'2024-08-01', 910, 'P172', 47),
(0,'2024-12-28', 618, 'P141', 47),
(0,'2024-05-26', 269, 'P006', 31),
(0,'2024-12-30', 351, 'P094', 49),
(0,'2024-01-23', 917, 'P095', 18),
(0,'2024-05-11', 473, 'P122', 8),
(0,'2024-08-25', 358, 'P167', 41),
(0,'2024-06-20', 925, 'P148', 39),
(0,'2024-12-21', 283, 'P070', 24),
(0,'2024-10-31', 664, 'P122', 6),
(0,'2024-07-26', 552, 'P131', 13),
(0,'2024-07-24', 361, 'P004', 7),
(0,'2024-11-13', 253, 'P049', 29),
(0,'2024-04-05', 531, 'P154', 3),
(0,'2024-06-08', 710, 'P081', 10),
(0,'2024-10-06', 396, 'P142', 43),
(0,'2024-08-15', 750, 'P030', 43),
(0,'2024-11-28', 423, 'P012', 27),
(0,'2024-02-13', 40, 'P114', 20),
(0,'2024-04-15', 652, 'P106', 46),
(0,'2024-02-29', 317, 'P125', 27),
(0,'2024-02-26', 709, 'P104', 34),
(0,'2024-12-29', 549, 'P119', 31),
(0,'2024-03-13', 400, 'P047', 44),
(0,'2024-11-11', 549, 'P161', 26),
(0,'2024-06-22', 803, 'P179', 26),
(0,'2024-07-11', 20, 'P057', 16),
(0,'2024-03-23', 619, 'P158', 33),
(0,'2024-01-25', 71, 'P124', 26),
(0,'2024-09-22', 647, 'P041', 8),
(0,'2024-06-09', 7, 'P144', 5),
(0,'2024-04-30', 884, 'P194', 18),
(0,'2024-04-09', 152, 'P069', 43),
(0,'2024-04-06', 661, 'P172', 2),
(0,'2024-04-09', 83, 'P087', 17),
(0,'2024-03-03', 394, 'P114', 49),
(0,'2024-02-05', 151, 'P005', 4),
(0,'2024-07-19', 396, 'P039', 29),
(0,'2024-12-14', 963, 'P188', 12),
(0,'2024-03-26', 682, 'P008', 41),
(0,'2024-04-19', 590, 'P170', 39),
(0,'2024-09-13', 964, 'P145', 3),
(0,'2024-10-02', 957, 'P174', 23),
(0,'2024-12-27', 653, 'P098', 10),
(0,'2024-09-13', 391, 'P090', 41),
(0,'2024-01-05', 157, 'P112', 48),
(0,'2024-10-05', 804, 'P037', 50),
(0,'2024-06-28', 900, 'P128', 40),
(0,'2024-10-18', 867, 'P079', 28),
(0,'2024-12-01', 118, 'P042', 18),
(0,'2024-09-01', 10, 'P141', 13),
(0,'2024-11-07', 20, 'P066', 14),
(0,'2024-01-02', 435, 'P060', 38),
(0,'2024-11-21', 59, 'P128', 26),
(0,'2024-01-06', 361, 'P018', 3),
(0,'2024-03-02', 641, 'P050', 10),
(0,'2024-06-27', 278, 'P137', 27),
(0,'2024-10-04', 130, 'P116', 47),
(0,'2024-05-18', 623, 'P122', 13),
(0,'2024-01-25', 689, 'P035', 8),
(0,'2024-07-26', 975, 'P119', 29),
(0,'2024-05-03', 323, 'P106', 12),
(0,'2024-05-13', 631, 'P054', 39),
(0,'2024-12-31', 287, 'P159', 16),
(0,'2024-05-05', 950, 'P053', 17),
(0,'2024-07-04', 299, 'P164', 3),
(0,'2024-12-22', 210, 'P187', 48),
(0,'2024-02-10', 340, 'P118', 23),
(0,'2024-04-19', 939, 'P038', 39),
(0,'2024-04-12', 274, 'P097', 26),
(0,'2024-07-24', 76, 'P017', 1),
(0,'2024-04-09', 119, 'P128', 33),
(0,'2024-07-28', 78, 'P010', 40),
(0,'2024-11-27', 699, 'P084', 35),
(0,'2024-05-08', 278, 'P096', 28),
(0,'2024-10-14', 976, 'P145', 13),
(0,'2024-03-14', 668, 'P023', 15),
(0,'2024-03-01', 40, 'P021', 48),
(0,'2024-10-09', 828, 'P057', 7),
(0,'2024-10-07', 221, 'P144', 17),
(0,'2024-09-02', 9, 'P199', 29),
(0,'2024-11-29', 880, 'P089', 10),
(0,'2024-02-29', 373, 'P185', 31),
(0,'2024-07-18', 818, 'P176', 9),
(0,'2024-02-15', 756, 'P031', 42),
(0,'2024-09-07', 863, 'P131', 48),
(0,'2024-12-03', 971, 'P043', 9),
(0,'2024-10-18', 873, 'P015', 40),
(0,'2024-04-02', 961, 'P010', 32),
(0,'2024-10-31', 617, 'P173', 40),
(0,'2024-05-28', 102, 'P160', 32),
(0,'2024-07-21', 61, 'P158', 45),
(0,'2024-09-16', 209, 'P194', 50),
(0,'2024-03-29', 289, 'P133', 12),
(0,'2024-01-04', 588, 'P108', 12),
(0,'2024-10-20', 972, 'P128', 20),
(0,'2024-08-29', 402, 'P146', 33),
(0,'2024-09-23', 201, 'P118', 27),
(0,'2024-03-18', 863, 'P083', 31),
(0,'2024-04-26', 20, 'P146', 50),
(0,'2024-10-06', 678, 'P169', 46),
(0,'2024-11-24', 212, 'P151', 41),
(0,'2024-04-04', 314, 'P029', 42),
(0,'2024-08-27', 308, 'P177', 23),
(0,'2024-02-26', 438, 'P136', 43),
(0,'2024-08-31', 931, 'P152', 50),
(0,'2024-10-20', 324, 'P158', 3),
(0,'2024-01-13', 834, 'P018', 30),
(0,'2024-08-29', 155, 'P117', 33),
(0,'2024-04-20', 450, 'P020', 2),
(0,'2024-12-13', 271, 'P063', 47),
(0,'2024-09-04', 153, 'P120', 10),
(0,'2024-03-31', 152, 'P086', 32),
(0,'2024-11-23', 435, 'P167', 38),
(0,'2024-08-22', 666, 'P005', 39),
(0,'2024-11-17', 245, 'P008', 30),
(0,'2024-06-02', 671, 'P192', 49),
(0,'2024-06-14', 127, 'P175', 41),
(0,'2024-10-05', 822, 'P023', 37),
(0,'2024-04-01', 991, 'P147', 33),
(0,'2024-11-04', 872, 'P122', 2),
(0,'2024-10-14', 222, 'P151', 33),
(0,'2024-12-26', 49, 'P157', 27),
(0,'2024-09-13', 91, 'P103', 38),
(0,'2024-11-12', 564, 'P085', 26),
(0,'2024-05-11', 684, 'P165', 24),
(0,'2024-08-12', 127, 'P168', 3),
(0,'2024-02-02', 68, 'P057', 22),
(0,'2024-11-05', 85, 'P134', 35),
(0,'2024-03-10', 608, 'P042', 42),
(0,'2024-12-14', 130, 'P046', 37),
(0,'2024-12-16', 382, 'P025', 40),
(0,'2024-08-14', 413, 'P113', 3),
(0,'2024-05-23', 306, 'P019', 2),
(0,'2024-02-10', 140, 'P031', 39),
(0,'2024-02-07', 876, 'P061', 35),
(0,'2024-06-29', 250, 'P065', 49),
(0,'2024-07-08', 235, 'P056', 34),
(0,'2024-07-02', 434, 'P116', 48);